date,temperature_2m_max,temperature_2m_min,wind_speed_10m_max,rain_sum,precipitation_hours,rain
2015-01-01 03:00:00+00:00,4.389,0.93899995,23.675303,0.0,0.0,0.0
2015-01-02 03:00:00+00:00,7.489,3.1890001,30.472675,2.4,5.0,0.0
2015-01-03 03:00:00+00:00,5.089,2.9390001,28.916763,0.2,1.0,0.0
2015-01-04 03:00:00+00:00,4.239,1.089,25.40743,0.0,0.0,0.0
2015-01-05 03:00:00+00:00,3.6890001,1.7390001,26.208395,5.4000006,17.0,0.2
2015-01-06 03:00:00+00:00,2.1890001,-0.51100004,19.406637,0.0,0.0,0.0
2015-01-07 03:00:00+00:00,4.689,-0.111,15.778516,0.6,5.0,0.0
2015-01-08 03:00:00+00:00,6.389,0.98899996,26.319422,10.4,12.0,0.0
2015-01-09 03:00:00+00:00,8.089,4.339,41.797222,3.2,7.0,0.0
2015-01-10 03:00:00+00:00,11.639,3.839,38.803257,5.1,8.0,0.6
2015-01-11 03:00:00+00:00,3.989,2.039,33.190357,2.4,9.0,0.0
2015-01-12 03:00:00+00:00,7.789,3.039,28.165257,3.2,13.0,0.0
2015-01-13 03:00:00+00:00,11.188999,7.689,27.288855,1.1,4.0,0.0
2015-01-14 03:00:00+00:00,7.339,1.789,26.368616,2.3,6.0,0.0
2015-01-15 03:00:00+00:00,9.289,0.139,26.302181,1.7,5.0,0.0
2015-01-16 03:00:00+00:00,9.039,4.139,19.453327,5.2,10.0,0.0
2015-01-17 03:00:00+00:00,4.539,-2.711,17.309973,1.5,3.0,0.9
2015-01-18 03:00:00+00:00,3.039,-3.211,12.181625,0.0,0.0,0.0
2015-01-19 03:00:00+00:00,2.889,-3.611,12.287555,0.0,0.0,0.0
2015-01-20 03:00:00+00:00,2.4390001,-0.461,12.879752,1.2,11.0,0.0
2015-01-21 03:00:00+00:00,1.439,-1.311,10.365251,0.0,0.0,0.0
2015-01-22 03:00:00+00:00,0.889,-1.161,16.299694,0.0,8.0,0.0
2015-01-23 03:00:00+00:00,1.689,-1.361,13.1041975,0.0,0.0,0.0
2015-01-24 03:00:00+00:00,0.539,-1.361,14.332341,0.0,3.0,0.0
2015-01-25 03:00:00+00:00,3.4390001,-1.461,15.575981,0.0,0.0,0.0
2015-01-26 03:00:00+00:00,4.289,0.18900001,21.175835,4.2000003,11.0,0.0
2015-01-27 03:00:00+00:00,4.489,-1.211,24.651457,2.1000001,8.0,0.6
2015-01-28 03:00:00+00:00,4.739,-0.611,27.682571,3.5,5.0,0.0
2015-01-29 03:00:00+00:00,2.9390001,0.18900001,24.967497,1.4,10.0,0.0
2015-01-30 03:00:00+00:00,2.9390001,-0.961,18.806337,0.6,16.0,0.0
2015-01-31 03:00:00+00:00,1.039,-0.76100004,18.03237,0.20000002,7.0,0.0
2015-02-01 03:00:00+00:00,1.789,-0.461,16.746773,0.0,0.0,0.0
2015-02-02 03:00:00+00:00,2.839,-1.5109999,20.966715,0.1,2.0,0.0
2015-02-03 03:00:00+00:00,1.139,-3.361,14.4,0.2,7.0,0.0
2015-02-04 03:00:00+00:00,0.18900001,-4.761,12.229406,0.0,0.0,0.0
2015-02-05 03:00:00+00:00,-0.361,-6.611,13.358861,0.0,0.0,0.0
2015-02-06 03:00:00+00:00,-0.861,-8.211,12.9249525,0.0,0.0,0.0
2015-02-07 03:00:00+00:00,2.889,-7.811,27.504093,0.4,2.0,0.0
2015-02-08 03:00:00+00:00,2.4390001,-1.2609999,27.248457,0.0,2.0,0.0
2015-02-09 03:00:00+00:00,5.389,1.039,23.210928,0.2,2.0,0.1
2015-02-10 03:00:00+00:00,5.289,2.639,16.645864,0.0,0.0,0.0
2015-02-11 03:00:00+00:00,4.389,0.289,9.085988,0.0,0.0,0.0
2015-02-12 03:00:00+00:00,6.089,-2.461,8.654986,0.0,0.0,0.0
2015-02-13 03:00:00+00:00,4.539,-3.361,9.9571085,0.0,0.0,0.0
2015-02-14 03:00:00+00:00,4.889,-3.761,11.792404,0.0,0.0,0.0
2015-02-15 03:00:00+00:00,6.689,-3.211,19.48661,0.0,0.0,0.0
2015-02-16 03:00:00+00:00,4.689,-1.661,23.34455,0.0,0.0,0.0
2015-02-17 03:00:00+00:00,5.789,-2.111,14.654254,0.0,0.0,0.0
2015-02-18 03:00:00+00:00,5.839,-0.161,13.608762,0.0,0.0,0.0
2015-02-19 03:00:00+00:00,6.239,-2.0609999,15.0038395,0.0,0.0,0.0
2015-02-20 03:00:00+00:00,8.089,-2.361,18.892282,0.0,0.0,0.0
2015-02-21 03:00:00+00:00,10.039,-0.711,28.075384,0.0,0.0,0.0
2015-02-22 03:00:00+00:00,5.239,-0.011,15.542662,0.0,0.0,0.0
2015-02-23 03:00:00+00:00,4.739,-0.611,21.791153,3.6000001,9.0,0.0
2015-02-24 03:00:00+00:00,8.339,-1.361,18.35647,0.0,0.0,0.0
2015-02-25 03:00:00+00:00,7.439,-2.411,10.739833,0.0,0.0,0.0
2015-02-26 03:00:00+00:00,7.639,-2.911,12.783802,0.0,0.0,0.0
2015-02-27 03:00:00+00:00,8.389,-2.0609999,12.324414,0.0,0.0,0.0
2015-02-28 03:00:00+00:00,4.289,-0.161,15.546833,0.0,0.0,0.0
2015-03-01 03:00:00+00:00,6.789,0.289,21.96295,2.3,7.0,0.0
2015-03-02 03:00:00+00:00,7.139,2.089,28.981676,2.5,7.0,0.0
2015-03-03 03:00:00+00:00,7.389,1.939,28.551426,2.0,4.0,0.0
2015-03-04 03:00:00+00:00,6.639,1.139,23.828083,1.3000001,4.0,0.0
2015-03-05 03:00:00+00:00,6.189,-1.211,19.296135,0.1,1.0,0.0
2015-03-06 03:00:00+00:00,7.589,-0.661,15.192682,0.1,1.0,0.0
2015-03-07 03:00:00+00:00,11.039,0.73899996,18.58451,0.0,0.0,0.0
2015-03-08 03:00:00+00:00,14.688999,2.9390001,14.039999,0.0,0.0,0.0
2015-03-09 03:00:00+00:00,11.889,5.039,14.081477,0.0,0.0,0.0
2015-03-10 03:00:00+00:00,11.139,2.139,16.29174,0.0,0.0,0.0
2015-03-11 03:00:00+00:00,7.539,0.489,18.359999,1.2,3.0,0.0
2015-03-12 03:00:00+00:00,4.939,0.589,13.797912,0.0,0.0,0.0
2015-03-13 03:00:00+00:00,5.939,-0.261,12.229406,0.0,0.0,0.0
2015-03-14 03:00:00+00:00,6.839,2.639,15.2947035,1.1,8.0,0.0
2015-03-15 03:00:00+00:00,8.389,3.839,22.668568,0.5,4.0,0.0
2015-03-16 03:00:00+00:00,13.188999,4.589,29.257614,0.0,0.0,0.0
2015-03-17 03:00:00+00:00,15.589,5.839,20.883102,0.0,0.0,0.0
2015-03-18 03:00:00+00:00,11.238999,1.2390001,20.037485,0.0,0.0,0.0
2015-03-19 03:00:00+00:00,10.988999,0.23900001,12.620554,0.0,0.0,0.0
2015-03-20 03:00:00+00:00,10.988999,-0.311,9.449572,0.0,0.0,0.0
2015-03-21 03:00:00+00:00,6.089,-0.961,23.090569,3.5,12.0,0.0
2015-03-22 03:00:00+00:00,4.639,-2.461,18.089775,0.0,0.0,0.0
2015-03-23 03:00:00+00:00,9.139,-2.0609999,11.726277,0.0,0.0,0.0
2015-03-24 03:00:00+00:00,12.639,-1.111,8.049845,0.0,0.0,0.0
2015-03-25 03:00:00+00:00,15.188999,2.139,15.629972,0.0,0.0,0.0
2015-03-26 03:00:00+00:00,9.539,4.939,15.815435,1.1,8.0,0.0
2015-03-27 03:00:00+00:00,10.339,4.489,16.854767,1.0,5.0,0.0
2015-03-28 03:00:00+00:00,9.438999,4.989,17.418196,0.90000004,5.0,0.0
2015-03-29 03:00:00+00:00,11.889,5.539,36.71294,9.7,19.0,0.0
2015-03-30 03:00:00+00:00,8.438999,3.4390001,35.377213,5.2,13.0,0.4
2015-03-31 03:00:00+00:00,10.139,1.339,45.996956,6.5,12.0,0.0
2015-04-01 03:00:00+00:00,7.739,1.589,34.03095,2.1999998,8.0,0.0
2015-04-02 03:00:00+00:00,7.389,0.839,23.993399,1.7000002,10.0,0.10000001
2015-04-03 03:00:00+00:00,8.738999,-1.211,22.057161,0.5,4.0,0.0
2015-04-04 03:00:00+00:00,8.839,-2.5609999,14.044615,1.3000001,5.0,0.0
2015-04-05 03:00:00+00:00,9.488999,-2.861,16.167967,0.5,2.0,0.0
2015-04-06 03:00:00+00:00,8.339,-1.561,19.483284,0.3,1.0,0.3
2015-04-07 03:00:00+00:00,11.389,-2.161,24.490585,0.0,0.0,0.0
2015-04-08 03:00:00+00:00,10.688999,5.339,17.935081,0.0,0.0,0.0
2015-04-09 03:00:00+00:00,13.238999,4.039,10.739833,0.0,0.0,0.0
2015-04-10 03:00:00+00:00,18.189,3.1890001,8.287822,0.0,0.0,0.0
2015-04-11 03:00:00+00:00,19.838999,5.489,27.77838,0.0,0.0,0.0
2015-04-12 03:00:00+00:00,13.438999,6.189,25.620771,0.0,0.0,0.0
2015-04-13 03:00:00+00:00,10.889,3.039,32.305862,0.6,4.0,0.0
2015-04-14 03:00:00+00:00,13.438999,2.339,17.654688,0.0,0.0,0.0
2015-04-15 03:00:00+00:00,20.439,7.439,24.216522,0.2,1.0,0.0
2015-04-16 03:00:00+00:00,13.238999,3.139,18.532133,0.0,0.0,0.0
2015-04-17 03:00:00+00:00,10.738999,2.4390001,17.873556,0.2,2.0,0.0
2015-04-18 03:00:00+00:00,10.789,1.289,16.58346,0.1,1.0,0.0
2015-04-19 03:00:00+00:00,13.488999,1.689,11.165805,0.0,0.0,0.0
2015-04-20 03:00:00+00:00,16.239,3.089,19.44,0.0,0.0,0.0
2015-04-21 03:00:00+00:00,17.939,3.589,23.977188,0.0,0.0,0.0
2015-04-22 03:00:00+00:00,11.839,2.339,14.021525,0.0,0.0,0.0
2015-04-23 03:00:00+00:00,16.838999,1.9890001,13.339445,0.0,0.0,0.0
2015-04-24 03:00:00+00:00,18.989,3.989,14.973577,0.0,0.0,0.0
2015-04-25 03:00:00+00:00,21.039,6.739,17.555307,0.0,0.0,0.0
2015-04-26 03:00:00+00:00,17.389,8.589,11.246759,5.6000004,9.0,0.0
2015-04-27 03:00:00+00:00,15.188999,6.989,20.598795,4.2999997,13.0,0.0
2015-04-28 03:00:00+00:00,9.938999,3.539,18.584509,5.0999994,8.0,0.0
2015-04-29 03:00:00+00:00,13.438999,2.539,14.57889,0.0,0.0,0.0
2015-04-30 03:00:00+00:00,16.338999,7.039,15.596767,7.3999996,13.0,0.0
2015-05-01 03:00:00+00:00,13.589,3.589,16.923828,0.1,1.0,0.0
2015-05-02 03:00:00+00:00,13.389,3.4390001,13.397612,0.3,2.0,0.0
2015-05-03 03:00:00+00:00,18.639,4.589,17.148247,7.1,7.0,0.0
2015-05-04 03:00:00+00:00,20.389,13.339,19.839235,0.3,1.0,0.3
2015-05-05 03:00:00+00:00,23.489,13.289,19.523155,1.6,4.0,0.0
2015-05-06 03:00:00+00:00,19.039,9.639,16.263872,0.0,0.0,0.0
2015-05-07 03:00:00+00:00,16.588999,6.739,24.590923,0.2,1.0,0.0
2015-05-08 03:00:00+00:00,18.088999,6.639,13.608762,0.0,0.0,0.0
2015-05-09 03:00:00+00:00,21.289,11.089,15.646544,5.6,7.0,0.0
2015-05-10 03:00:00+00:00,13.639,6.989,27.852928,0.0,0.0,0.0
2015-05-11 03:00:00+00:00,19.588999,4.489,14.654254,0.0,0.0,0.0
2015-05-12 03:00:00+00:00,26.088999,8.738999,27.567635,7.9000006,5.0,0.0
2015-05-13 03:00:00+00:00,16.639,8.438999,27.51116,0.0,0.0,0.0
2015-05-14 03:00:00+00:00,13.238999,6.989,17.477621,0.2,2.0,0.0
2015-05-15 03:00:00+00:00,15.289,5.789,12.413477,0.0,0.0,0.0
2015-05-16 03:00:00+00:00,14.389,4.839,20.780453,0.6,3.0,0.0
2015-05-17 03:00:00+00:00,14.589,6.339,25.233406,0.3,2.0,0.0
2015-05-18 03:00:00+00:00,19.338999,6.639,12.181624,0.0,0.0,0.0
2015-05-19 03:00:00+00:00,18.139,9.589,20.188908,0.3,2.0,0.0
2015-05-20 03:00:00+00:00,16.989,6.689,11.304229,0.0,0.0,0.0
2015-05-21 03:00:00+00:00,16.489,6.389,12.0694,0.4,2.0,0.0
2015-05-22 03:00:00+00:00,18.439,6.789,9.360001,0.0,0.0,0.0
2015-05-23 03:00:00+00:00,18.939,8.238999,16.700275,0.1,1.0,0.0
2015-05-24 03:00:00+00:00,18.989,7.689,7.69592,0.0,0.0,0.0
2015-05-25 03:00:00+00:00,20.338999,10.488999,14.021525,0.2,1.0,0.0
2015-05-26 03:00:00+00:00,15.789,9.238999,16.923828,0.0,0.0,0.0
2015-05-27 03:00:00+00:00,14.438999,7.739,20.018072,0.4,3.0,0.0
2015-05-28 03:00:00+00:00,19.338999,8.488999,23.838959,2.0,6.0,0.0
2015-05-29 03:00:00+00:00,18.439,8.789,17.727943,0.4,2.0,0.0
2015-05-30 03:00:00+00:00,16.889,7.539,24.1388,2.9,4.0,0.0
2015-05-31 03:00:00+00:00,20.588999,7.139,18.899143,0.0,0.0,0.0
2015-06-01 03:00:00+00:00,16.189,8.238999,17.238699,2.3,6.0,0.2
2015-06-02 03:00:00+00:00,23.088999,8.639,26.496098,0.2,2.0,0.0
2015-06-03 03:00:00+00:00,21.289,8.738999,25.932495,0.1,1.0,0.0
2015-06-04 03:00:00+00:00,20.139,8.139,14.081478,0.0,0.0,0.0
2015-06-05 03:00:00+00:00,27.039,11.339,16.323528,0.0,0.0,0.0
2015-06-06 03:00:00+00:00,28.338999,16.588999,19.201874,0.4,3.0,0.0
2015-06-07 03:00:00+00:00,22.239,12.789,14.494192,0.0,0.0,0.0
2015-06-08 03:00:00+00:00,19.838999,11.339,15.379206,0.0,0.0,0.0
2015-06-09 03:00:00+00:00,18.088999,10.639,12.7279215,0.0,0.0,0.0
2015-06-10 03:00:00+00:00,19.588999,10.139,9.957108,0.0,0.0,0.0
2015-06-11 03:00:00+00:00,22.739,9.988999,8.825508,0.4,2.0,0.0
2015-06-12 03:00:00+00:00,25.689,12.688999,11.165805,1.0,3.0,0.5
2015-06-13 03:00:00+00:00,30.088999,13.738999,14.205182,3.3,5.0,0.0
2015-06-14 03:00:00+00:00,21.439,12.938999,19.13426,0.1,1.0,0.0
2015-06-15 03:00:00+00:00,18.639,8.639,15.778518,0.0,0.0,0.0
2015-06-16 03:00:00+00:00,14.639,8.089,13.783817,0.0,0.0,0.0
2015-06-17 03:00:00+00:00,20.338999,7.839,14.480773,3.9,4.0,0.0
2015-06-18 03:00:00+00:00,20.739,11.688999,18.998316,0.8000001,3.0,0.6
2015-06-19 03:00:00+00:00,17.639,10.988999,21.746504,0.1,1.0,0.0
2015-06-20 03:00:00+00:00,17.389,10.139,15.192682,3.1,10.0,0.0
2015-06-21 03:00:00+00:00,17.989,9.738999,17.163355,1.5,3.0,0.0
2015-06-22 03:00:00+00:00,18.789,11.289,16.981165,7.8999996,12.0,1.0
2015-06-23 03:00:00+00:00,16.789,10.988999,17.28,13.0,17.0,0.7
2015-06-24 03:00:00+00:00,16.088999,11.938999,19.602652,0.5,4.0,0.0
2015-06-25 03:00:00+00:00,21.439,12.789,12.849528,0.0,0.0,0.0
2015-06-26 03:00:00+00:00,21.838999,12.688999,7.342588,1.5000001,7.0,0.0
2015-06-27 03:00:00+00:00,22.939,15.039,17.22742,4.9,4.0,0.0
2015-06-28 03:00:00+00:00,21.588999,14.039,15.807239,0.0,0.0,0.0
2015-06-29 03:00:00+00:00,23.588999,14.738999,10.799999,0.5,2.0,0.0
2015-06-30 03:00:00+00:00,23.889,13.688999,12.10157,0.0,0.0,0.0
2015-07-01 03:00:00+00:00,25.189,12.839,12.979984,0.0,0.0,0.0
2015-07-02 03:00:00+00:00,28.489,16.338999,17.377226,0.0,0.0,0.0
2015-07-03 03:00:00+00:00,32.539,18.338999,14.8257065,0.0,0.0,0.0
2015-07-04 03:00:00+00:00,35.539,19.838999,12.074766,0.0,0.0,0.0
2015-07-05 03:00:00+00:00,35.339,22.939,12.904882,1.1,3.0,0.0
2015-07-06 03:00:00+00:00,25.838999,15.938999,21.30093,1.0,2.0,0.9
2015-07-07 03:00:00+00:00,31.489,15.738999,19.443333,9.400001,6.0,0.0
2015-07-08 03:00:00+00:00,22.088999,15.289,24.251284,1.4000001,7.0,0.0
2015-07-09 03:00:00+00:00,18.338999,12.389,30.453527,3.0,4.0,0.0
2015-07-10 03:00:00+00:00,18.189,9.789,29.07989,0.0,0.0,0.0
2015-07-11 03:00:00+00:00,21.838999,9.738999,8.427383,0.0,0.0,0.0
2015-07-12 03:00:00+00:00,24.939,12.688999,17.377226,6.6,13.0,0.0
2015-07-13 03:00:00+00:00,19.838999,14.889,19.083395,6.6,11.0,0.7
2015-07-14 03:00:00+00:00,19.239,14.938999,9.9571085,8.4,10.0,0.0
2015-07-15 03:00:00+00:00,21.389,14.889,16.311613,0.0,0.0,0.0
2015-07-16 03:00:00+00:00,24.889,15.688999,11.966953,0.1,1.0,0.0
2015-07-17 03:00:00+00:00,30.088999,16.389,12.594856,0.0,0.0,0.0
2015-07-18 03:00:00+00:00,26.338999,16.189,18.0036,0.3,2.0,0.0
2015-07-19 03:00:00+00:00,21.989,15.789,17.64,11.3,7.0,0.0
2015-07-20 03:00:00+00:00,23.739,15.488999,20.5484,1.2,4.0,0.0
2015-07-21 03:00:00+00:00,26.789,17.239,20.345573,1.1,2.0,0.0
2015-07-22 03:00:00+00:00,28.338999,17.389,16.80857,14.799999,8.0,0.0
2015-07-23 03:00:00+00:00,22.989,14.188999,13.684735,2.2,2.0,1.6
2015-07-24 03:00:00+00:00,24.439,13.688999,18.014393,3.1000001,2.0,0.0
2015-07-25 03:00:00+00:00,27.289,14.738999,36.74999,0.4,1.0,0.4
2015-07-26 03:00:00+00:00,19.689,13.589,30.37683,0.0,0.0,0.0
2015-07-27 03:00:00+00:00,20.739,14.688999,18.161278,4.1,9.0,0.0
2015-07-28 03:00:00+00:00,20.539,14.889,25.872454,0.0,0.0,0.0
2015-07-29 03:00:00+00:00,20.039,13.639,25.925,0.5,3.0,0.0
2015-07-30 03:00:00+00:00,19.239,12.238999,33.041645,0.0,0.0,0.0
2015-07-31 03:00:00+00:00,18.239,11.639,19.296133,0.0,0.0,0.0
2015-08-01 03:00:00+00:00,24.239,9.339,11.966954,0.0,0.0,0.0
2015-08-02 03:00:00+00:00,27.939,13.089,14.917212,0.0,0.0,0.0
2015-08-03 03:00:00+00:00,30.689,15.089,9.726665,0.0,0.0,0.0
2015-08-04 03:00:00+00:00,33.189003,18.338999,23.03156,0.0,0.0,0.0
2015-08-05 03:00:00+00:00,25.889,17.739,13.202726,0.0,0.0,0.0
2015-08-06 03:00:00+00:00,32.989002,17.439,12.429127,0.0,0.0,0.0
2015-08-07 03:00:00+00:00,36.139,19.539,12.181624,0.0,0.0,0.0
2015-08-08 03:00:00+00:00,32.589,18.989,22.086521,0.4,2.0,0.0
2015-08-09 03:00:00+00:00,27.689,17.588999,16.704155,0.0,0.0,0.0
2015-08-10 03:00:00+00:00,31.338999,17.338999,16.563911,0.0,0.0,0.0
2015-08-11 03:00:00+00:00,32.889,19.939,19.161337,0.7,1.0,0.0
2015-08-12 03:00:00+00:00,28.838999,18.689,18.0,0.0,0.0,0.0
2015-08-13 03:00:00+00:00,29.639,18.039,20.275383,0.0,0.0,0.0
2015-08-14 03:00:00+00:00,33.539,20.989,22.963936,0.0,0.0,0.0
2015-08-15 03:00:00+00:00,29.389,19.889,16.516901,2.1,4.0,0.0
2015-08-16 03:00:00+00:00,29.088999,19.088999,11.792404,4.2000003,6.0,0.0
2015-08-17 03:00:00+00:00,26.689,19.588999,22.682856,3.8000002,11.0,0.0
2015-08-18 03:00:00+00:00,20.639,16.689,14.77755,4.1,12.0,0.9
2015-08-19 03:00:00+00:00,25.039,14.039,10.739833,0.0,0.0,0.0
2015-08-20 03:00:00+00:00,24.588999,13.289,12.57426,0.0,0.0,0.0
2015-08-21 03:00:00+00:00,25.239,13.139,11.177405,0.0,0.0,0.0
2015-08-22 03:00:00+00:00,26.039,13.139,14.799459,0.0,0.0,0.0
2015-08-23 03:00:00+00:00,24.439,13.688999,19.829433,0.0,0.0,0.0
2015-08-24 03:00:00+00:00,26.739,16.689,18.671474,6.9,8.0,0.0
2015-08-25 03:00:00+00:00,21.489,15.289,29.808346,7.2999997,6.0,4.1
2015-08-26 03:00:00+00:00,26.139,15.089,16.73516,0.0,0.0,0.0
2015-08-27 03:00:00+00:00,27.838999,17.539,16.489416,2.6,5.0,0.0
2015-08-28 03:00:00+00:00,20.539,12.688999,13.441071,4.6,4.0,1.5
2015-08-29 03:00:00+00:00,23.588999,12.639,6.6185193,0.0,0.0,0.0
2015-08-30 03:00:00+00:00,29.338999,15.139,10.948973,0.0,0.0,0.0
2015-08-31 03:00:00+00:00,33.539,18.189,9.504273,0.0,0.0,0.0
2015-09-01 03:00:00+00:00,27.639,15.039,19.694992,3.0,5.0,0.0
2015-09-02 03:00:00+00:00,20.939,12.589,16.808569,0.0,0.0,0.0
2015-09-03 03:00:00+00:00,20.439,11.639,12.245293,6.9999995,6.0,0.0
2015-09-04 03:00:00+00:00,19.139,11.639,17.57744,2.0,5.0,0.0
2015-09-05 03:00:00+00:00,18.539,11.488999,26.987997,2.8,7.0,0.0
2015-09-06 03:00:00+00:00,15.889,11.139,29.598919,6.2999997,12.0,0.0
2015-09-07 03:00:00+00:00,17.489,9.539,17.782686,0.0,0.0,0.0
2015-09-08 03:00:00+00:00,19.338999,9.039,18.899143,0.1,1.0,0.0
2015-09-09 03:00:00+00:00,17.338999,8.339,15.646544,1.3000001,7.0,0.0
2015-09-10 03:00:00+00:00,18.789,9.139,17.298738,3.5000002,7.0,0.0
2015-09-11 03:00:00+00:00,18.439,11.238999,19.06301,3.6000001,10.0,0.2
2015-09-12 03:00:00+00:00,21.789,10.589,15.509274,0.0,0.0,0.0
2015-09-13 03:00:00+00:00,24.239,14.289,17.31746,1.0,4.0,0.2
2015-09-14 03:00:00+00:00,22.689,14.539,19.376562,3.0,5.0,0.0
2015-09-15 03:00:00+00:00,20.739,10.589,20.316889,0.4,1.0,0.0
2015-09-16 03:00:00+00:00,24.289,10.789,18.25026,0.0,0.0,0.0
2015-09-17 03:00:00+00:00,24.439,14.039,22.039528,6.7999997,9.0,0.0
2015-09-18 03:00:00+00:00,19.338999,12.438999,16.179987,0.0,0.0,0.0
2015-09-19 03:00:00+00:00,19.989,10.738999,12.538134,2.4,3.0,0.0
2015-09-20 03:00:00+00:00,15.438999,10.339,20.883104,0.6,3.0,0.0
2015-09-21 03:00:00+00:00,16.389,9.488999,15.815435,0.0,0.0,0.0
2015-09-22 03:00:00+00:00,20.088999,11.938999,18.448023,0.8,3.0,0.0
2015-09-23 03:00:00+00:00,16.338999,8.889,11.384198,1.1,4.0,0.0
2015-09-24 03:00:00+00:00,18.439,7.989,15.192682,0.0,0.0,0.0
2015-09-25 03:00:00+00:00,17.739,10.289,10.703569,0.0,0.0,0.0
2015-09-26 03:00:00+00:00,16.939,7.689,13.237039,0.0,0.0,0.0
2015-09-27 03:00:00+00:00,16.239,6.989,11.384199,0.0,0.0,0.0
2015-09-28 03:00:00+00:00,17.489,6.189,11.720751,0.0,0.0,0.0
2015-09-29 03:00:00+00:00,16.439,7.289,15.484185,0.0,0.0,0.0
2015-09-30 03:00:00+00:00,15.738999,6.039,11.792404,0.0,0.0,0.0
2015-10-01 03:00:00+00:00,15.839,5.089,7.69592,0.0,0.0,0.0
2015-10-02 03:00:00+00:00,17.289,5.689,8.311245,0.0,0.0,0.0
2015-10-03 03:00:00+00:00,19.039,4.539,11.119281,0.0,0.0,0.0
2015-10-04 03:00:00+00:00,19.389,8.589,14.05845,0.0,0.0,0.0
2015-10-05 03:00:00+00:00,18.639,8.289,15.192682,0.0,0.0,0.0
2015-10-06 03:00:00+00:00,17.789,11.039,20.49156,0.0,0.0,0.0
2015-10-07 03:00:00+00:00,15.539,8.889,25.045238,10.200001,15.0,0.0
2015-10-08 03:00:00+00:00,9.139,7.689,12.979984,13.300002,24.0,0.6
2015-10-09 03:00:00+00:00,11.488999,5.389,13.556282,2.0,6.0,0.6
2015-10-10 03:00:00+00:00,10.289,3.139,17.873556,0.0,0.0,0.0
2015-10-11 03:00:00+00:00,8.889,1.7390001,19.386591,0.0,0.0,0.0
2015-10-12 03:00:00+00:00,8.089,0.93899995,17.298738,0.0,0.0,0.0
2015-10-13 03:00:00+00:00,6.089,2.839,12.24,0.0,0.0,0.0
2015-10-14 03:00:00+00:00,6.839,3.789,18.58451,11.199999,17.0,0.0
2015-10-15 03:00:00+00:00,7.539,6.439,19.386593,12.3,12.0,0.0
2015-10-16 03:00:00+00:00,7.989,6.889,9.449572,12.699999,15.0,2.0
2015-10-17 03:00:00+00:00,9.789,7.439,10.594036,4.0,4.0,1.4
2015-10-18 03:00:00+00:00,10.089,6.939,10.495713,1.6,4.0,0.0
2015-10-19 03:00:00+00:00,8.589,6.989,10.948973,2.3,8.0,0.5
2015-10-20 03:00:00+00:00,10.389,8.089,11.720751,1.4000001,7.0,0.0
2015-10-21 03:00:00+00:00,11.289,6.189,14.336861,0.3,2.0,0.0
2015-10-22 03:00:00+00:00,11.089,6.889,17.414476,0.5,3.0,0.0
2015-10-23 03:00:00+00:00,13.438999,8.639,23.4,0.0,0.0,0.0
2015-10-24 03:00:00+00:00,13.889,6.789,12.229406,0.0,0.0,0.0
2015-10-25 03:00:00+00:00,12.889,5.039,18.129137,0.0,0.0,0.0
2015-10-26 03:00:00+00:00,10.688999,3.1890001,14.241629,0.0,0.0,0.0
2015-10-27 03:00:00+00:00,13.188999,4.239,15.192682,0.0,0.0,0.0
2015-10-28 03:00:00+00:00,11.688999,5.389,15.893093,0.0,0.0,0.0
2015-10-29 03:00:00+00:00,10.539,4.489,8.287822,0.0,0.0,0.0
2015-10-30 03:00:00+00:00,10.389,7.539,10.587917,0.0,0.0,0.0
2015-10-31 03:00:00+00:00,14.289,7.139,14.618837,0.0,0.0,0.0
2015-11-01 03:00:00+00:00,14.339,4.239,12.783802,0.0,0.0,0.0
2015-11-02 03:00:00+00:00,11.238999,0.489,8.049845,0.0,0.0,0.0
2015-11-03 03:00:00+00:00,9.438999,-0.111,6.696387,0.0,0.0,0.0
2015-11-04 03:00:00+00:00,5.739,0.589,7.072878,0.3,1.0,0.0
2015-11-05 03:00:00+00:00,12.238999,4.339,8.089993,2.1,8.0,0.4
2015-11-06 03:00:00+00:00,14.488999,6.039,11.966954,0.7,4.0,0.3
2015-11-07 03:00:00+00:00,16.338999,12.289,26.82906,5.6,8.0,2.2
2015-11-08 03:00:00+00:00,14.438999,7.539,27.238941,0.0,0.0,0.0
2015-11-09 03:00:00+00:00,15.438999,11.089,24.64094,2.6,6.0,0.0
2015-11-10 03:00:00+00:00,15.089,12.789,30.453527,0.6,4.0,0.0
2015-11-11 03:00:00+00:00,13.738999,10.988999,21.542923,0.7,3.0,0.0
2015-11-12 03:00:00+00:00,14.339,7.189,22.007162,0.0,0.0,0.0
2015-11-13 03:00:00+00:00,13.738999,6.789,25.210283,2.6000001,3.0,0.0
2015-11-14 03:00:00+00:00,8.988999,6.489,27.558228,1.2,5.0,0.0
2015-11-15 03:00:00+00:00,12.589,7.039,31.093666,20.699999,24.0,0.7
2015-11-16 03:00:00+00:00,12.339,8.789,19.9954,3.8999999,5.0,0.7
2015-11-17 03:00:00+00:00,13.289,10.289,29.651413,9.599999,20.0,0.0
2015-11-18 03:00:00+00:00,12.488999,10.539,40.70548,4.9999995,11.0,1.4
2015-11-19 03:00:00+00:00,12.389,7.789,33.91269,1.6000001,7.0,0.2
2015-11-20 03:00:00+00:00,8.889,4.589,21.398056,1.9000001,10.0,0.0
2015-11-21 03:00:00+00:00,5.639,1.839,15.484185,1.2,7.0,0.3
2015-11-22 03:00:00+00:00,3.039,-2.661,19.35314,0.2,1.0,0.2
2015-11-23 03:00:00+00:00,2.6890001,-3.011,13.53236,0.7,7.0,0.0
2015-11-24 03:00:00+00:00,3.139,-2.361,18.998314,0.0,0.0,0.0
2015-11-25 03:00:00+00:00,3.6890001,1.439,16.039202,0.0,1.0,0.0
2015-11-26 03:00:00+00:00,5.389,-1.0109999,11.570515,0.0,0.0,0.0
2015-11-27 03:00:00+00:00,4.089,-1.161,15.629972,0.0,0.0,0.0
2015-11-28 03:00:00+00:00,4.139,-0.81100005,21.273533,1.1999999,5.0,0.0
2015-11-29 03:00:00+00:00,8.938999,2.239,31.255795,11.1,16.0,0.2
2015-11-30 03:00:00+00:00,7.689,3.089,33.481937,10.0,11.0,0.6
2015-12-01 03:00:00+00:00,7.289,3.9390001,22.734219,1.3000001,4.0,0.0
2015-12-02 03:00:00+00:00,10.639,6.839,23.78453,0.1,1.0,0.1
2015-12-03 03:00:00+00:00,9.839,4.339,15.84409,0.0,0.0,0.0
2015-12-04 03:00:00+00:00,9.089,4.439,23.510508,1.1,3.0,0.0
2015-12-05 03:00:00+00:00,7.789,4.489,25.570139,0.0,0.0,0.0
2015-12-06 03:00:00+00:00,10.389,6.239,25.068514,0.0,0.0,0.0
2015-12-07 03:00:00+00:00,11.188999,7.989,16.645864,0.0,0.0,0.0
2015-12-08 03:00:00+00:00,9.339,5.339,15.141414,0.0,0.0,0.0
2015-12-09 03:00:00+00:00,8.988999,2.6890001,17.555305,0.6,2.0,0.0
2015-12-10 03:00:00+00:00,5.589,1.439,17.22742,0.0,0.0,0.0
2015-12-11 03:00:00+00:00,6.139,2.489,23.565569,2.1000001,8.0,0.0
2015-12-12 03:00:00+00:00,7.239,3.739,24.162947,5.3999996,4.0,0.0
2015-12-13 03:00:00+00:00,9.188999,-0.661,37.330803,4.4999995,5.0,1.9
2015-12-14 03:00:00+00:00,3.1890001,-1.5109999,12.181624,0.0,0.0,0.0
2015-12-15 03:00:00+00:00,5.489,3.4390001,10.08,0.0,0.0,0.0
2015-12-16 03:00:00+00:00,8.488999,3.889,14.618837,0.0,0.0,0.0
2015-12-17 03:00:00+00:00,11.738999,8.238999,16.610792,1.3,5.0,0.0
2015-12-18 03:00:00+00:00,11.889,8.039,18.218275,5.9000006,7.0,0.0
2015-12-19 03:00:00+00:00,11.188999,6.839,15.124284,0.0,0.0,0.0
2015-12-20 03:00:00+00:00,10.938999,6.739,18.079027,0.0,0.0,0.0
2015-12-21 03:00:00+00:00,11.089,8.589,34.38895,3.2999997,9.0,0.0
2015-12-22 03:00:00+00:00,12.488999,9.488999,30.293522,1.1,3.0,0.0
2015-12-23 03:00:00+00:00,12.688999,4.539,26.785547,0.0,0.0,0.0
2015-12-24 03:00:00+00:00,9.389,3.289,19.995398,0.90000004,4.0,0.0
2015-12-25 03:00:00+00:00,11.438999,7.339,25.068514,0.8,1.0,0.0
2015-12-26 03:00:00+00:00,13.889,8.889,27.698954,0.0,0.0,0.0
2015-12-27 03:00:00+00:00,12.089,8.389,20.88,0.0,0.0,0.0
2015-12-28 03:00:00+00:00,10.389,4.489,14.578888,0.0,0.0,0.0
2015-12-29 03:00:00+00:00,6.089,1.4890001,23.507753,0.0,0.0,0.0
2015-12-30 03:00:00+00:00,2.239,-0.611,21.142147,0.0,0.0,0.0
2015-12-31 03:00:00+00:00,2.039,-1.111,22.392464,1.5000001,7.0,0.0
2016-01-01 03:00:00+00:00,3.489,-0.261,10.823973,0.0,0.0,0.0
2016-01-02 03:00:00+00:00,0.839,-7.561,25.364037,0.0,0.0,0.0
2016-01-03 03:00:00+00:00,-6.461,-9.761001,22.805367,0.0,0.0,0.0
2016-01-04 03:00:00+00:00,-3.911,-8.811001,21.41319,0.0,0.0,0.0
2016-01-05 03:00:00+00:00,-5.311,-7.711,18.36353,0.0,10.0,0.0
2016-01-06 03:00:00+00:00,-6.261,-8.161,13.779114,0.0,11.0,0.0
2016-01-07 03:00:00+00:00,-0.56100005,-7.211,21.385939,0.0,3.0,0.0
2016-01-08 03:00:00+00:00,3.9390001,0.489,28.385262,0.8,3.0,0.19999999
2016-01-09 03:00:00+00:00,3.639,-3.011,12.096214,0.0,0.0,0.0
2016-01-10 03:00:00+00:00,3.989,-2.3109999,15.856354,3.1999998,6.0,0.0
2016-01-11 03:00:00+00:00,4.039,1.189,12.287555,4.4,9.0,1.1
2016-01-12 03:00:00+00:00,3.489,0.439,14.168641,4.7,17.0,0.2
2016-01-13 03:00:00+00:00,3.039,-0.611,17.106628,3.0000005,14.0,0.0
2016-01-14 03:00:00+00:00,2.589,-1.211,13.281023,0.1,2.0,0.0
2016-01-15 03:00:00+00:00,1.4890001,-1.161,12.261157,0.0,6.0,0.0
2016-01-16 03:00:00+00:00,0.639,-2.261,10.990322,0.0,6.0,0.0
2016-01-17 03:00:00+00:00,-0.41099998,-5.361,10.182337,0.0,9.0,0.0
2016-01-18 03:00:00+00:00,-3.0609999,-8.711,10.966713,0.0,0.0,0.0
2016-01-19 03:00:00+00:00,-3.011,-12.761001,14.707222,0.0,2.0,0.0
2016-01-20 03:00:00+00:00,-0.211,-6.361,15.696165,0.0,2.0,0.0
2016-01-21 03:00:00+00:00,-1.061,-7.111,13.37825,0.0,0.0,0.0
2016-01-22 03:00:00+00:00,-2.161,-10.811001,15.1884165,0.0,0.0,0.0
2016-01-23 03:00:00+00:00,3.4390001,-7.911,17.731598,0.0,7.0,0.0
2016-01-24 03:00:00+00:00,4.189,0.889,14.186923,2.5,5.0,0.0
2016-01-25 03:00:00+00:00,8.839,4.489,18.751125,0.8000001,3.0,0.1
2016-01-26 03:00:00+00:00,9.339,4.139,21.470612,1.1,2.0,0.0
2016-01-27 03:00:00+00:00,9.789,7.039,22.97522,1.2000002,6.0,0.4
2016-01-28 03:00:00+00:00,9.488999,0.33900002,26.576681,1.3,3.0,0.0
2016-01-29 03:00:00+00:00,8.289,0.68899995,25.068514,0.0,0.0,0.0
2016-01-30 03:00:00+00:00,8.639,2.289,28.673721,5.3999996,12.0,0.0
2016-01-31 03:00:00+00:00,5.689,2.089,30.124065,0.3,1.0,0.0
2016-02-01 03:00:00+00:00,10.188999,4.189,31.559086,2.1999998,7.0,0.0
2016-02-02 03:00:00+00:00,10.339,5.189,33.818928,0.8,3.0,0.0
2016-02-03 03:00:00+00:00,6.689,2.289,27.595825,0.0,0.0,0.0
2016-02-04 03:00:00+00:00,3.239,1.089,21.129883,3.1000001,12.0,0.0
2016-02-05 03:00:00+00:00,6.539,-0.76100004,16.08761,0.90000004,3.0,0.0
2016-02-06 03:00:00+00:00,10.488999,4.539,15.893093,0.0,0.0,0.0
2016-02-07 03:00:00+00:00,12.289,4.089,19.245697,0.70000005,2.0,0.0
2016-02-08 03:00:00+00:00,8.938999,4.639,29.568253,5.7999997,14.0,0.0
2016-02-09 03:00:00+00:00,9.289,5.039,34.01762,6.0,9.0,0.3
2016-02-10 03:00:00+00:00,6.539,2.889,27.055143,1.2,2.0,0.0
2016-02-11 03:00:00+00:00,5.989,1.789,24.881702,1.8000002,10.0,0.40000004
2016-02-12 03:00:00+00:00,5.289,-2.761,13.207634,0.0,0.0,0.0
2016-02-13 03:00:00+00:00,5.589,-3.211,16.65754,0.0,0.0,0.0
2016-02-14 03:00:00+00:00,4.389,1.2390001,18.374111,1.4,7.0,0.0
2016-02-15 03:00:00+00:00,4.389,0.68899995,18.692286,0.4,3.0,0.0
2016-02-16 03:00:00+00:00,2.739,-1.461,15.072783,0.0,0.0,0.0
2016-02-17 03:00:00+00:00,2.139,-2.161,22.35481,0.1,6.0,0.0
2016-02-18 03:00:00+00:00,5.739,-1.311,12.229406,0.0,0.0,0.0
2016-02-19 03:00:00+00:00,5.389,-2.011,10.787993,0.0,0.0,0.0
2016-02-20 03:00:00+00:00,5.939,-0.461,25.759504,6.100001,17.0,0.0
2016-02-21 03:00:00+00:00,10.738999,6.789,33.994755,11.4,19.0,0.9
2016-02-22 03:00:00+00:00,9.938999,3.139,34.651752,12.400001,21.0,0.4
2016-02-23 03:00:00+00:00,6.989,1.889,20.240196,0.0,0.0,0.0
2016-02-24 03:00:00+00:00,5.389,-2.461,24.50381,0.0,0.0,0.0
2016-02-25 03:00:00+00:00,4.789,-3.411,13.358861,0.4,5.0,0.0
2016-02-26 03:00:00+00:00,4.239,-3.661,16.343367,0.0,0.0,0.0
2016-02-27 03:00:00+00:00,4.539,-4.161,13.138765,0.0,0.0,0.0
2016-02-28 03:00:00+00:00,6.189,-1.2609999,13.783817,0.0,0.0,0.0
2016-02-29 03:00:00+00:00,3.889,-1.5109999,21.252197,0.0,0.0,0.0
2016-03-01 03:00:00+00:00,2.989,-0.56100005,14.372974,0.0,0.0,0.0
2016-03-02 03:00:00+00:00,9.339,-1.0109999,23.893261,1.1,5.0,0.0
2016-03-03 03:00:00+00:00,6.989,-2.161,8.699793,0.0,0.0,0.0
2016-03-04 03:00:00+00:00,7.839,-2.211,17.148247,0.0,0.0,0.0
2016-03-05 03:00:00+00:00,8.438999,1.939,16.375053,0.0,0.0,0.0
2016-03-06 03:00:00+00:00,4.389,-1.961,21.707731,8.599999,13.0,0.5
2016-03-07 03:00:00+00:00,6.489,-2.611,8.913181,0.0,0.0,0.0
2016-03-08 03:00:00+00:00,7.039,-2.3109999,7.771331,0.1,1.0,0.0
2016-03-09 03:00:00+00:00,7.889,-3.211,14.336861,0.0,0.0,0.0
2016-03-10 03:00:00+00:00,8.238999,0.73899996,15.978486,0.0,0.0,0.0
2016-03-11 03:00:00+00:00,5.539,1.639,13.1041975,0.0,0.0,0.0
2016-03-12 03:00:00+00:00,4.739,0.73899996,13.237039,0.0,0.0,0.0
2016-03-13 03:00:00+00:00,3.4390001,-0.611,13.891522,0.0,0.0,0.0
2016-03-14 03:00:00+00:00,6.389,-1.811,11.720751,0.7,2.0,0.0
2016-03-15 03:00:00+00:00,6.539,-0.061,19.453327,1.0,2.0,0.7
2016-03-16 03:00:00+00:00,8.289,-1.611,15.5843,0.0,0.0,0.0
2016-03-17 03:00:00+00:00,9.438999,-1.411,12.074766,0.0,0.0,0.0
2016-03-18 03:00:00+00:00,6.989,-0.311,12.413476,0.0,0.0,0.0
2016-03-19 03:00:00+00:00,8.688999,2.539,16.563911,0.0,0.0,0.0
2016-03-20 03:00:00+00:00,7.689,3.1890001,22.26477,1.7,10.0,0.0
2016-03-21 03:00:00+00:00,8.139,3.039,23.241617,2.3,12.0,0.0
2016-03-22 03:00:00+00:00,8.539,2.339,18.875126,1.4000001,9.0,0.0
2016-03-23 03:00:00+00:00,7.239,0.73899996,14.76439,0.5,4.0,0.0
2016-03-24 03:00:00+00:00,7.639,0.439,11.212135,0.2,2.0,0.0
2016-03-25 03:00:00+00:00,8.688999,4.139,15.277749,3.1999998,12.0,0.0
2016-03-26 03:00:00+00:00,11.589,4.189,15.876775,0.0,0.0,0.0
2016-03-27 03:00:00+00:00,15.488999,3.539,19.959719,0.2,1.0,0.0
2016-03-28 03:00:00+00:00,15.139,1.9890001,21.2522,2.0,5.0,0.0
2016-03-29 03:00:00+00:00,10.339,2.839,23.34455,6.7999997,14.0,0.0
2016-03-30 03:00:00+00:00,11.889,2.739,21.829777,1.8000002,5.0,0.0
2016-03-31 03:00:00+00:00,10.488999,3.289,7.7043357,0.8,5.0,0.0
2016-04-01 03:00:00+00:00,11.188999,1.439,11.090103,0.0,0.0,0.0
2016-04-02 03:00:00+00:00,14.589,1.139,19.228851,0.0,0.0,0.0
2016-04-03 03:00:00+00:00,18.289,3.789,11.966954,0.0,0.0,0.0
2016-04-04 03:00:00+00:00,18.989,6.439,9.422101,0.0,0.0,0.0
2016-04-05 03:00:00+00:00,20.338999,6.889,21.542923,0.3,2.0,0.0
2016-04-06 03:00:00+00:00,14.589,8.889,21.933426,0.4,3.0,0.0
2016-04-07 03:00:00+00:00,11.889,2.739,18.875126,0.0,0.0,0.0
2016-04-08 03:00:00+00:00,13.238999,1.9890001,12.641076,0.0,0.0,0.0
2016-04-09 03:00:00+00:00,12.938999,3.489,12.7279215,0.0,0.0,0.0
2016-04-10 03:00:00+00:00,9.938999,5.089,11.246759,1.4000001,7.0,0.0
2016-04-11 03:00:00+00:00,14.089,5.539,14.081478,0.4,2.0,0.0
2016-04-12 03:00:00+00:00,14.188999,6.539,8.654986,2.3,8.0,0.2
2016-04-13 03:00:00+00:00,16.739,5.689,9.220499,5.4,13.0,0.0
2016-04-14 03:00:00+00:00,11.938999,3.239,16.055355,4.0,8.0,1.2
2016-04-15 03:00:00+00:00,13.839,2.589,18.899143,4.6,5.0,0.0
2016-04-16 03:00:00+00:00,14.389,7.089,17.673029,2.7,5.0,0.0
2016-04-17 03:00:00+00:00,11.539,2.489,20.188908,2.8999999,5.0,0.6
2016-04-18 03:00:00+00:00,11.539,1.139,19.469976,0.0,0.0,0.0
2016-04-19 03:00:00+00:00,12.889,5.639,29.957972,0.1,1.0,0.0
2016-04-20 03:00:00+00:00,11.438999,1.839,21.599998,0.0,0.0,0.0
2016-04-21 03:00:00+00:00,13.589,0.98899996,13.779114,0.0,0.0,0.0
2016-04-22 03:00:00+00:00,12.438999,3.9390001,17.49615,0.0,0.0,0.0
2016-04-23 03:00:00+00:00,10.488999,2.489,15.077082,0.0,0.0,0.0
2016-04-24 03:00:00+00:00,8.339,0.139,19.137648,2.1,9.0,0.0
2016-04-25 03:00:00+00:00,8.789,-0.261,19.353138,2.0,7.0,0.0
2016-04-26 03:00:00+00:00,9.238999,2.289,18.59845,4.1,11.0,0.7
2016-04-27 03:00:00+00:00,8.639,2.289,26.478971,2.6000004,12.0,0.0
2016-04-28 03:00:00+00:00,10.289,0.93899995,23.4,3.4,12.0,0.0
2016-04-29 03:00:00+00:00,13.589,0.33900002,21.322214,0.0,0.0,0.0
2016-04-30 03:00:00+00:00,17.239,5.339,14.241629,0.0,0.0,0.0
2016-05-01 03:00:00+00:00,16.489,5.789,15.1884165,0.0,0.0,0.0
2016-05-02 03:00:00+00:00,17.689,4.789,11.165805,0.0,0.0,0.0
2016-05-03 03:00:00+00:00,17.489,7.889,21.175837,0.0,0.0,0.0
2016-05-04 03:00:00+00:00,13.539,6.189,20.456745,0.6,3.0,0.0
2016-05-05 03:00:00+00:00,18.139,5.689,12.074766,0.0,0.0,0.0
2016-05-06 03:00:00+00:00,21.539,6.789,13.527572,0.0,0.0,0.0
2016-05-07 03:00:00+00:00,22.689,9.539,17.399586,0.0,0.0,0.0
2016-05-08 03:00:00+00:00,22.189,9.889,21.9718,0.0,0.0,0.0
2016-05-09 03:00:00+00:00,23.088999,10.938999,20.12461,0.0,0.0,0.0
2016-05-10 03:00:00+00:00,22.889,11.789,19.829433,0.0,0.0,0.0
2016-05-11 03:00:00+00:00,23.338999,10.738999,18.94024,0.0,0.0,0.0
2016-05-12 03:00:00+00:00,22.989,12.889,19.862083,1.4,3.0,0.0
2016-05-13 03:00:00+00:00,21.139,8.688999,19.35314,0.2,1.0,0.0
2016-05-14 03:00:00+00:00,15.789,7.139,24.923338,0.0,0.0,0.0
2016-05-15 03:00:00+00:00,12.488999,6.739,23.795427,2.5000002,11.0,0.1
2016-05-16 03:00:00+00:00,13.938999,6.439,24.251284,0.0,0.0,0.0
2016-05-17 03:00:00+00:00,12.789,7.489,22.553936,0.90000004,5.0,0.0
2016-05-18 03:00:00+00:00,17.939,7.739,13.009903,0.0,0.0,0.0
2016-05-19 03:00:00+00:00,20.889,9.139,9.511088,0.0,0.0,0.0
2016-05-20 03:00:00+00:00,21.689,9.389,18.416384,0.4,2.0,0.0
2016-05-21 03:00:00+00:00,22.588999,13.188999,10.805998,0.4,2.0,0.2
2016-05-22 03:00:00+00:00,27.338999,13.289,18.892282,0.0,0.0,0.0
2016-05-23 03:00:00+00:00,24.989,15.339,17.414474,3.8,7.0,0.0
2016-05-24 03:00:00+00:00,22.939,13.889,18.792551,0.1,1.0,0.0
2016-05-25 03:00:00+00:00,18.539,13.438999,16.055353,1.0,5.0,0.0
2016-05-26 03:00:00+00:00,16.939,11.889,11.620809,1.1,4.0,0.3
2016-05-27 03:00:00+00:00,20.139,11.839,6.989936,0.0,0.0,0.0
2016-05-28 03:00:00+00:00,23.588999,11.339,14.88242,0.1,1.0,0.0
2016-05-29 03:00:00+00:00,26.039,15.238999,15.978486,4.0,5.0,0.0
2016-05-30 03:00:00+00:00,26.539,15.488999,20.598795,6.9,6.0,0.0
2016-05-31 03:00:00+00:00,24.639,14.938999,11.91812,5.8,10.0,0.0
2016-06-01 03:00:00+00:00,21.739,15.639,11.503113,15.8,10.0,0.3
2016-06-02 03:00:00+00:00,24.239,15.488999,14.154915,2.5,5.0,0.4
2016-06-03 03:00:00+00:00,25.338999,13.988999,17.935081,0.0,0.0,0.0
2016-06-04 03:00:00+00:00,25.439,13.589,9.422101,0.0,0.0,0.0
2016-06-05 03:00:00+00:00,26.289,14.488999,14.277983,1.3000001,4.0,0.0
2016-06-06 03:00:00+00:00,24.139,12.289,14.77755,0.0,0.0,0.0
2016-06-07 03:00:00+00:00,24.689,11.589,8.209263,0.0,0.0,0.0
2016-06-08 03:00:00+00:00,25.338999,13.339,18.971008,0.0,0.0,0.0
2016-06-09 03:00:00+00:00,20.389,14.289,16.279802,0.8,6.0,0.1
2016-06-10 03:00:00+00:00,20.989,12.339,22.553934,0.0,0.0,0.0
2016-06-11 03:00:00+00:00,20.789,11.938999,16.418526,0.0,0.0,0.0
2016-06-12 03:00:00+00:00,21.088999,13.039,14.264361,0.3,2.0,0.0
2016-06-13 03:00:00+00:00,19.588999,13.089,11.119281,4.3,10.0,0.3
2016-06-14 03:00:00+00:00,20.239,12.639,9.585739,3.3,14.0,0.3
2016-06-15 03:00:00+00:00,19.039,11.938999,11.246759,11.2,11.0,0.0
2016-06-16 03:00:00+00:00,22.289,11.639,12.181624,6.8,8.0,0.0
2016-06-17 03:00:00+00:00,18.889,13.438999,18.792551,20.8,14.0,1.7
2016-06-18 03:00:00+00:00,20.289,12.039,15.1884165,3.2,7.0,0.0
2016-06-19 03:00:00+00:00,20.389,11.589,12.229406,0.1,1.0,0.0
2016-06-20 03:00:00+00:00,21.939,11.389,14.587776,0.1,1.0,0.0
2016-06-21 03:00:00+00:00,22.739,14.589,17.731598,1.5000001,7.0,0.2
2016-06-22 03:00:00+00:00,25.239,14.289,10.636766,0.0,0.0,0.0
2016-06-23 03:00:00+00:00,30.439,15.639,15.0038395,0.0,0.0,0.0
2016-06-24 03:00:00+00:00,32.889,19.489,10.041354,0.0,0.0,0.0
2016-06-25 03:00:00+00:00,30.739,18.039,21.602999,4.9,5.0,0.0
2016-06-26 03:00:00+00:00,23.189,13.938999,20.12461,0.2,1.0,0.0
2016-06-27 03:00:00+00:00,22.489,13.639,15.379206,0.0,0.0,0.0
2016-06-28 03:00:00+00:00,21.439,14.289,12.620554,0.6,4.0,0.0
2016-06-29 03:00:00+00:00,24.139,14.089,22.392464,5.4,5.0,0.0
2016-06-30 03:00:00+00:00,24.588999,13.738999,17.287498,0.2,1.0,0.0
2016-07-01 03:00:00+00:00,26.739,15.589,16.363178,0.0,0.0,0.0
2016-07-02 03:00:00+00:00,23.689,12.539,22.238562,5.5,8.0,0.0
2016-07-03 03:00:00+00:00,20.689,11.789,14.345898,1.4000001,2.0,0.0
2016-07-04 03:00:00+00:00,21.489,11.389,14.77755,0.0,0.0,0.0
2016-07-05 03:00:00+00:00,23.689,14.839,26.302181,4.5,3.0,0.0
2016-07-06 03:00:00+00:00,19.039,12.488999,35.90086,0.2,2.0,0.0
2016-07-07 03:00:00+00:00,20.939,11.988999,20.65848,0.0,0.0,0.0
2016-07-08 03:00:00+00:00,25.789,13.339,18.448023,1.3000002,6.0,0.0
2016-07-09 03:00:00+00:00,21.789,15.238999,26.544964,0.4,3.0,0.0
2016-07-10 03:00:00+00:00,29.639,17.739,16.58346,0.2,1.0,0.0
2016-07-11 03:00:00+00:00,28.588999,17.539,20.364674,0.2,1.0,0.0
2016-07-12 03:00:00+00:00,25.588999,15.988999,16.394829,0.0,0.0,0.0
2016-07-13 03:00:00+00:00,21.439,15.289,12.413477,6.0000005,8.0,0.0
2016-07-14 03:00:00+00:00,18.439,14.539,23.34455,4.5,13.0,0.0
2016-07-15 03:00:00+00:00,18.588999,10.988999,26.405453,0.3,3.0,0.0
2016-07-16 03:00:00+00:00,24.789,10.139,12.287555,1.3000001,4.0,0.0
2016-07-17 03:00:00+00:00,23.489,16.639,12.287555,0.3,2.0,0.0
2016-07-18 03:00:00+00:00,21.139,14.539,19.826164,0.0,0.0,0.0
2016-07-19 03:00:00+00:00,23.389,14.139,15.484185,0.0,0.0,0.0
2016-07-20 03:00:00+00:00,26.139,16.489,11.966954,0.0,0.0,0.0
2016-07-21 03:00:00+00:00,27.838999,17.039,12.43434,0.0,0.0,0.0
2016-07-22 03:00:00+00:00,28.439,16.389,13.684735,0.0,0.0,0.0
2016-07-23 03:00:00+00:00,28.739,15.438999,17.114204,0.0,0.0,0.0
2016-07-24 03:00:00+00:00,27.989,17.989,7.968939,0.0,0.0,0.0
2016-07-25 03:00:00+00:00,30.189,18.039,7.7043357,0.0,0.0,0.0
2016-07-26 03:00:00+00:00,27.939,18.939,14.799459,0.8,3.0,0.0
2016-07-27 03:00:00+00:00,27.189,16.939,14.168641,7.4,6.0,0.0
2016-07-28 03:00:00+00:00,25.039,16.789,12.429127,3.1999998,7.0,0.0
2016-07-29 03:00:00+00:00,25.088999,17.489,15.596767,1.2,2.0,0.7
2016-07-30 03:00:00+00:00,23.689,17.189,16.394829,0.1,1.0,0.0
2016-07-31 03:00:00+00:00,24.439,14.289,14.007655,7.3,10.0,0.0
2016-08-01 03:00:00+00:00,20.838999,13.389,17.771753,0.0,0.0,0.0
2016-08-02 03:00:00+00:00,19.289,12.738999,10.931203,3.8,7.0,0.0
2016-08-03 03:00:00+00:00,21.338999,13.488999,17.447933,0.4,3.0,0.0
2016-08-04 03:00:00+00:00,26.289,16.838999,18.678415,0.8,3.0,0.1
2016-08-05 03:00:00+00:00,21.939,15.839,12.245293,5.8999996,8.0,0.4
2016-08-06 03:00:00+00:00,21.588999,14.339,19.917469,0.2,1.0,0.0
2016-08-07 03:00:00+00:00,23.939,13.389,15.876775,0.0,0.0,0.0
2016-08-08 03:00:00+00:00,26.989,16.789,21.829777,0.0,0.0,0.0
2016-08-09 03:00:00+00:00,20.289,11.988999,15.683776,0.1,1.0,0.0
2016-08-10 03:00:00+00:00,18.088999,10.889,14.404499,0.6,2.0,0.0
2016-08-11 03:00:00+00:00,18.389,10.089,18.416384,0.5,3.0,0.0
2016-08-12 03:00:00+00:00,19.088999,13.688999,13.584932,0.3,2.0,0.0
2016-08-13 03:00:00+00:00,26.889,16.989,22.346113,0.0,0.0,0.0
2016-08-14 03:00:00+00:00,21.639,14.789,14.84318,0.0,0.0,0.0
2016-08-15 03:00:00+00:00,20.989,12.238999,14.021525,0.0,0.0,0.0
2016-08-16 03:00:00+00:00,20.989,10.039,17.057314,1.6000001,5.0,0.0
2016-08-17 03:00:00+00:00,21.039,9.039,8.209263,0.0,0.0,0.0
2016-08-18 03:00:00+00:00,21.039,12.938999,13.441071,0.2,1.0,0.0
2016-08-19 03:00:00+00:00,25.588999,12.389,9.387651,0.0,0.0,0.0
2016-08-20 03:00:00+00:00,26.439,15.938999,14.799459,7.3,11.0,0.0
2016-08-21 03:00:00+00:00,23.989,15.089,13.0447235,0.4,2.0,0.1
2016-08-22 03:00:00+00:00,23.239,14.339,14.77755,0.4,2.0,0.0
2016-08-23 03:00:00+00:00,23.639,15.539,18.129137,0.1,1.0,0.0
2016-08-24 03:00:00+00:00,27.189,14.688999,11.384198,0.0,0.0,0.0
2016-08-25 03:00:00+00:00,29.189,16.689,16.563911,0.0,0.0,0.0
2016-08-26 03:00:00+00:00,32.689003,17.838999,14.561099,0.0,0.0,0.0
2016-08-27 03:00:00+00:00,30.289,16.689,14.081477,0.0,0.0,0.0
2016-08-28 03:00:00+00:00,34.689003,17.838999,17.906157,0.2,1.0,0.0
2016-08-29 03:00:00+00:00,24.189,14.589,22.81957,0.5,3.0,0.0
2016-08-30 03:00:00+00:00,22.689,13.188999,13.513193,0.0,0.0,0.0
2016-08-31 03:00:00+00:00,25.789,12.988999,12.594856,0.0,0.0,0.0
2016-09-01 03:00:00+00:00,26.289,13.938999,17.727943,0.0,0.0,0.0
2016-09-02 03:00:00+00:00,25.588999,15.438999,11.367109,0.1,1.0,0.0
2016-09-03 03:00:00+00:00,25.889,16.588999,15.856356,0.2,1.0,0.0
2016-09-04 03:00:00+00:00,22.789,15.039,18.057508,8.4,8.0,0.0
2016-09-05 03:00:00+00:00,21.239,12.738999,14.830076,1.4000001,7.0,0.0
2016-09-06 03:00:00+00:00,21.639,11.289,8.217153,0.0,0.0,0.0
2016-09-07 03:00:00+00:00,25.588999,11.639,8.049845,0.0,0.0,0.0
2016-09-08 03:00:00+00:00,29.189,14.688999,14.88242,0.0,0.0,0.0
2016-09-09 03:00:00+00:00,26.838999,15.488999,14.168641,0.0,0.0,0.0
2016-09-10 03:00:00+00:00,27.088999,14.789,12.261158,0.0,0.0,0.0
2016-09-11 03:00:00+00:00,28.838999,16.889,14.529915,0.0,0.0,0.0
2016-09-12 03:00:00+00:00,30.989,17.088999,11.874544,0.0,0.0,0.0
2016-09-13 03:00:00+00:00,31.039,17.838999,16.45007,0.0,0.0,0.0
2016-09-14 03:00:00+00:00,28.789,17.588999,17.026896,0.0,0.0,0.0
2016-09-15 03:00:00+00:00,25.838999,15.938999,14.934577,0.0,0.0,0.0
2016-09-16 03:00:00+00:00,27.338999,14.889,12.181625,0.2,2.0,0.0
2016-09-17 03:00:00+00:00,22.989,14.938999,20.364674,3.7999997,7.0,0.0
2016-09-18 03:00:00+00:00,20.039,13.139,19.406637,0.0,0.0,0.0
2016-09-19 03:00:00+00:00,18.939,11.539,13.783817,0.0,0.0,0.0
2016-09-20 03:00:00+00:00,18.239,11.039,7.729527,0.0,0.0,0.0
2016-09-21 03:00:00+00:00,18.739,11.488999,10.495713,0.5,4.0,0.0
2016-09-22 03:00:00+00:00,19.588999,9.889,7.9932966,0.0,0.0,0.0
2016-09-23 03:00:00+00:00,21.639,11.289,11.503113,0.0,0.0,0.0
2016-09-24 03:00:00+00:00,19.739,11.789,10.948973,0.0,0.0,0.0
2016-09-25 03:00:00+00:00,21.889,10.339,12.10157,0.0,0.0,0.0
2016-09-26 03:00:00+00:00,21.389,10.639,9.605998,0.0,0.0,0.0
2016-09-27 03:00:00+00:00,21.239,9.039,11.885453,0.0,0.0,0.0
2016-09-28 03:00:00+00:00,21.489,13.639,27.698952,0.0,0.0,0.0
2016-09-29 03:00:00+00:00,24.789,16.389,24.063513,0.0,0.0,0.0
2016-09-30 03:00:00+00:00,20.588999,11.589,18.25026,0.0,0.0,0.0
2016-10-01 03:00:00+00:00,15.438999,9.839,13.570615,10.900001,15.0,0.0
2016-10-02 03:00:00+00:00,18.189,9.389,12.475961,1.4000001,3.0,0.0
2016-10-03 03:00:00+00:00,16.439,9.289,21.578989,6.9999995,11.0,0.0
2016-10-04 03:00:00+00:00,15.389,7.889,25.41763,0.0,0.0,0.0
2016-10-05 03:00:00+00:00,12.839,8.089,23.828083,4.6999993,16.0,0.0
2016-10-06 03:00:00+00:00,12.289,10.339,22.238562,1.5,5.0,0.2
2016-10-07 03:00:00+00:00,13.139,7.889,15.141414,0.2,2.0,0.0
2016-10-08 03:00:00+00:00,12.438999,7.589,16.87398,0.9000001,5.0,0.0
2016-10-09 03:00:00+00:00,10.738999,4.639,13.004922,0.90000004,6.0,0.2
2016-10-10 03:00:00+00:00,11.738999,4.139,7.9932976,0.0,0.0,0.0
2016-10-11 03:00:00+00:00,9.389,6.689,15.778518,3.3,14.0,0.1
2016-10-12 03:00:00+00:00,8.988999,6.889,19.161337,2.2000003,12.0,0.0
2016-10-13 03:00:00+00:00,7.589,6.289,18.416384,0.3,2.0,0.2
2016-10-14 03:00:00+00:00,12.589,4.739,24.36325,0.0,0.0,0.0
2016-10-15 03:00:00+00:00,12.139,8.238999,20.721119,0.7,3.0,0.0
2016-10-16 03:00:00+00:00,10.839,7.839,13.779114,0.0,0.0,0.0
2016-10-17 03:00:00+00:00,12.938999,6.989,16.279802,0.0,0.0,0.0
2016-10-18 03:00:00+00:00,13.938999,8.539,10.24578,1.4000001,7.0,0.0
2016-10-19 03:00:00+00:00,10.539,7.489,14.113652,10.599999,14.0,0.2
2016-10-20 03:00:00+00:00,10.139,5.589,10.495713,3.3000002,14.0,0.0
2016-10-21 03:00:00+00:00,9.389,4.289,11.592894,2.1000001,9.0,0.3
2016-10-22 03:00:00+00:00,9.688999,1.939,7.771331,1.1,3.0,0.0
2016-10-23 03:00:00+00:00,9.688999,2.4390001,9.449572,0.0,0.0,0.0
2016-10-24 03:00:00+00:00,11.188999,4.089,9.793059,7.7000003,13.0,0.0
2016-10-25 03:00:00+00:00,10.039,3.639,8.759178,2.1,6.0,0.2
2016-10-26 03:00:00+00:00,7.589,3.9390001,8.311245,0.2,1.0,0.0
2016-10-27 03:00:00+00:00,11.139,6.439,16.595179,0.0,0.0,0.0
2016-10-28 03:00:00+00:00,12.738999,8.738999,21.398056,1.3000001,5.0,0.0
2016-10-29 03:00:00+00:00,11.889,8.188999,25.772078,0.0,0.0,0.0
2016-10-30 03:00:00+00:00,11.089,2.389,18.864824,0.0,0.0,0.0
2016-10-31 03:00:00+00:00,10.039,2.639,11.659777,0.1,1.0,0.0
2016-11-01 03:00:00+00:00,12.139,5.889,18.089775,4.6,13.0,0.0
2016-11-02 03:00:00+00:00,8.738999,2.9390001,30.248568,1.0,3.0,0.0
2016-11-03 03:00:00+00:00,6.489,1.039,16.263872,0.0,0.0,0.0
2016-11-04 03:00:00+00:00,8.539,3.539,14.88242,0.0,0.0,0.0
2016-11-05 03:00:00+00:00,8.938999,3.4390001,14.654254,6.4,11.0,0.0
2016-11-06 03:00:00+00:00,7.539,2.039,12.287555,0.1,1.0,0.0
2016-11-07 03:00:00+00:00,6.239,-0.111,12.661564,0.90000004,5.0,0.0
2016-11-08 03:00:00+00:00,5.139,0.439,14.277983,0.7,6.0,0.0
2016-11-09 03:00:00+00:00,3.9390001,-0.361,13.397612,0.0,0.0,0.0
2016-11-10 03:00:00+00:00,3.489,-0.211,13.722565,0.0,0.0,0.0
2016-11-11 03:00:00+00:00,3.6890001,-0.261,13.979872,0.0,0.0,0.0
2016-11-12 03:00:00+00:00,0.639,-3.761,6.151683,0.0,0.0,0.0
2016-11-13 03:00:00+00:00,-0.711,-3.711,8.311245,0.0,0.0,0.0
2016-11-14 03:00:00+00:00,3.339,-3.761,15.509274,0.0,0.0,0.0
2016-11-15 03:00:00+00:00,8.039,0.789,18.864824,3.3999999,12.0,0.0
2016-11-16 03:00:00+00:00,9.438999,6.739,19.107151,0.70000005,2.0,0.0
2016-11-17 03:00:00+00:00,10.039,8.438999,22.027763,5.7,15.0,0.1
2016-11-18 03:00:00+00:00,13.988999,6.639,29.644857,4.2999997,4.0,0.0
2016-11-19 03:00:00+00:00,8.938999,2.289,15.9134655,1.4000001,4.0,0.0
2016-11-20 03:00:00+00:00,10.738999,1.789,24.522316,0.0,0.0,0.0
2016-11-21 03:00:00+00:00,11.039,6.889,16.78156,0.0,0.0,0.0
2016-11-22 03:00:00+00:00,11.289,3.139,11.4862,0.0,0.0,0.0
2016-11-23 03:00:00+00:00,8.139,2.739,9.746631,0.1,1.0,0.0
2016-11-24 03:00:00+00:00,7.339,-1.111,12.904882,0.0,0.0,0.0
2016-11-25 03:00:00+00:00,2.6890001,-0.961,7.928177,0.0,0.0,0.0
2016-11-26 03:00:00+00:00,4.589,-0.111,18.751125,0.0,0.0,0.0
2016-11-27 03:00:00+00:00,6.239,0.289,19.855558,0.0,0.0,0.0
2016-11-28 03:00:00+00:00,2.589,-4.161,16.92383,0.0,0.0,0.0
2016-11-29 03:00:00+00:00,1.139,-4.011,17.31746,0.0,0.0,0.0
2016-11-30 03:00:00+00:00,4.639,-1.661,26.302181,3.4,11.0,0.0
2016-12-01 03:00:00+00:00,7.539,4.639,32.36398,4.3,16.0,0.4
2016-12-02 03:00:00+00:00,4.789,-2.3109999,25.96995,0.0,0.0,0.0
2016-12-03 03:00:00+00:00,1.939,-3.611,9.0645685,0.0,0.0,0.0
2016-12-04 03:00:00+00:00,2.289,-3.8109999,7.928178,0.0,0.0,0.0
2016-12-05 03:00:00+00:00,-0.111,-4.011,13.009903,0.0,0.0,0.0
2016-12-06 03:00:00+00:00,2.089,-0.661,14.759999,0.0,0.0,0.0
2016-12-07 03:00:00+00:00,3.639,-0.56100005,19.107151,0.3,2.0,0.0
2016-12-08 03:00:00+00:00,8.738999,3.489,21.749481,0.0,0.0,0.0
2016-12-09 03:00:00+00:00,9.339,5.889,20.674158,0.0,0.0,0.0
2016-12-10 03:00:00+00:00,9.589,7.339,20.633371,2.1999998,4.0,0.0
2016-12-11 03:00:00+00:00,8.238999,5.839,31.569351,16.199999,20.0,0.9
2016-12-12 03:00:00+00:00,6.089,-2.511,17.339897,1.0,4.0,0.5
2016-12-13 03:00:00+00:00,4.239,-0.911,10.853866,0.3,2.0,0.0
2016-12-14 03:00:00+00:00,4.889,-1.911,11.304229,0.3,2.0,0.2
2016-12-15 03:00:00+00:00,2.239,-1.461,13.044722,0.0,0.0,0.0
2016-12-16 03:00:00+00:00,2.339,-3.611,12.218805,0.0,0.0,0.0
2016-12-17 03:00:00+00:00,1.789,-3.711,11.923557,0.0,0.0,0.0
2016-12-18 03:00:00+00:00,3.639,2.039,14.05845,2.8,10.0,0.0
2016-12-19 03:00:00+00:00,4.489,0.539,8.225035,0.0,0.0,0.0
2016-12-20 03:00:00+00:00,1.689,-1.361,15.463246,0.0,0.0,0.0
2016-12-21 03:00:00+00:00,2.239,-2.261,13.584932,0.0,0.0,0.0
2016-12-22 03:00:00+00:00,2.1890001,-1.411,13.849477,1.1,3.0,0.0
2016-12-23 03:00:00+00:00,4.189,0.639,20.63023,0.0,0.0,0.0
2016-12-24 03:00:00+00:00,6.339,1.639,29.478264,5.5,12.0,0.0
2016-12-25 03:00:00+00:00,8.938999,4.939,25.516865,3.8999999,12.0,0.2
2016-12-26 03:00:00+00:00,9.839,4.889,35.705395,2.0,5.0,0.0
2016-12-27 03:00:00+00:00,7.289,4.589,36.424103,1.4000001,8.0,0.0
2016-12-28 03:00:00+00:00,6.339,4.989,16.199999,1.2,7.0,0.0
2016-12-29 03:00:00+00:00,5.089,-2.261,11.720751,0.0,0.0,0.0
2016-12-30 03:00:00+00:00,3.039,-2.911,11.304229,0.0,0.0,0.0
2016-12-31 03:00:00+00:00,2.539,-2.111,16.29174,0.0,0.0,0.0
2017-01-01 03:00:00+00:00,3.2585,0.1585,19.06301,0.0,2.0,0.0
2017-01-02 03:00:00+00:00,3.0085,-2.1915,21.349546,0.29999995,10.0,0.0
2017-01-03 03:00:00+00:00,4.2584996,0.8585,38.886665,6.7,16.0,0.0
2017-01-04 03:00:00+00:00,3.8585,-1.7915,37.936893,4.3999996,10.0,1.2
2017-01-05 03:00:00+00:00,-1.7414999,-7.1915,23.042812,0.0,6.0,0.0
2017-01-06 03:00:00+00:00,-3.3415,-8.9415,13.779114,0.0,0.0,0.0
2017-01-07 03:00:00+00:00,-1.9415,-8.2915,17.713316,0.0,15.0,0.0
2017-01-08 03:00:00+00:00,-1.2915,-4.9915004,9.007196,0.0,1.0,0.0
2017-01-09 03:00:00+00:00,-0.041500002,-2.9415,18.214718,0.0,1.0,0.0
2017-01-10 03:00:00+00:00,0.6085,-6.0415,19.319628,0.0,0.0,0.0
2017-01-11 03:00:00+00:00,3.0585,-6.4915004,35.821354,0.6000001,8.0,0.0
2017-01-12 03:00:00+00:00,3.5585,0.3085,28.112288,0.5,5.0,0.0
2017-01-13 03:00:00+00:00,2.6585,-3.1415,25.96995,4.2,15.0,0.0
2017-01-14 03:00:00+00:00,1.6085,-2.3915,19.386591,0.2,10.0,0.0
2017-01-15 03:00:00+00:00,1.2585001,-2.8915,20.5484,0.10000001,14.0,0.0
2017-01-16 03:00:00+00:00,-0.7415,-10.591499,14.05845,0.0,0.0,0.0
2017-01-17 03:00:00+00:00,-0.9415,-10.591499,13.358861,0.0,0.0,0.0
2017-01-18 03:00:00+00:00,-2.6415,-5.9915004,9.290511,0.0,0.0,0.0
2017-01-19 03:00:00+00:00,-1.3915,-3.9415,11.246759,0.0,0.0,0.0
2017-01-20 03:00:00+00:00,1.5085001,-1.2414999,10.703569,0.1,1.0,0.0
2017-01-21 03:00:00+00:00,2.0085,-1.3414999,9.227524,0.5,5.0,0.0
2017-01-22 03:00:00+00:00,2.1085,-6.0915003,11.983188,0.0,0.0,0.0
2017-01-23 03:00:00+00:00,-1.7414999,-6.8915,10.495713,0.0,2.0,0.0
2017-01-24 03:00:00+00:00,1.0085,-2.5414999,10.086427,0.0,0.0,0.0
2017-01-25 03:00:00+00:00,1.6585001,-1.0914999,9.0,0.0,4.0,0.0
2017-01-26 03:00:00+00:00,2.5085,-3.0414999,15.7908325,0.0,0.0,0.0
2017-01-27 03:00:00+00:00,3.0585,-5.0915003,15.277749,0.0,0.0,0.0
2017-01-28 03:00:00+00:00,0.2085,-5.0415,14.84318,0.0,0.0,0.0
2017-01-29 03:00:00+00:00,6.4084997,-2.7415,14.618837,0.0,0.0,0.0
2017-01-30 03:00:00+00:00,2.8085,-1.8414999,20.26899,3.6,16.0,0.0
2017-01-31 03:00:00+00:00,0.8585,-4.2415004,15.141414,0.2,3.0,0.0
2017-02-01 03:00:00+00:00,0.6585,-4.8915,12.229406,0.0,0.0,0.0
2017-02-02 03:00:00+00:00,1.1585001,-4.9915004,14.05845,0.0,0.0,0.0
2017-02-03 03:00:00+00:00,3.6585,-1.9415,16.08761,1.4000002,9.0,0.0
2017-02-04 03:00:00+00:00,7.7584996,-1.1415,14.417988,0.0,0.0,0.0
2017-02-05 03:00:00+00:00,3.3085,-0.2915,16.311613,0.2,3.0,0.0
2017-02-06 03:00:00+00:00,-0.6415,-2.6415,15.844089,0.0,0.0,0.0
2017-02-07 03:00:00+00:00,-0.3915,-3.7914999,14.685176,0.0,0.0,0.0
2017-02-08 03:00:00+00:00,-2.3915,-5.9915004,15.034041,0.0,0.0,0.0
2017-02-09 03:00:00+00:00,-1.6415,-5.7915,18.844202,0.0,0.0,0.0
2017-02-10 03:00:00+00:00,1.0585,-5.6915,20.523155,0.0,0.0,0.0
2017-02-11 03:00:00+00:00,0.108500004,-3.1415,21.316135,0.0,1.0,0.0
2017-02-12 03:00:00+00:00,0.95849997,-6.3415003,18.057508,0.0,0.0,0.0
2017-02-13 03:00:00+00:00,1.6585001,-6.2415004,14.264361,0.0,0.0,0.0
2017-02-14 03:00:00+00:00,4.0085,-5.9915004,11.090103,0.0,0.0,0.0
2017-02-15 03:00:00+00:00,9.408501,-4.6415,11.435313,0.0,0.0,0.0
2017-02-16 03:00:00+00:00,10.9585,-1.9914999,12.522619,1.9000001,6.0,0.0
2017-02-17 03:00:00+00:00,6.6584997,2.1585,22.68,4.2,13.0,0.0
2017-02-18 03:00:00+00:00,4.5585,0.3585,15.256526,0.5,5.0,0.0
2017-02-19 03:00:00+00:00,7.0084996,0.1585,18.514643,1.3,3.0,0.0
2017-02-20 03:00:00+00:00,9.158501,4.4585,31.863558,3.6999998,10.0,0.0
2017-02-21 03:00:00+00:00,9.5585,3.0585,30.29566,2.8000002,4.0,0.0
2017-02-22 03:00:00+00:00,10.408501,3.9585001,36.429436,7.4,16.0,0.0
2017-02-23 03:00:00+00:00,8.3085,5.3085,37.363766,7.9999995,15.0,0.0
2017-02-24 03:00:00+00:00,5.8585,-0.19150001,40.076588,1.3000001,8.0,0.1
2017-02-25 03:00:00+00:00,6.2085,-0.8415,21.710716,0.3,3.0,0.0
2017-02-26 03:00:00+00:00,9.3585005,5.6584997,21.533897,1.1,5.0,0.0
2017-02-27 03:00:00+00:00,12.158501,4.1085,26.727423,0.6,3.0,0.0
2017-02-28 03:00:00+00:00,9.908501,3.9085,29.871325,2.3,10.0,0.0
2017-03-01 03:00:00+00:00,7.2584996,1.0085,23.068108,1.8000001,6.0,0.0
2017-03-02 03:00:00+00:00,7.2584996,3.5085,35.016357,7.100001,17.0,0.1
2017-03-03 03:00:00+00:00,10.5085,1.2585001,19.191748,0.0,0.0,0.0
2017-03-04 03:00:00+00:00,15.0085,2.6585,17.906157,0.2,1.0,0.0
2017-03-05 03:00:00+00:00,11.3085,2.4585001,24.72495,0.3,3.0,0.1
2017-03-06 03:00:00+00:00,9.2585,1.1585001,18.359999,3.7000003,13.0,0.0
2017-03-07 03:00:00+00:00,4.4585,1.9085001,17.377226,0.8000001,4.0,0.2
2017-03-08 03:00:00+00:00,9.5585,1.4085001,22.366402,4.4999995,8.0,0.0
2017-03-09 03:00:00+00:00,9.9585,4.8585,30.77105,5.5,7.0,0.0
2017-03-10 03:00:00+00:00,8.8085,2.0585,26.089443,0.5,4.0,0.1
2017-03-11 03:00:00+00:00,8.2085,-0.09150001,12.261158,0.0,0.0,0.0
2017-03-12 03:00:00+00:00,5.4084997,-0.8915,15.844089,0.0,0.0,0.0
2017-03-13 03:00:00+00:00,8.5085,-0.99149996,11.753877,0.1,1.0,0.0
2017-03-14 03:00:00+00:00,10.4585,1.5085001,17.902534,0.1,1.0,0.0
2017-03-15 03:00:00+00:00,11.908501,3.6585,23.068108,0.6,5.0,0.1
2017-03-16 03:00:00+00:00,12.1085005,3.1585,17.373497,0.0,0.0,0.0
2017-03-17 03:00:00+00:00,9.908501,4.4084997,23.177402,0.7,3.0,0.0
2017-03-18 03:00:00+00:00,11.0085,1.3085,48.461132,9.000002,11.0,0.8
2017-03-19 03:00:00+00:00,9.9585,-0.6915,28.001427,12.999999,15.0,0.0
2017-03-20 03:00:00+00:00,11.658501,9.3085,23.469128,3.2,11.0,0.0
2017-03-21 03:00:00+00:00,12.8085,2.6085,22.476227,4.0,10.0,0.0
2017-03-22 03:00:00+00:00,10.0085,1.0585,15.84,0.0,0.0,0.0
2017-03-23 03:00:00+00:00,7.7085,1.8585,17.57744,2.4999998,8.0,0.0
2017-03-24 03:00:00+00:00,12.3085,0.5085,11.792404,0.0,0.0,0.0
2017-03-25 03:00:00+00:00,11.3585005,0.3085,17.429354,0.0,0.0,0.0
2017-03-26 03:00:00+00:00,12.0585,-0.24150002,10.883676,0.0,0.0,0.0
2017-03-27 03:00:00+00:00,15.2085,0.3085,11.298495,0.0,0.0,0.0
2017-03-28 03:00:00+00:00,18.7085,2.6085,14.440443,0.0,0.0,0.0
2017-03-29 03:00:00+00:00,14.8585005,6.4585,30.608469,1.4000001,8.0,0.0
2017-03-30 03:00:00+00:00,16.3085,9.3085,14.561099,0.8000001,4.0,0.1
2017-03-31 03:00:00+00:00,20.9585,8.3085,17.339897,0.0,0.0,0.0
2017-04-01 03:00:00+00:00,21.008501,6.8085,16.263872,1.4,2.0,0.0
2017-04-02 03:00:00+00:00,16.9085,7.2584996,16.434305,2.0,4.0,0.0
2017-04-03 03:00:00+00:00,11.2585,6.4084997,13.237039,0.0,0.0,0.0
2017-04-04 03:00:00+00:00,12.5585,5.2085,15.072783,0.1,1.0,0.0
2017-04-05 03:00:00+00:00,13.8585005,5.5084996,23.113008,0.70000005,4.0,0.0
2017-04-06 03:00:00+00:00,12.0585,4.3085,27.691935,0.1,1.0,0.0
2017-04-07 03:00:00+00:00,11.2085,6.8585,28.185955,1.5,4.0,0.1
2017-04-08 03:00:00+00:00,13.1085005,6.8585,16.904673,0.0,0.0,0.0
2017-04-09 03:00:00+00:00,16.6085,6.3085,9.422101,0.0,0.0,0.0
2017-04-10 03:00:00+00:00,18.258501,5.8085,27.459293,0.0,0.0,0.0
2017-04-11 03:00:00+00:00,9.9585,5.0084996,28.483257,3.1,13.0,0.0
2017-04-12 03:00:00+00:00,12.2585,6.1584997,29.070974,12.5,18.0,0.1
2017-04-13 03:00:00+00:00,11.8085,4.6085,28.696312,1.5,5.0,0.0
2017-04-14 03:00:00+00:00,12.2585,4.1584997,26.200977,0.4,4.0,0.0
2017-04-15 03:00:00+00:00,10.5585,4.5585,26.661882,4.8,9.0,0.0
2017-04-16 03:00:00+00:00,8.5585,2.7085001,23.857979,5.5999994,15.0,0.0
2017-04-17 03:00:00+00:00,8.908501,1.8085,18.388212,4.8999996,10.0,0.0
2017-04-18 03:00:00+00:00,8.5585,-0.49150002,25.478743,1.0000001,7.0,0.1
2017-04-19 03:00:00+00:00,6.1085,-1.7414999,24.014996,0.90000004,4.0,0.0
2017-04-20 03:00:00+00:00,8.2085,-2.3415,14.88242,0.0,0.0,0.0
2017-04-21 03:00:00+00:00,13.5085,4.5084996,26.459389,1.4000001,2.0,0.0
2017-04-22 03:00:00+00:00,9.7585,3.6085,30.972555,2.1000001,13.0,0.0
2017-04-23 03:00:00+00:00,9.2085,1.5085001,26.89419,1.8000001,10.0,0.0
2017-04-24 03:00:00+00:00,12.4585,1.3085,26.66188,0.0,0.0,0.0
2017-04-25 03:00:00+00:00,10.5585,1.7585001,26.944744,0.9000001,8.0,0.2
2017-04-26 03:00:00+00:00,10.658501,0.0585,9.83268,0.90000004,5.0,0.0
2017-04-27 03:00:00+00:00,11.0585,-0.5915,13.237039,0.2,2.0,0.0
2017-04-28 03:00:00+00:00,11.5585,1.3585,13.627795,0.6,5.0,0.0
2017-04-29 03:00:00+00:00,10.5585,1.0085,17.902534,2.3,8.0,0.5
2017-04-30 03:00:00+00:00,13.408501,0.95849997,25.12016,0.0,0.0,0.0
2017-05-01 03:00:00+00:00,15.4585,4.7085,31.435646,0.0,0.0,0.0
2017-05-02 03:00:00+00:00,10.6085005,6.7085,30.676142,2.5,6.0,0.0
2017-05-03 03:00:00+00:00,14.9585,7.8085,17.935081,0.2,2.0,0.0
2017-05-04 03:00:00+00:00,9.8585005,8.158501,19.652176,5.6000004,18.0,0.3
2017-05-05 03:00:00+00:00,12.8585005,8.5585,9.360001,0.1,1.0,0.0
2017-05-06 03:00:00+00:00,16.0585,7.8085,14.904173,0.1,1.0,0.0
2017-05-07 03:00:00+00:00,16.4585,5.7584996,14.618837,0.0,0.0,0.0
2017-05-08 03:00:00+00:00,10.1085005,0.8085,21.889065,3.4,8.0,0.0
2017-05-09 03:00:00+00:00,9.408501,0.0585,16.039202,1.9000001,7.0,0.0
2017-05-10 03:00:00+00:00,11.5085,3.3085,19.245697,0.5,5.0,0.0
2017-05-11 03:00:00+00:00,17.3085,2.6085,19.201874,0.0,0.0,0.0
2017-05-12 03:00:00+00:00,21.508501,7.5585,18.430452,0.0,0.0,0.0
2017-05-13 03:00:00+00:00,17.758501,10.408501,12.181624,8.3,12.0,0.0
2017-05-14 03:00:00+00:00,20.508501,9.908501,16.323528,4.2999997,5.0,0.0
2017-05-15 03:00:00+00:00,19.1585,9.4585,16.418526,0.2,2.0,0.0
2017-05-16 03:00:00+00:00,17.3085,8.7085,10.514218,1.9,6.0,0.0
2017-05-17 03:00:00+00:00,24.1585,13.8585005,15.580141,0.0,0.0,0.0
2017-05-18 03:00:00+00:00,25.8085,14.0585,18.0,0.0,0.0,0.0
2017-05-19 03:00:00+00:00,27.6585,14.5085,28.054604,0.0,0.0,0.0
2017-05-20 03:00:00+00:00,17.9085,10.5585,23.762726,0.1,1.0,0.0
2017-05-21 03:00:00+00:00,20.1085,8.4585,14.168641,0.0,0.0,0.0
2017-05-22 03:00:00+00:00,20.4585,9.7585,10.823973,0.0,0.0,0.0
2017-05-23 03:00:00+00:00,23.4585,10.5585,25.20257,0.6,4.0,0.0
2017-05-24 03:00:00+00:00,16.0585,9.8085,27.871534,0.6,4.0,0.0
2017-05-25 03:00:00+00:00,17.4085,9.5585,19.881649,0.0,0.0,0.0
2017-05-26 03:00:00+00:00,22.4585,11.5585,17.31746,0.0,0.0,0.0
2017-05-27 03:00:00+00:00,25.1585,11.408501,13.708391,0.0,0.0,0.0
2017-05-28 03:00:00+00:00,30.1085,13.9585,23.469128,0.0,0.0,0.0
2017-05-29 03:00:00+00:00,28.4085,16.1085,14.24163,0.2,1.0,0.0
2017-05-30 03:00:00+00:00,28.3585,16.6085,16.58346,2.0,6.0,0.0
2017-05-31 03:00:00+00:00,22.8085,9.9585,29.522196,0.5,5.0,0.1
2017-06-01 03:00:00+00:00,21.2085,8.658501,17.31746,0.0,0.0,0.0
2017-06-02 03:00:00+00:00,24.258501,9.4585,14.986553,0.0,0.0,0.0
2017-06-03 03:00:00+00:00,24.3585,11.9585,17.974781,6.3999996,12.0,0.0
2017-06-04 03:00:00+00:00,17.0585,11.158501,25.478743,10.6,13.0,0.9
2017-06-05 03:00:00+00:00,20.5585,11.7585,13.584932,0.4,3.0,0.2
2017-06-06 03:00:00+00:00,24.4085,12.8585005,19.602652,2.4,8.0,0.0
2017-06-07 03:00:00+00:00,18.258501,11.908501,28.510544,1.8000001,5.0,0.0
2017-06-08 03:00:00+00:00,19.4585,11.8585005,26.260265,0.0,0.0,0.0
2017-06-09 03:00:00+00:00,27.8085,13.7585,21.647945,3.5,5.0,0.0
2017-06-10 03:00:00+00:00,21.508501,13.408501,14.372974,0.3,3.0,0.0
2017-06-11 03:00:00+00:00,27.4085,14.658501,14.48972,1.5,4.0,0.0
2017-06-12 03:00:00+00:00,22.2085,14.5085,31.1686,0.4,3.0,0.2
2017-06-13 03:00:00+00:00,19.2085,11.658501,30.955812,0.6,4.0,0.0
2017-06-14 03:00:00+00:00,20.6585,11.0585,18.335276,0.0,0.0,0.0
2017-06-15 03:00:00+00:00,26.1585,10.908501,13.479583,3.1,5.0,0.0
2017-06-16 03:00:00+00:00,20.4585,13.3085,29.749592,4.4,6.0,0.0
2017-06-17 03:00:00+00:00,21.8585,12.158501,31.353085,0.0,0.0,0.0
2017-06-18 03:00:00+00:00,24.8585,11.658501,16.09969,0.0,0.0,0.0
2017-06-19 03:00:00+00:00,29.5585,15.8585005,9.659814,0.0,0.0,0.0
2017-06-20 03:00:00+00:00,27.9585,12.908501,21.862406,0.5,2.0,0.0
2017-06-21 03:00:00+00:00,22.9585,12.2585,13.479583,0.0,0.0,0.0
2017-06-22 03:00:00+00:00,27.0585,14.0085,20.390114,33.7,10.0,0.0
2017-06-23 03:00:00+00:00,22.6085,16.758501,32.136932,2.6000001,6.0,1.2
2017-06-24 03:00:00+00:00,21.0585,17.0585,26.282465,1.0,4.0,0.4
2017-06-25 03:00:00+00:00,19.6085,15.2085,22.33161,6.4,13.0,0.2
2017-06-26 03:00:00+00:00,19.9585,10.3585005,22.148045,1.9000001,5.0,0.0
2017-06-27 03:00:00+00:00,21.2085,9.7085,15.379206,0.0,0.0,0.0
2017-06-28 03:00:00+00:00,25.4585,13.408501,21.841648,3.7999997,7.0,0.0
2017-06-29 03:00:00+00:00,19.758501,15.2085,30.855171,114.7,20.0,0.0
2017-06-30 03:00:00+00:00,18.1085,14.3085,31.205997,20.5,17.0,2.7
2017-07-01 03:00:00+00:00,18.8585,14.408501,25.153671,4.4999995,9.0,0.0
2017-07-02 03:00:00+00:00,18.3085,11.1085005,25.20257,0.5,4.0,0.0
2017-07-03 03:00:00+00:00,20.5585,10.7585,19.803272,1.8,3.0,0.0
2017-07-04 03:00:00+00:00,19.258501,11.3085,22.35481,0.2,2.0,0.0
2017-07-05 03:00:00+00:00,19.0585,11.6085005,12.661564,1.4000001,3.0,0.0
2017-07-06 03:00:00+00:00,22.7085,12.0085,12.096214,0.1,1.0,0.0
2017-07-07 03:00:00+00:00,25.5585,16.4085,14.05845,7.7000003,8.0,0.0
2017-07-08 03:00:00+00:00,23.2085,14.6085005,19.592731,0.0,0.0,0.0
2017-07-09 03:00:00+00:00,22.5585,14.2085,13.392774,0.0,0.0,0.0
2017-07-10 03:00:00+00:00,21.8085,15.7585,16.343367,7.1,7.0,0.0
2017-07-11 03:00:00+00:00,22.7085,15.5085,14.458382,0.2,1.0,0.0
2017-07-12 03:00:00+00:00,19.6085,11.3085,26.260265,10.900001,13.0,0.0
2017-07-13 03:00:00+00:00,18.6085,10.908501,28.082308,0.0,0.0,0.0
2017-07-14 03:00:00+00:00,19.6585,11.9585,8.854829,0.0,0.0,0.0
2017-07-15 03:00:00+00:00,20.4585,11.7085,15.137133,0.4,1.0,0.0
2017-07-16 03:00:00+00:00,21.1085,11.8085,14.480773,5.8999996,7.0,0.0
2017-07-17 03:00:00+00:00,22.1585,11.4585,17.25373,0.0,0.0,0.0
2017-07-18 03:00:00+00:00,22.6085,11.3085,13.779114,0.0,0.0,0.0
2017-07-19 03:00:00+00:00,26.6585,14.1085005,14.77755,0.3,2.0,0.0
2017-07-20 03:00:00+00:00,27.3085,17.8585,13.684735,2.8,4.0,0.0
2017-07-21 03:00:00+00:00,24.6585,18.008501,16.516901,0.4,2.0,0.0
2017-07-22 03:00:00+00:00,24.9085,17.4585,18.511143,6.4000006,6.0,0.0
2017-07-23 03:00:00+00:00,23.1085,14.9585,24.033876,3.1,5.0,0.0
2017-07-24 03:00:00+00:00,23.6085,13.4585,18.64369,14.6,8.0,0.0
2017-07-25 03:00:00+00:00,16.9585,14.7085,16.746773,16.3,14.0,3.1
2017-07-26 03:00:00+00:00,17.008501,14.8585005,26.405453,9.299999,20.0,1.1
2017-07-27 03:00:00+00:00,22.508501,14.0085,17.902534,1.1,4.0,0.0
2017-07-28 03:00:00+00:00,21.4585,14.658501,22.33161,0.3,3.0,0.1
2017-07-29 03:00:00+00:00,24.3585,15.3085,22.159746,0.0,0.0,0.0
2017-07-30 03:00:00+00:00,29.8585,17.8085,23.762726,2.0,1.0,0.0
2017-07-31 03:00:00+00:00,26.758501,17.508501,13.202726,0.2,1.0,0.0
2017-08-01 03:00:00+00:00,28.9585,19.508501,17.555307,2.6999998,6.0,0.0
2017-08-02 03:00:00+00:00,24.1085,18.3085,9.693296,0.8,4.0,0.0
2017-08-03 03:00:00+00:00,26.8085,17.8085,22.89611,5.0,6.0,0.0
2017-08-04 03:00:00+00:00,24.3085,17.508501,26.882141,0.0,0.0,0.0
2017-08-05 03:00:00+00:00,22.3085,15.5085,18.25026,3.2,7.0,0.0
2017-08-06 03:00:00+00:00,20.758501,11.8085,21.659918,0.0,0.0,0.0
2017-08-07 03:00:00+00:00,22.9085,10.4585,12.904882,0.0,0.0,0.0
2017-08-08 03:00:00+00:00,26.4085,14.2085,23.263912,1.1,3.0,0.0
2017-08-09 03:00:00+00:00,25.6085,17.6085,15.188415,1.4000001,3.0,1.1
2017-08-10 03:00:00+00:00,24.8585,15.2085,24.946726,18.6,12.0,0.4
2017-08-11 03:00:00+00:00,21.0585,14.2585,22.691423,3.8999999,9.0,0.9
2017-08-12 03:00:00+00:00,17.9085,13.8085,22.66857,1.2,4.0,0.0
2017-08-13 03:00:00+00:00,20.6585,14.3085,18.64369,0.70000005,7.0,0.0
2017-08-14 03:00:00+00:00,22.508501,13.2585,14.386494,0.3,3.0,0.0
2017-08-15 03:00:00+00:00,26.3585,15.2085,20.969807,0.0,0.0,0.0
2017-08-16 03:00:00+00:00,20.8085,16.1085,13.779114,11.400002,11.0,0.0
2017-08-17 03:00:00+00:00,25.3585,15.7585,17.992796,0.70000005,3.0,0.0
2017-08-18 03:00:00+00:00,25.4585,15.908501,18.671474,7.7999997,11.0,0.0
2017-08-19 03:00:00+00:00,20.8585,12.8585005,21.188072,0.1,1.0,0.0
2017-08-20 03:00:00+00:00,19.1585,11.8085,18.448023,3.1999998,4.0,0.0
2017-08-21 03:00:00+00:00,19.008501,12.0585,24.50381,0.1,1.0,0.0
2017-08-22 03:00:00+00:00,17.6085,9.5585,20.87379,0.2,2.0,0.0
2017-08-23 03:00:00+00:00,20.2085,10.3085,10.041354,0.2,2.0,0.0
2017-08-24 03:00:00+00:00,22.1585,9.6085005,16.039202,0.4,4.0,0.0
2017-08-25 03:00:00+00:00,21.9585,12.7585,18.782204,0.4,3.0,0.0
2017-08-26 03:00:00+00:00,23.3585,12.658501,14.372974,3.4,5.0,0.0
2017-08-27 03:00:00+00:00,22.008501,13.2585,21.749481,0.4,4.0,0.0
2017-08-28 03:00:00+00:00,21.9085,12.0585,8.404285,0.1,1.0,0.0
2017-08-29 03:00:00+00:00,25.5585,12.7585,16.73516,0.0,0.0,0.0
2017-08-30 03:00:00+00:00,29.3085,14.908501,19.483284,0.0,0.0,0.0
2017-08-31 03:00:00+00:00,25.3585,14.0585,21.599998,1.3000001,8.0,0.1
2017-09-01 03:00:00+00:00,17.7085,11.2585,11.298495,0.3,3.0,0.0
2017-09-02 03:00:00+00:00,19.4585,10.6085005,18.64369,0.3,2.0,0.0
2017-09-03 03:00:00+00:00,18.7085,9.7085,14.039999,0.2,2.0,0.0
2017-09-04 03:00:00+00:00,19.9585,9.3585005,20.150354,0.0,0.0,0.0
2017-09-05 03:00:00+00:00,21.9085,9.7585,16.641972,0.6,3.0,0.0
2017-09-06 03:00:00+00:00,20.2085,12.8085,27.0024,6.7999997,10.0,0.1
2017-09-07 03:00:00+00:00,17.258501,11.8085,30.293522,0.3,1.0,0.0
2017-09-08 03:00:00+00:00,17.258501,12.0585,23.993399,3.2999997,16.0,0.0
2017-09-09 03:00:00+00:00,18.5585,13.5085,26.111792,3.6999998,9.0,0.0
2017-09-10 03:00:00+00:00,19.258501,12.2085,14.658676,0.1,1.0,0.0
2017-09-11 03:00:00+00:00,20.0585,12.158501,24.514387,0.1,1.0,0.0
2017-09-12 03:00:00+00:00,17.758501,10.158501,23.224882,0.5,1.0,0.0
2017-09-13 03:00:00+00:00,18.0585,10.0085,34.62369,2.0,7.0,0.0
2017-09-14 03:00:00+00:00,14.908501,10.8585005,26.7565,1.3000001,9.0,0.0
2017-09-15 03:00:00+00:00,16.3585,8.408501,27.397867,0.1,1.0,0.0
2017-09-16 03:00:00+00:00,16.6085,7.1085,10.495713,0.0,0.0,0.0
2017-09-17 03:00:00+00:00,17.5585,5.8585,8.942214,0.0,0.0,0.0
2017-09-18 03:00:00+00:00,16.3585,7.1584997,11.269782,0.70000005,5.0,0.0
2017-09-19 03:00:00+00:00,16.508501,6.6085,11.252519,0.1,1.0,0.0
2017-09-20 03:00:00+00:00,16.3585,8.3085,15.2947035,0.5,3.0,0.0
2017-09-21 03:00:00+00:00,16.9585,9.158501,11.304229,0.1,1.0,0.0
2017-09-22 03:00:00+00:00,17.2085,7.9585,10.296251,0.0,0.0,0.0
2017-09-23 03:00:00+00:00,16.758501,6.9585,14.618837,11.1,12.0,0.0
2017-09-24 03:00:00+00:00,16.9085,12.6085005,13.556282,1.7000002,8.0,0.3
2017-09-25 03:00:00+00:00,16.1585,11.7585,14.689589,3.1,8.0,0.1
2017-09-26 03:00:00+00:00,18.0585,11.7585,20.008356,3.0,7.0,0.0
2017-09-27 03:00:00+00:00,18.758501,11.908501,19.211996,0.70000005,5.0,0.0
2017-09-28 03:00:00+00:00,19.0585,12.3085,19.592731,0.1,1.0,0.1
2017-09-29 03:00:00+00:00,19.9085,10.6085005,18.998316,0.0,0.0,0.0
2017-09-30 03:00:00+00:00,19.6085,10.3085,22.039528,0.0,0.0,0.0
2017-10-01 03:00:00+00:00,13.9585,10.8585005,13.202726,0.2,2.0,0.0
2017-10-02 03:00:00+00:00,16.0085,10.408501,24.693481,8.0,13.0,0.0
2017-10-03 03:00:00+00:00,15.5585,11.158501,20.674158,1.9000001,5.0,0.5
2017-10-04 03:00:00+00:00,14.0585,10.158501,30.222849,0.5,3.0,0.0
2017-10-05 03:00:00+00:00,14.4585,7.9084997,60.15879,13.700002,15.0,0.1
2017-10-06 03:00:00+00:00,12.5585,8.6085005,26.674032,2.4,4.0,0.0
2017-10-07 03:00:00+00:00,11.9585,9.0585,27.288855,7.1000004,16.0,0.0
2017-10-08 03:00:00+00:00,13.2585,5.7584996,23.219301,1.6000001,5.0,0.0
2017-10-09 03:00:00+00:00,12.9585,4.8085,25.478743,0.6,6.0,0.0
2017-10-10 03:00:00+00:00,13.658501,9.408501,23.241617,1.4000001,11.0,0.0
2017-10-11 03:00:00+00:00,15.658501,12.9585,24.014996,1.5,7.0,0.2
2017-10-12 03:00:00+00:00,16.258501,10.8585005,33.672993,0.2,2.0,0.0
2017-10-13 03:00:00+00:00,15.408501,9.5085,18.751125,0.0,0.0,0.0
2017-10-14 03:00:00+00:00,18.8585,12.5085,24.251284,0.1,1.0,0.0
2017-10-15 03:00:00+00:00,20.7085,11.7585,12.24,0.0,0.0,0.0
2017-10-16 03:00:00+00:00,21.3085,11.0585,13.324863,0.0,0.0,0.0
2017-10-17 03:00:00+00:00,20.9585,10.4585,12.413476,0.0,0.0,0.0
2017-10-18 03:00:00+00:00,17.758501,9.0585,8.647496,0.0,0.0,0.0
2017-10-19 03:00:00+00:00,15.408501,8.2585,14.512064,0.0,0.0,0.0
2017-10-20 03:00:00+00:00,18.258501,10.2585,13.708391,1.9000001,4.0,0.0
2017-10-21 03:00:00+00:00,13.4585,9.908501,12.538134,3.2,4.0,0.0
2017-10-22 03:00:00+00:00,13.5085,9.9585,17.373497,2.0,8.0,0.5
2017-10-23 03:00:00+00:00,11.5085,6.5084996,16.09969,0.1,1.0,0.0
2017-10-24 03:00:00+00:00,13.2085,7.1085,16.418526,6.0,10.0,0.0
2017-10-25 03:00:00+00:00,17.0585,10.8585005,29.620802,3.2999997,8.0,1.2
2017-10-26 03:00:00+00:00,14.8585005,10.3585005,21.316135,0.2,2.0,0.0
2017-10-27 03:00:00+00:00,11.908501,9.5585,31.765793,0.5,5.0,0.0
2017-10-28 03:00:00+00:00,11.3085,9.908501,38.526726,4.2999997,8.0,0.0
2017-10-29 03:00:00+00:00,10.5585,4.8585,51.34892,5.5,12.0,0.6
2017-10-30 03:00:00+00:00,8.6085005,2.9585001,29.05983,0.2,2.0,0.0
2017-10-31 03:00:00+00:00,8.6085005,5.2584996,21.068459,0.5,5.0,0.0
2017-11-01 03:00:00+00:00,10.7585,8.2085,20.265795,5.8,12.0,0.0
2017-11-02 03:00:00+00:00,11.408501,8.658501,21.349546,8.1,8.0,1.3
2017-11-03 03:00:00+00:00,10.7085,6.0585,13.397612,0.4,4.0,0.0
2017-11-04 03:00:00+00:00,11.5585,4.6584997,15.844089,0.0,0.0,0.0
2017-11-05 03:00:00+00:00,12.9585,7.0084996,20.88,7.1000004,10.0,0.0
2017-11-06 03:00:00+00:00,9.5585,3.5585,14.33234,0.0,0.0,0.0
2017-11-07 03:00:00+00:00,8.6085005,1.8585,17.057314,0.3,3.0,0.0
2017-11-08 03:00:00+00:00,9.0085,5.2584996,19.164719,0.0,0.0,0.0
2017-11-09 03:00:00+00:00,7.5084996,5.1584997,17.974781,0.4,2.0,0.0
2017-11-10 03:00:00+00:00,8.4585,4.5585,27.567635,5.1999993,17.0,0.2
2017-11-11 03:00:00+00:00,7.0084996,2.4585001,26.758923,1.2,3.0,0.0
2017-11-12 03:00:00+00:00,6.1085,2.1085,16.24394,1.7000003,8.0,0.0
2017-11-13 03:00:00+00:00,7.1584997,0.6585,17.826363,0.4,3.0,0.0
2017-11-14 03:00:00+00:00,6.5585,-0.3915,19.969458,1.0,4.0,0.0
2017-11-15 03:00:00+00:00,8.3585005,6.1085,15.9134655,0.3,3.0,0.0
2017-11-16 03:00:00+00:00,9.3085,4.2584996,12.074766,0.6,3.0,0.0
2017-11-17 03:00:00+00:00,8.158501,2.4585001,12.783802,0.90000004,3.0,0.3
2017-11-18 03:00:00+00:00,6.1584997,2.4085,30.282827,3.0,4.0,0.0
2017-11-19 03:00:00+00:00,5.9585,0.9085,32.919827,0.8,6.0,0.0
2017-11-20 03:00:00+00:00,5.9084997,0.2085,23.770906,2.6999998,16.0,0.0
2017-11-21 03:00:00+00:00,8.3085,2.9585001,12.313894,6.5999994,21.0,0.3
2017-11-22 03:00:00+00:00,9.4585,5.0084996,19.406637,1.7000002,6.0,0.7
2017-11-23 03:00:00+00:00,12.8085,5.2584996,24.75638,0.0,0.0,0.0
2017-11-24 03:00:00+00:00,13.2585,3.7085001,26.826641,2.1000001,7.0,0.1
2017-11-25 03:00:00+00:00,5.6085,1.3585,19.914217,11.0,16.0,0.0
2017-11-26 03:00:00+00:00,5.1584997,0.8085,23.4,0.0,0.0,0.0
2017-11-27 03:00:00+00:00,5.2584996,1.9585,28.019936,4.1,12.0,0.0
2017-11-28 03:00:00+00:00,6.7085,1.1085,22.97522,0.2,2.0,0.0
2017-11-29 03:00:00+00:00,4.9585,-1.7915,11.792404,0.0,0.0,0.0
2017-11-30 03:00:00+00:00,3.2585,-1.1915,9.227524,0.1,1.0,0.0
2017-12-01 03:00:00+00:00,3.3585,-0.49150002,13.358861,0.5,5.0,0.0
2017-12-02 03:00:00+00:00,3.2085001,-0.54150003,8.287822,0.8000001,6.0,0.0
2017-12-03 03:00:00+00:00,3.4085,-0.8915,21.470612,0.5,6.0,0.0
2017-12-04 03:00:00+00:00,4.6584997,0.4585,23.441502,1.4000001,5.0,0.0
2017-12-05 03:00:00+00:00,7.1085,4.6085,27.359999,1.4000001,8.0,0.3
2017-12-06 03:00:00+00:00,6.8085,5.4084997,29.427662,1.3000001,8.0,0.1
2017-12-07 03:00:00+00:00,6.3085,3.6585,24.967497,4.8,6.0,0.0
2017-12-08 03:00:00+00:00,6.1085,-0.1415,26.882141,0.8000001,8.0,0.1
2017-12-09 03:00:00+00:00,2.7585,0.3585,24.251284,0.0,5.0,0.0
2017-12-10 03:00:00+00:00,4.8085,-0.9415,25.809765,0.90000004,11.0,0.0
2017-12-11 03:00:00+00:00,6.4084997,1.0585,26.758923,4.2999997,16.0,0.4
2017-12-12 03:00:00+00:00,6.7085,1.4085001,35.43578,1.8000001,9.0,0.0
2017-12-13 03:00:00+00:00,3.5585,-0.7415,28.449112,2.3,6.0,0.0
2017-12-14 03:00:00+00:00,5.0084996,-0.3915,32.917862,2.6,7.0,0.6
2017-12-15 03:00:00+00:00,1.7585001,-0.8415,13.556282,1.2000002,9.0,0.0
2017-12-16 03:00:00+00:00,2.5585,-0.3915,19.35314,1.5000001,9.0,0.0
2017-12-17 03:00:00+00:00,1.7585001,-1.2915,15.815435,0.29999998,5.0,0.0
2017-12-18 03:00:00+00:00,2.3585,-3.3915,11.808878,0.0,0.0,0.0
2017-12-19 03:00:00+00:00,2.8585,-0.09150001,13.75558,0.4,3.0,0.0
2017-12-20 03:00:00+00:00,4.5585,-0.1415,14.24163,0.6,4.0,0.0
2017-12-21 03:00:00+00:00,6.9585,2.9585001,17.654688,1.4000001,6.0,0.1
2017-12-22 03:00:00+00:00,6.3085,4.0585,21.868332,0.2,2.0,0.0
2017-12-23 03:00:00+00:00,8.658501,3.5085,32.91983,0.0,0.0,0.0
2017-12-24 03:00:00+00:00,9.408501,8.0585,34.268143,0.5,4.0,0.0
2017-12-25 03:00:00+00:00,8.6085005,3.4585001,26.999998,0.0,0.0,0.0
2017-12-26 03:00:00+00:00,9.0085,1.6085,27.80403,0.3,1.0,0.0
2017-12-27 03:00:00+00:00,5.2085,-0.24150002,19.881649,0.0,0.0,0.0
2017-12-28 03:00:00+00:00,3.9085,0.8085,20.163212,1.1,8.0,0.0
2017-12-29 03:00:00+00:00,4.0085,-1.7915,22.206486,0.0,0.0,0.0
2017-12-30 03:00:00+00:00,8.7585,-0.4415,31.338614,4.2999997,9.0,0.0
2017-12-31 03:00:00+00:00,11.908501,3.1085,28.961546,1.2,6.0,0.0
2018-01-01 03:00:00+00:00,11.7085,2.5085,28.091534,1.6,6.0,0.0
2018-01-02 03:00:00+00:00,5.6584997,1.9585,20.364674,3.6000001,8.0,1.4
2018-01-03 03:00:00+00:00,8.3585005,3.0585,37.39324,14.6,18.0,0.0
2018-01-04 03:00:00+00:00,8.2585,5.1584997,34.152596,3.4,15.0,0.0
2018-01-05 03:00:00+00:00,8.6085005,3.0585,31.311722,0.3,3.0,0.0
2018-01-06 03:00:00+00:00,7.2584996,1.5085001,17.31746,0.0,0.0,0.0
2018-01-07 03:00:00+00:00,2.5085,-3.5414999,18.678415,0.0,0.0,0.0
2018-01-08 03:00:00+00:00,1.2585001,-4.5915003,27.047956,0.0,0.0,0.0
2018-01-09 03:00:00+00:00,4.8085,-0.8915,29.775719,4.1000004,6.0,0.0
2018-01-10 03:00:00+00:00,5.3585,-0.7415,11.4862,0.2,2.0,0.1
2018-01-11 03:00:00+00:00,2.5085,0.6085,9.659814,5.2,12.0,0.2
2018-01-12 03:00:00+00:00,1.5585,0.2585,16.75064,0.6,6.0,0.0
2018-01-13 03:00:00+00:00,0.3585,-1.9914999,22.657131,0.0,0.0,0.0
2018-01-14 03:00:00+00:00,-0.54150003,-4.3415003,19.011953,0.0,0.0,0.0
2018-01-15 03:00:00+00:00,2.9085,-3.8915,31.1686,0.0,3.0,0.0
2018-01-16 03:00:00+00:00,5.6085,-0.09150001,28.808998,3.4,11.0,0.099999964
2018-01-17 03:00:00+00:00,2.0085,-1.0415,23.411074,0.39999998,10.0,0.0
2018-01-18 03:00:00+00:00,4.9084997,0.108500004,42.577515,6.4999995,13.0,0.0
2018-01-19 03:00:00+00:00,3.7585,-0.4415,16.862455,0.5,4.0,0.0
2018-01-20 03:00:00+00:00,2.6585,-2.9415,13.479583,0.2,5.0,0.0
2018-01-21 03:00:00+00:00,1.9585,-2.8915,12.181625,0.0,0.0,0.0
2018-01-22 03:00:00+00:00,1.7585001,-2.2415,20.421871,0.0,9.0,0.0
2018-01-23 03:00:00+00:00,5.5585,-3.7415,19.694992,1.3000001,5.0,0.0
2018-01-24 03:00:00+00:00,10.4585,6.0084996,25.189713,0.3,3.0,0.1
2018-01-25 03:00:00+00:00,10.1085005,6.3085,22.45315,4.0,11.0,0.0
2018-01-26 03:00:00+00:00,6.7085,5.2584996,13.584932,3.4,9.0,0.3
2018-01-27 03:00:00+00:00,6.5084996,3.5585,29.533169,0.3,3.0,0.0
2018-01-28 03:00:00+00:00,9.658501,6.1085,30.353355,2.3,13.0,0.1
2018-01-29 03:00:00+00:00,10.0085,4.3585,34.268143,4.2000003,8.0,0.0
2018-01-30 03:00:00+00:00,6.0084996,0.95849997,30.652895,0.70000005,5.0,0.0
2018-01-31 03:00:00+00:00,8.3585005,0.6085,28.660158,5.4,14.0,0.0
2018-02-01 03:00:00+00:00,5.7085,-0.1415,20.073025,0.0,0.0,0.0
2018-02-02 03:00:00+00:00,4.9084997,-0.8415,21.437386,1.5000001,7.0,0.0
2018-02-03 03:00:00+00:00,2.5585,-2.1915,16.489416,0.9000001,11.0,0.1
2018-02-04 03:00:00+00:00,1.9585,-4.6915,12.496718,0.0,3.0,0.0
2018-02-05 03:00:00+00:00,1.1085,-6.8415003,11.885453,0.0,1.0,0.0
2018-02-06 03:00:00+00:00,-0.1415,-7.1415,12.55879,0.0,0.0,0.0
2018-02-07 03:00:00+00:00,1.3085,-5.9415,10.086427,0.0,0.0,0.0
2018-02-08 03:00:00+00:00,0.8585,-7.3915,7.754637,0.0,0.0,0.0
2018-02-09 03:00:00+00:00,1.7085,-6.2415004,12.397806,0.0,2.0,0.0
2018-02-10 03:00:00+00:00,2.5085,-3.6915,13.849477,0.0,1.0,0.0
2018-02-11 03:00:00+00:00,4.3585,-0.6415,26.932714,1.1,5.0,0.0
2018-02-12 03:00:00+00:00,4.2584996,-1.9914999,22.180206,0.3,4.0,0.0
2018-02-13 03:00:00+00:00,4.3585,-4.0915003,11.753876,0.0,0.0,0.0
2018-02-14 03:00:00+00:00,3.8085,-5.1915,13.324863,0.0,0.0,0.0
2018-02-15 03:00:00+00:00,3.1085,-4.1415,23.617756,0.0,5.0,0.0
2018-02-16 03:00:00+00:00,6.4084997,-1.2915,22.68,0.0,0.0,0.0
2018-02-17 03:00:00+00:00,4.6584997,-1.3915,10.24578,0.0,0.0,0.0
2018-02-18 03:00:00+00:00,3.3585,-2.2914999,9.178235,0.0,0.0,0.0
2018-02-19 03:00:00+00:00,4.2085,-1.2915,9.826088,0.0,0.0,0.0
2018-02-20 03:00:00+00:00,3.5585,-3.1915,15.517629,0.0,0.0,0.0
2018-02-21 03:00:00+00:00,3.9085,-3.4415,14.291592,0.0,0.0,0.0
2018-02-22 03:00:00+00:00,2.0085,-2.7914999,10.137692,0.0,0.0,0.0
2018-02-23 03:00:00+00:00,-0.6415,-6.1915,15.696165,0.0,0.0,0.0
2018-02-24 03:00:00+00:00,0.108500004,-7.5415,25.455843,0.0,0.0,0.0
2018-02-25 03:00:00+00:00,-1.4914999,-8.091499,13.479583,0.0,1.0,0.0
2018-02-26 03:00:00+00:00,-2.8915,-11.341499,23.185787,0.0,0.0,0.0
2018-02-27 03:00:00+00:00,-3.9415,-12.091499,18.947083,0.0,1.0,0.0
2018-02-28 03:00:00+00:00,-5.6415,-11.6915,20.721119,0.0,0.0,0.0
2018-03-01 03:00:00+00:00,-4.9415,-11.5415,21.605999,0.0,0.0,0.0
2018-03-02 03:00:00+00:00,-3.3415,-12.2915,19.93048,0.0,0.0,0.0
2018-03-03 03:00:00+00:00,-2.3915,-11.3914995,18.448023,0.0,0.0,0.0
2018-03-04 03:00:00+00:00,3.5585,-9.1915,20.3774,0.0,0.0,0.0
2018-03-05 03:00:00+00:00,9.2085,-3.1415,14.773164,0.2,2.0,0.0
2018-03-06 03:00:00+00:00,5.2584996,-2.7914999,13.661038,1.4000001,10.0,0.0
2018-03-07 03:00:00+00:00,3.5085,-2.3915,14.345898,0.6,9.0,0.0
2018-03-08 03:00:00+00:00,8.1085005,-1.3414999,24.014996,2.8,9.0,0.0
2018-03-09 03:00:00+00:00,8.6085005,-1.3414999,32.561596,0.4,2.0,0.0
2018-03-10 03:00:00+00:00,8.158501,-1.1915,14.277983,2.6000001,12.0,0.0
2018-03-11 03:00:00+00:00,15.7085,4.1584997,16.946787,0.0,0.0,0.0
2018-03-12 03:00:00+00:00,9.3585005,4.2085,20.188908,7.0999994,16.0,0.0
2018-03-13 03:00:00+00:00,10.908501,3.3585,21.370783,3.0999994,12.0,0.0
2018-03-14 03:00:00+00:00,4.5084996,0.3585,19.969458,1.3000002,11.0,0.0
2018-03-15 03:00:00+00:00,4.5084996,1.2085,28.1169,0.0,0.0,0.0
2018-03-16 03:00:00+00:00,1.0085,-4.1915,30.007679,0.0,14.0,0.0
2018-03-17 03:00:00+00:00,-0.49150002,-5.1415,32.83705,0.0,0.0,0.0
2018-03-18 03:00:00+00:00,0.70849997,-5.8915,34.07091,0.0,0.0,0.0
2018-03-19 03:00:00+00:00,3.8585,-6.0415,18.94024,0.0,0.0,0.0
2018-03-20 03:00:00+00:00,3.6085,-5.6415,21.9718,0.0,5.0,0.0
2018-03-21 03:00:00+00:00,6.1584997,-5.2415004,17.771753,0.0,3.0,0.0
2018-03-22 03:00:00+00:00,3.4085,0.1585,24.567198,3.3999996,21.0,0.0
2018-03-23 03:00:00+00:00,3.9585001,0.4085,12.031756,0.2,2.0,0.0
2018-03-24 03:00:00+00:00,6.5084996,0.5085,12.413477,0.0,0.0,0.0
2018-03-25 03:00:00+00:00,9.908501,-1.0914999,9.422101,0.0,0.0,0.0
2018-03-26 03:00:00+00:00,8.3085,-0.3415,14.512064,0.2,1.0,0.0
2018-03-27 03:00:00+00:00,7.0585,0.70849997,15.315873,0.7,4.0,0.0
2018-03-28 03:00:00+00:00,3.0085,1.1585001,26.999998,6.1999993,21.0,0.0
2018-03-29 03:00:00+00:00,8.4585,0.5085,31.786186,0.8,4.0,0.0
2018-03-30 03:00:00+00:00,9.6085005,-1.9415,22.668568,0.0,0.0,0.0
2018-03-31 03:00:00+00:00,6.0084996,0.8085,22.89611,7.9999995,18.0,0.0
2018-04-01 03:00:00+00:00,2.9585001,0.3585,33.851486,2.1000001,16.0,0.0
2018-04-02 03:00:00+00:00,7.8085,-1.3414999,19.44,0.0,0.0,0.0
2018-04-03 03:00:00+00:00,17.258501,6.5585,20.808498,0.8,4.0,0.2
2018-04-04 03:00:00+00:00,19.4585,8.658501,19.734436,1.1,2.0,0.0
2018-04-05 03:00:00+00:00,14.5085,2.0085,27.852928,0.6,6.0,0.0
2018-04-06 03:00:00+00:00,11.2085,1.1085,15.807239,0.0,0.0,0.0
2018-04-07 03:00:00+00:00,17.4585,3.7085001,23.441502,0.0,0.0,0.0
2018-04-08 03:00:00+00:00,19.1085,6.6085,23.710857,0.0,0.0,0.0
2018-04-09 03:00:00+00:00,20.3085,5.3585,14.345898,0.0,0.0,0.0
2018-04-10 03:00:00+00:00,22.1085,10.908501,20.082708,0.1,1.0,0.0
2018-04-11 03:00:00+00:00,18.0585,10.5085,23.006226,0.70000005,4.0,0.1
2018-04-12 03:00:00+00:00,21.758501,9.8585005,29.07989,0.1,1.0,0.0
2018-04-13 03:00:00+00:00,20.6585,10.0585,25.812277,1.7000002,8.0,0.0
2018-04-14 03:00:00+00:00,16.4585,7.8585,28.220419,6.899999,13.0,0.4
2018-04-15 03:00:00+00:00,21.258501,7.8085,10.703569,0.2,1.0,0.0
2018-04-16 03:00:00+00:00,14.5585,7.7085,11.983188,2.1000001,12.0,0.0
2018-04-17 03:00:00+00:00,17.9585,6.8085,14.332341,0.0,0.0,0.0
2018-04-18 03:00:00+00:00,22.2085,6.2584996,10.661107,0.0,0.0,0.0
2018-04-19 03:00:00+00:00,22.7085,8.658501,10.009036,0.0,0.0,0.0
2018-04-20 03:00:00+00:00,25.5585,10.7085,14.693999,0.0,0.0,0.0
2018-04-21 03:00:00+00:00,20.5585,8.0585,13.202726,0.0,0.0,0.0
2018-04-22 03:00:00+00:00,21.9585,7.3585,11.885453,0.0,0.0,0.0
2018-04-23 03:00:00+00:00,20.758501,9.0085,23.936617,0.7,1.0,0.0
2018-04-24 03:00:00+00:00,16.3085,9.2085,25.620771,2.1,6.0,0.0
2018-04-25 03:00:00+00:00,16.3585,7.6584997,34.569374,1.3000001,8.0,0.2
2018-04-26 03:00:00+00:00,12.9585,5.5585,26.944744,3.4999998,10.0,0.0
2018-04-27 03:00:00+00:00,14.9585,4.9084997,15.84409,0.1,1.0,0.0
2018-04-28 03:00:00+00:00,20.8085,5.8585,18.089775,0.0,0.0,0.0
2018-04-29 03:00:00+00:00,22.3085,9.408501,19.839235,0.0,0.0,0.0
2018-04-30 03:00:00+00:00,22.8085,9.6085005,32.048088,0.3,2.0,0.0
2018-05-01 03:00:00+00:00,14.408501,4.8085,29.268686,0.0,0.0,0.0
2018-05-02 03:00:00+00:00,14.408501,4.4585,17.283749,0.0,0.0,0.0
2018-05-03 03:00:00+00:00,19.3585,5.1584997,23.051247,0.0,0.0,0.0
2018-05-04 03:00:00+00:00,16.9085,4.7584996,14.84318,0.0,0.0,0.0
2018-05-05 03:00:00+00:00,18.0585,5.3085,15.683774,0.0,0.0,0.0
2018-05-06 03:00:00+00:00,20.508501,8.158501,14.917212,0.0,0.0,0.0
2018-05-07 03:00:00+00:00,23.1585,8.908501,16.167967,0.0,0.0,0.0
2018-05-08 03:00:00+00:00,23.9085,11.5085,18.775301,0.0,0.0,0.0
2018-05-09 03:00:00+00:00,25.758501,13.7085,21.398056,0.0,0.0,0.0
2018-05-10 03:00:00+00:00,25.258501,13.3585005,20.291357,0.3,2.0,0.0
2018-05-11 03:00:00+00:00,17.3585,12.7085,16.42247,0.8000001,3.0,0.6
2018-05-12 03:00:00+00:00,21.7085,12.8585005,16.299694,0.1,1.0,0.0
2018-05-13 03:00:00+00:00,24.8585,14.8085,23.377836,0.0,0.0,0.0
2018-05-14 03:00:00+00:00,23.6085,11.908501,24.490587,0.0,0.0,0.0
2018-05-15 03:00:00+00:00,21.6085,11.5085,23.686249,3.6000001,7.0,0.0
2018-05-16 03:00:00+00:00,20.758501,11.5085,19.93048,0.2,2.0,0.0
2018-05-17 03:00:00+00:00,21.8085,9.8085,24.627789,0.2,1.0,0.0
2018-05-18 03:00:00+00:00,17.3085,9.4585,15.844089,0.0,0.0,0.0
2018-05-19 03:00:00+00:00,20.3085,8.6085005,15.077082,0.0,0.0,0.0
2018-05-20 03:00:00+00:00,20.7085,8.0585,21.647945,0.0,0.0,0.0
2018-05-21 03:00:00+00:00,23.1585,10.6085005,27.238941,0.0,0.0,0.0
2018-05-22 03:00:00+00:00,23.2085,12.408501,16.92383,0.0,0.0,0.0
2018-05-23 03:00:00+00:00,23.9585,12.2585,19.734436,0.0,0.0,0.0
2018-05-24 03:00:00+00:00,25.1585,14.3085,25.922499,0.0,0.0,0.0
2018-05-25 03:00:00+00:00,25.508501,14.8085,23.042812,0.0,0.0,0.0
2018-05-26 03:00:00+00:00,25.1585,14.5085,13.779114,0.1,1.0,0.0
2018-05-27 03:00:00+00:00,27.008501,14.7085,15.328561,0.1,1.0,0.0
2018-05-28 03:00:00+00:00,29.8585,17.9585,18.792551,0.0,0.0,0.0
2018-05-29 03:00:00+00:00,30.7085,19.508501,21.626984,0.0,0.0,0.0
2018-05-30 03:00:00+00:00,30.3585,18.0585,20.808498,0.0,0.0,0.0
2018-05-31 03:00:00+00:00,30.3585,18.008501,17.917007,0.0,0.0,0.0
2018-06-01 03:00:00+00:00,31.1585,18.6085,11.252519,3.4,4.0,0.0
2018-06-02 03:00:00+00:00,24.7085,18.1085,17.917007,6.2999997,8.0,0.0
2018-06-03 03:00:00+00:00,23.508501,16.8085,13.363711,0.7,6.0,0.0
2018-06-04 03:00:00+00:00,24.8085,15.3085,15.530151,0.1,1.0,0.0
2018-06-05 03:00:00+00:00,22.6585,12.8085,20.746122,0.5,3.0,0.0
2018-06-06 03:00:00+00:00,22.8585,12.3585005,23.023119,0.0,0.0,0.0
2018-06-07 03:00:00+00:00,26.8085,12.408501,20.265795,0.0,0.0,0.0
2018-06-08 03:00:00+00:00,29.0585,14.2085,16.434305,0.0,0.0,0.0
2018-06-09 03:00:00+00:00,30.4585,18.2085,14.917212,0.0,0.0,0.0
2018-06-10 03:00:00+00:00,28.758501,16.508501,14.291592,0.9000001,4.0,0.0
2018-06-11 03:00:00+00:00,24.3085,13.8585005,17.309975,0.5,3.0,0.0
2018-06-12 03:00:00+00:00,21.3585,13.2085,16.563911,0.0,0.0,0.0
2018-06-13 03:00:00+00:00,17.7085,13.4585,17.709658,0.6,4.0,0.0
2018-06-14 03:00:00+00:00,21.258501,12.7085,15.530151,0.0,0.0,0.0
2018-06-15 03:00:00+00:00,21.8585,14.7085,10.24578,0.1,1.0,0.0
2018-06-16 03:00:00+00:00,25.8085,16.6585,14.84318,0.0,0.0,0.0
2018-06-17 03:00:00+00:00,25.508501,13.8585005,21.273533,0.1,1.0,0.0
2018-06-18 03:00:00+00:00,23.258501,13.408501,18.129137,0.2,2.0,0.0
2018-06-19 03:00:00+00:00,24.3585,16.4085,20.316889,0.2,2.0,0.0
2018-06-20 03:00:00+00:00,26.7085,16.9585,16.42247,0.6,4.0,0.0
2018-06-21 03:00:00+00:00,26.258501,10.658501,32.688713,2.6999998,7.0,0.0
2018-06-22 03:00:00+00:00,17.6085,10.2585,30.602118,2.2999997,7.0,0.0
2018-06-23 03:00:00+00:00,17.5585,12.0585,30.659237,3.3999996,14.0,0.0
2018-06-24 03:00:00+00:00,15.3085,10.8085,22.73707,2.3000002,15.0,0.2
2018-06-25 03:00:00+00:00,20.4585,10.0085,17.786331,1.3000001,5.0,0.0
2018-06-26 03:00:00+00:00,21.9585,11.5085,17.651016,0.0,0.0,0.0
2018-06-27 03:00:00+00:00,23.1585,12.5585,19.386593,0.1,1.0,0.0
2018-06-28 03:00:00+00:00,26.508501,15.408501,25.212852,0.0,0.0,0.0
2018-06-29 03:00:00+00:00,28.4085,12.5585,25.600533,0.0,0.0,0.0
2018-06-30 03:00:00+00:00,20.508501,10.6085005,21.638964,0.2,2.0,0.0
2018-07-01 03:00:00+00:00,20.258501,8.908501,21.273533,0.0,0.0,0.0
2018-07-02 03:00:00+00:00,22.9585,8.7085,17.22742,0.0,0.0,0.0
2018-07-03 03:00:00+00:00,27.008501,11.0585,12.181624,0.0,0.0,0.0
2018-07-04 03:00:00+00:00,29.7085,13.2085,11.966953,0.0,0.0,0.0
2018-07-05 03:00:00+00:00,30.1585,15.408501,18.03237,0.0,0.0,0.0
2018-07-06 03:00:00+00:00,24.4085,12.7585,21.897945,0.1,1.0,0.0
2018-07-07 03:00:00+00:00,25.1585,12.0085,20.421871,0.0,0.0,0.0
2018-07-08 03:00:00+00:00,25.0585,14.658501,18.388212,1.5000001,7.0,0.0
2018-07-09 03:00:00+00:00,23.6085,14.658501,24.798225,0.2,2.0,0.0
2018-07-10 03:00:00+00:00,20.7085,13.7585,13.854155,2.1,4.0,0.0
2018-07-11 03:00:00+00:00,22.008501,13.408501,17.373497,5.6,11.0,0.0
2018-07-12 03:00:00+00:00,19.3585,15.0085,34.292713,43.900005,15.0,1.8
2018-07-13 03:00:00+00:00,25.5585,15.2085,18.79255,0.2,1.0,0.0
2018-07-14 03:00:00+00:00,23.2085,11.7585,18.374111,0.0,0.0,0.0
2018-07-15 03:00:00+00:00,23.4585,11.7585,11.304229,0.0,0.0,0.0
2018-07-16 03:00:00+00:00,26.3085,13.2085,13.324863,0.0,0.0,0.0
2018-07-17 03:00:00+00:00,27.3085,17.3585,19.602652,0.1,1.0,0.0
2018-07-18 03:00:00+00:00,26.0585,18.008501,22.45315,0.0,0.0,0.0
2018-07-19 03:00:00+00:00,24.7085,13.1085005,19.513195,0.0,0.0,0.0
2018-07-20 03:00:00+00:00,26.3085,12.6085005,14.57889,0.0,0.0,0.0
2018-07-21 03:00:00+00:00,26.2085,13.6085005,9.83268,0.1,1.0,0.0
2018-07-22 03:00:00+00:00,26.8085,16.0585,10.703569,0.1,1.0,0.0
2018-07-23 03:00:00+00:00,27.4585,17.7085,17.373497,0.0,0.0,0.0
2018-07-24 03:00:00+00:00,28.9085,17.3585,14.186923,0.0,0.0,0.0
2018-07-25 03:00:00+00:00,31.008501,18.008501,13.324863,0.0,0.0,0.0
2018-07-26 03:00:00+00:00,31.258501,18.4585,18.947083,0.0,0.0,0.0
2018-07-27 03:00:00+00:00,31.0585,19.8585,18.792551,0.5,5.0,0.0
2018-07-28 03:00:00+00:00,32.2085,20.1085,19.171478,4.5,7.0,0.0
2018-07-29 03:00:00+00:00,28.1085,19.3085,14.408997,0.3,1.0,0.3
2018-07-30 03:00:00+00:00,31.8085,20.508501,15.484185,0.0,0.0,0.0
2018-07-31 03:00:00+00:00,34.8085,21.008501,13.684735,0.0,0.0,0.0
2018-08-01 03:00:00+00:00,31.8085,21.2085,17.782688,2.0,5.0,0.0
2018-08-02 03:00:00+00:00,31.008501,20.508501,17.25373,4.2999997,3.0,2.6
2018-08-03 03:00:00+00:00,32.0085,20.6585,13.797913,0.0,0.0,0.0
2018-08-04 03:00:00+00:00,32.5085,20.9085,17.25373,0.0,0.0,0.0
2018-08-05 03:00:00+00:00,25.8585,17.1585,28.739187,0.3,1.0,0.3
2018-08-06 03:00:00+00:00,28.3085,16.0085,11.4862,0.0,0.0,0.0
2018-08-07 03:00:00+00:00,34.908497,18.508501,18.556595,0.0,0.0,0.0
2018-08-08 03:00:00+00:00,36.658497,21.9085,20.60823,0.0,0.0,0.0
2018-08-09 03:00:00+00:00,34.0085,20.6585,21.407139,0.90000004,2.0,0.0
2018-08-10 03:00:00+00:00,24.7085,16.8085,27.595823,0.0,0.0,0.0
2018-08-11 03:00:00+00:00,23.3585,12.7585,28.449112,0.2,1.0,0.0
2018-08-12 03:00:00+00:00,26.4085,12.7085,19.878391,0.0,0.0,0.0
2018-08-13 03:00:00+00:00,31.4085,14.7585,21.67487,1.0,1.0,0.0
2018-08-14 03:00:00+00:00,24.7085,17.1585,25.161398,0.90000004,6.0,0.0
2018-08-15 03:00:00+00:00,24.3585,15.2085,20.721119,0.8000001,3.0,0.0
2018-08-16 03:00:00+00:00,29.508501,14.4585,19.734436,0.0,0.0,0.0
2018-08-17 03:00:00+00:00,31.3085,17.2085,21.028437,0.0,0.0,0.0
2018-08-18 03:00:00+00:00,25.9085,15.0085,15.141414,0.0,0.0,0.0
2018-08-19 03:00:00+00:00,28.9585,14.7085,15.459054,0.0,0.0,0.0
2018-08-20 03:00:00+00:00,25.4585,16.758501,22.319998,0.2,2.0,0.0
2018-08-21 03:00:00+00:00,23.1585,13.3085,11.720751,0.0,0.0,0.0
2018-08-22 03:00:00+00:00,27.6085,12.6085005,10.483357,0.0,0.0,0.0
2018-08-23 03:00:00+00:00,33.408497,15.3085,15.530151,0.0,0.0,0.0
2018-08-24 03:00:00+00:00,24.3585,14.158501,20.570463,2.3000002,5.0,0.0
2018-08-25 03:00:00+00:00,20.758501,11.1085005,22.238562,0.9,2.0,0.0
2018-08-26 03:00:00+00:00,19.4085,10.7085,16.923828,0.0,0.0,0.0
2018-08-27 03:00:00+00:00,22.9585,12.908501,26.554728,0.3,3.0,0.0
2018-08-28 03:00:00+00:00,21.6085,12.4585,15.986595,0.1,1.0,0.0
2018-08-29 03:00:00+00:00,26.4585,12.1085005,18.472595,0.0,0.0,0.0
2018-08-30 03:00:00+00:00,19.4085,13.658501,23.039999,5.4999995,11.0,0.0
2018-08-31 03:00:00+00:00,19.8585,10.408501,18.079027,0.1,1.0,0.0
2018-09-01 03:00:00+00:00,22.6085,9.4585,18.416384,0.0,0.0,0.0
2018-09-02 03:00:00+00:00,23.5585,14.2585,21.578989,1.7,7.0,0.0
2018-09-03 03:00:00+00:00,27.7085,16.9585,19.416653,0.0,0.0,0.0
2018-09-04 03:00:00+00:00,25.3085,15.2085,15.986593,0.0,0.0,0.0
2018-09-05 03:00:00+00:00,24.008501,15.5085,17.429354,0.4,4.0,0.0
2018-09-06 03:00:00+00:00,24.0585,15.7085,13.039754,0.1,1.0,0.0
2018-09-07 03:00:00+00:00,22.508501,12.2585,15.986593,3.4,8.0,0.0
2018-09-08 03:00:00+00:00,21.258501,11.0585,17.992796,0.0,0.0,0.0
2018-09-09 03:00:00+00:00,24.8585,12.408501,10.829959,0.0,0.0,0.0
2018-09-10 03:00:00+00:00,26.1085,12.658501,16.434305,0.0,0.0,0.0
2018-09-11 03:00:00+00:00,25.9085,16.0085,22.057161,1.2,4.0,0.0
2018-09-12 03:00:00+00:00,26.7085,14.408501,23.73271,0.4,2.0,0.0
2018-09-13 03:00:00+00:00,15.908501,13.4585,11.119281,3.7999997,13.0,0.0
2018-09-14 03:00:00+00:00,19.6585,12.3085,10.966713,0.1,1.0,0.0
2018-09-15 03:00:00+00:00,20.4585,11.0585,23.087763,0.0,0.0,0.0
2018-09-16 03:00:00+00:00,21.508501,10.0585,11.709688,0.0,0.0,0.0
2018-09-17 03:00:00+00:00,26.2085,10.1085005,10.144082,0.0,0.0,0.0
2018-09-18 03:00:00+00:00,29.1085,12.7585,19.296133,0.0,0.0,0.0
2018-09-19 03:00:00+00:00,27.9585,14.9585,14.88242,0.0,0.0,0.0
2018-09-20 03:00:00+00:00,28.6085,15.908501,21.370783,0.0,0.0,0.0
2018-09-21 03:00:00+00:00,30.0585,12.5585,41.425034,4.7,5.0,0.0
2018-09-22 03:00:00+00:00,17.3085,9.9585,28.460497,2.0,8.0,0.0
2018-09-23 03:00:00+00:00,13.3085,8.0085,22.963936,22.2,13.0,0.0
2018-09-24 03:00:00+00:00,13.158501,6.1584997,36.12398,0.5,5.0,0.0
2018-09-25 03:00:00+00:00,13.9585,5.0084996,17.49615,0.0,0.0,0.0
2018-09-26 03:00:00+00:00,16.4585,6.3085,24.696102,0.0,0.0,0.0
2018-09-27 03:00:00+00:00,21.9585,12.158501,18.709612,0.0,0.0,0.0
2018-09-28 03:00:00+00:00,15.8585005,7.4585,22.89611,0.0,0.0,0.0
2018-09-29 03:00:00+00:00,13.8085,4.8085,9.931042,0.0,0.0,0.0
2018-09-30 03:00:00+00:00,17.1085,5.1085,13.779114,0.0,0.0,0.0
2018-10-01 03:00:00+00:00,14.0585,3.8085,19.469975,1.7,5.0,0.0
2018-10-02 03:00:00+00:00,10.6085005,5.3085,29.914679,2.8,10.0,0.0
2018-10-03 03:00:00+00:00,13.7085,8.5585,33.2781,0.4,4.0,0.1
2018-10-04 03:00:00+00:00,14.3585005,8.658501,19.66536,0.0,0.0,0.0
2018-10-05 03:00:00+00:00,19.5585,9.3085,13.797913,0.0,0.0,0.0
2018-10-06 03:00:00+00:00,21.9085,9.5085,14.982228,0.0,0.0,0.0
2018-10-07 03:00:00+00:00,13.5085,3.1085,21.434364,1.2,2.0,0.0
2018-10-08 03:00:00+00:00,14.2585,2.9585001,11.119281,0.0,0.0,0.0
2018-10-09 03:00:00+00:00,17.9085,4.3585,10.587917,0.0,0.0,0.0
2018-10-10 03:00:00+00:00,21.8085,7.0585,18.64369,0.0,0.0,0.0
2018-10-11 03:00:00+00:00,23.3085,12.158501,23.441502,0.0,0.0,0.0
2018-10-12 03:00:00+00:00,23.9585,11.408501,13.32,0.0,0.0,0.0
2018-10-13 03:00:00+00:00,24.0585,10.2585,16.831684,0.0,0.0,0.0
2018-10-14 03:00:00+00:00,23.0585,12.2085,21.578989,0.0,0.0,0.0
2018-10-15 03:00:00+00:00,21.5585,9.5085,15.315873,0.0,0.0,0.0
2018-10-16 03:00:00+00:00,20.9085,8.8585005,8.225035,0.0,0.0,0.0
2018-10-17 03:00:00+00:00,20.4085,7.2584996,9.72,0.0,0.0,0.0
2018-10-18 03:00:00+00:00,18.8085,7.0585,16.80857,0.70000005,4.0,0.0
2018-10-19 03:00:00+00:00,13.908501,3.5585,10.8955765,0.0,0.0,0.0
2018-10-20 03:00:00+00:00,12.5085,4.9585,14.33234,0.0,0.0,0.0
2018-10-21 03:00:00+00:00,14.3585005,5.8085,9.387651,0.0,0.0,0.0
2018-10-22 03:00:00+00:00,11.158501,5.2584996,19.66536,1.5,4.0,0.0
2018-10-23 03:00:00+00:00,11.408501,6.1584997,36.73588,7.1999993,16.0,0.0
2018-10-24 03:00:00+00:00,11.2085,6.2085,30.760519,0.90000004,8.0,0.0
2018-10-25 03:00:00+00:00,12.3585005,9.6085005,32.561596,0.90000004,7.0,0.0
2018-10-26 03:00:00+00:00,12.0585,8.908501,22.238562,0.6,3.0,0.0
2018-10-27 03:00:00+00:00,10.2585,3.1585,28.551426,0.0,0.0,0.0
2018-10-28 03:00:00+00:00,9.0085,4.1085,23.993399,0.90000004,5.0,0.0
2018-10-29 03:00:00+00:00,9.8085,4.2085,25.919998,0.0,0.0,0.0
2018-10-30 03:00:00+00:00,19.9585,8.6085005,33.371433,0.3,2.0,0.0
2018-10-31 03:00:00+00:00,12.2585,4.9585,27.598173,0.0,0.0,0.0
2018-11-01 03:00:00+00:00,13.7085,4.2584996,15.192682,0.0,0.0,0.0
2018-11-02 03:00:00+00:00,14.158501,4.3585,17.339897,0.0,0.0,0.0
2018-11-03 03:00:00+00:00,10.0585,5.0084996,11.212135,0.0,0.0,0.0
2018-11-04 03:00:00+00:00,11.408501,6.3585,17.654686,0.0,0.0,0.0
2018-11-05 03:00:00+00:00,16.0585,8.658501,19.346441,0.0,0.0,0.0
2018-11-06 03:00:00+00:00,16.4585,8.8585005,14.291592,0.0,0.0,0.0
2018-11-07 03:00:00+00:00,15.408501,3.9085,13.627795,0.0,0.0,0.0
2018-11-08 03:00:00+00:00,13.908501,4.6085,12.10157,0.2,1.0,0.0
2018-11-09 03:00:00+00:00,10.2085,5.9585,13.049689,1.4000001,6.0,0.3
2018-11-10 03:00:00+00:00,12.7085,5.3585,16.135872,0.0,0.0,0.0
2018-11-11 03:00:00+00:00,12.6085005,6.9084997,14.77755,2.1999998,7.0,0.0
2018-11-12 03:00:00+00:00,14.3585005,8.658501,17.731598,0.0,0.0,0.0
2018-11-13 03:00:00+00:00,11.9585,8.158501,18.35647,4.8,11.0,0.0
2018-11-14 03:00:00+00:00,11.1085005,5.7085,16.327497,0.0,0.0,0.0
2018-11-15 03:00:00+00:00,10.7585,4.0085,16.75064,0.0,0.0,0.0
2018-11-16 03:00:00+00:00,8.408501,1.9585,19.164717,0.0,0.0,0.0
2018-11-17 03:00:00+00:00,5.8085,-3.1915,18.359999,0.0,0.0,0.0
2018-11-18 03:00:00+00:00,4.7584996,-4.0415,20.991426,0.0,0.0,0.0
2018-11-19 03:00:00+00:00,4.4084997,2.0585,26.674032,1.4000001,11.0,0.0
2018-11-20 03:00:00+00:00,3.2585,1.2085,31.129074,0.0,1.0,0.0
2018-11-21 03:00:00+00:00,2.0585,0.9085,22.461807,0.0,0.0,0.0
2018-11-22 03:00:00+00:00,2.8085,0.4085,18.430452,0.0,0.0,0.0
2018-11-23 03:00:00+00:00,3.8085,-1.5914999,11.212135,0.0,0.0,0.0
2018-11-24 03:00:00+00:00,5.1584997,-1.7915,8.311245,0.5,3.0,0.0
2018-11-25 03:00:00+00:00,5.9585,0.8585,14.113652,0.1,1.0,0.0
2018-11-26 03:00:00+00:00,4.1085,-2.0915,17.555307,0.0,0.0,0.0
2018-11-27 03:00:00+00:00,1.7085,-3.3915,7.8954163,0.0,0.0,0.0
2018-11-28 03:00:00+00:00,2.7585,-2.4415,22.493519,0.0,0.0,0.0
2018-11-29 03:00:00+00:00,2.3585,-1.5914999,23.333443,0.0,0.0,0.0
2018-11-30 03:00:00+00:00,1.9585,0.1585,20.730501,5.5000005,13.0,0.0
2018-12-01 03:00:00+00:00,6.6085,1.1085,15.84409,0.0,0.0,0.0
2018-12-02 03:00:00+00:00,9.4585,4.0085,21.26744,2.9000003,11.0,0.0
2018-12-03 03:00:00+00:00,12.408501,7.4084997,20.991426,3.6999998,7.0,0.0
2018-12-04 03:00:00+00:00,9.2585,1.2585001,25.96496,0.3,3.0,0.0
2018-12-05 03:00:00+00:00,5.8585,-0.4415,18.692286,0.0,0.0,0.0
2018-12-06 03:00:00+00:00,9.5585,2.9585001,20.364674,1.5,7.0,0.0
2018-12-07 03:00:00+00:00,11.158501,7.1584997,32.789658,9.0,22.0,0.2
2018-12-08 03:00:00+00:00,7.8585,4.8085,30.421598,2.8,6.0,0.0
2018-12-09 03:00:00+00:00,7.6085,4.6584997,30.009838,4.799999,17.0,0.0
2018-12-10 03:00:00+00:00,5.4084997,2.2085001,32.619255,1.7,8.0,0.0
2018-12-11 03:00:00+00:00,4.4585,2.4585001,27.055143,4.6,17.0,0.2
2018-12-12 03:00:00+00:00,3.8585,-0.3415,15.281989,0.0,0.0,0.0
2018-12-13 03:00:00+00:00,2.3085,-0.4415,14.658676,0.4,6.0,0.0
2018-12-14 03:00:00+00:00,0.5085,-2.3915,13.722565,0.0,0.0,0.0
2018-12-15 03:00:00+00:00,0.70849997,-1.8915,15.617529,0.0,0.0,0.0
2018-12-16 03:00:00+00:00,0.4585,-2.1915,18.581022,0.0,3.0,0.0
2018-12-17 03:00:00+00:00,1.8085,-2.1915,9.028754,0.0,0.0,0.0
2018-12-18 03:00:00+00:00,5.1085,0.0585,15.815435,0.2,2.0,0.0
2018-12-19 03:00:00+00:00,3.1585,-0.041500002,20.592503,0.2,2.0,0.0
2018-12-20 03:00:00+00:00,5.2584996,1.9085001,13.896187,0.7,3.0,0.0
2018-12-21 03:00:00+00:00,10.2085,4.9084997,32.427986,8.6,18.0,0.0
2018-12-22 03:00:00+00:00,7.7584996,2.4585001,33.31508,5.9,12.0,0.2
2018-12-23 03:00:00+00:00,7.1584997,3.4585001,23.893261,4.5,16.0,0.0
2018-12-24 03:00:00+00:00,4.0085,0.1585,20.431387,0.0,0.0,0.0
2018-12-25 03:00:00+00:00,5.9585,4.0085,24.993439,0.3,2.0,0.0
2018-12-26 03:00:00+00:00,7.3585,4.9585,23.535301,0.70000005,5.0,0.0
2018-12-27 03:00:00+00:00,5.7085,4.3085,19.296133,0.4,4.0,0.1
2018-12-28 03:00:00+00:00,7.0585,5.4585,20.172853,0.6,5.0,0.1
2018-12-29 03:00:00+00:00,6.5585,4.4585,21.94524,5.3,13.0,0.1
2018-12-30 03:00:00+00:00,7.6085,2.0085,30.61482,2.0,5.0,0.5
2018-12-31 03:00:00+00:00,7.5084996,2.4085,23.688984,0.0,0.0,0.0
2019-01-01 03:00:00+00:00,7.5084996,3.0085,36.792282,1.9000002,11.0,0.0
2019-01-02 03:00:00+00:00,3.5585,-2.3415,31.072817,0.0,0.0,0.0
2019-01-03 03:00:00+00:00,2.1585,-3.0414999,21.437386,0.1,4.0,0.0
2019-01-04 03:00:00+00:00,5.4585,-0.9415,23.803596,1.1,7.0,0.0
2019-01-05 03:00:00+00:00,7.6085,1.2085,21.2522,0.5,3.0,0.3
2019-01-06 03:00:00+00:00,2.9085,-0.54150003,12.768586,0.0,0.0,0.0
2019-01-07 03:00:00+00:00,5.4084997,1.2085,24.850431,6.2000003,18.0,0.0
2019-01-08 03:00:00+00:00,5.9084997,1.3085,32.209442,8.599999,24.0,0.4
2019-01-09 03:00:00+00:00,2.9085,1.2085,28.483257,4.2,22.0,0.20000002
2019-01-10 03:00:00+00:00,1.7085,-0.8415,19.852295,0.0,0.0,0.0
2019-01-11 03:00:00+00:00,5.3085,-0.24150002,21.129883,0.70000005,11.0,0.0
2019-01-12 03:00:00+00:00,5.4585,1.8085,24.933735,4.2999997,13.0,0.0
2019-01-13 03:00:00+00:00,7.5084996,3.9585001,34.828953,7.3,11.0,0.0
2019-01-14 03:00:00+00:00,3.3085,-0.19150001,35.747112,0.0,1.0,0.0
2019-01-15 03:00:00+00:00,6.6085,1.4085001,31.731092,4.4,17.0,0.0
2019-01-16 03:00:00+00:00,6.9585,3.1585,27.74103,0.0,0.0,0.0
2019-01-17 03:00:00+00:00,6.4585,0.5585,25.6233,4.4999995,14.0,0.0
2019-01-18 03:00:00+00:00,1.7585001,-1.4415,21.710716,0.0,5.0,0.0
2019-01-19 03:00:00+00:00,2.2585,-5.0915003,7.5170207,0.0,0.0,0.0
2019-01-20 03:00:00+00:00,1.1585001,-5.9915004,8.669949,0.0,0.0,0.0
2019-01-21 03:00:00+00:00,-1.2414999,-4.5415,14.291592,0.0,0.0,0.0
2019-01-22 03:00:00+00:00,-0.2915,-6.4415,15.137133,0.0,0.0,0.0
2019-01-23 03:00:00+00:00,-2.1915,-7.0915003,19.66536,0.0,0.0,0.0
2019-01-24 03:00:00+00:00,-3.0915,-4.4915004,15.629971,0.0,0.0,0.0
2019-01-25 03:00:00+00:00,-2.4915,-4.4915004,14.759999,0.0,3.0,0.0
2019-01-26 03:00:00+00:00,3.3085,-1.6415,16.09969,4.4999995,22.0,0.0
2019-01-27 03:00:00+00:00,5.1584997,1.9085001,17.654688,3.3,15.0,0.0
2019-01-28 03:00:00+00:00,4.8585,0.008499999,19.586119,2.7999997,12.0,0.3
2019-01-29 03:00:00+00:00,2.8585,-3.6915,21.566975,0.20000002,3.0,0.1
2019-01-30 03:00:00+00:00,2.7585,-3.2914999,25.603062,0.0,0.0,0.0
2019-01-31 03:00:00+00:00,3.4585001,-1.9415,13.207634,0.0,0.0,0.0
2019-02-01 03:00:00+00:00,1.7085,-3.5414999,20.111729,0.9,3.0,0.0
2019-02-02 03:00:00+00:00,1.8085,0.1585,15.111424,0.3,11.0,0.0
2019-02-03 03:00:00+00:00,2.0585,-1.4415,18.089775,0.6000001,6.0,0.0
2019-02-04 03:00:00+00:00,4.7584996,-1.9415,18.86139,0.0,0.0,0.0
2019-02-05 03:00:00+00:00,4.2584996,0.2085,19.562946,0.0,3.0,0.0
2019-02-06 03:00:00+00:00,6.2584996,-0.09150001,20.570463,0.0,0.0,0.0
2019-02-07 03:00:00+00:00,6.2085,-1.0914999,20.633371,0.1,1.0,0.0
2019-02-08 03:00:00+00:00,8.2585,1.5085001,24.946726,0.0,0.0,0.0
2019-02-09 03:00:00+00:00,9.908501,5.5084996,31.853388,2.1,7.0,0.0
2019-02-10 03:00:00+00:00,8.5585,2.6585,31.222609,8.6,18.0,0.0
2019-02-11 03:00:00+00:00,6.5585,1.2085,33.425762,2.2999997,5.0,0.7
2019-02-12 03:00:00+00:00,5.4084997,-0.041500002,26.42753,0.5,4.0,0.0
2019-02-13 03:00:00+00:00,8.0585,4.1085,25.570139,0.3,3.0,0.0
2019-02-14 03:00:00+00:00,9.7585,-0.54150003,13.627795,0.0,0.0,0.0
2019-02-15 03:00:00+00:00,11.3085,-2.0414999,11.542478,0.0,0.0,0.0
2019-02-16 03:00:00+00:00,13.9585,1.1085,14.982228,0.0,0.0,0.0
2019-02-17 03:00:00+00:00,12.158501,-1.2414999,10.787993,0.0,0.0,0.0
2019-02-18 03:00:00+00:00,13.0585,-0.6915,11.808878,0.0,0.0,0.0
2019-02-19 03:00:00+00:00,9.7085,3.2085001,23.023119,1.2,4.0,0.0
2019-02-20 03:00:00+00:00,9.7085,4.3085,21.288757,0.2,1.0,0.0
2019-02-21 03:00:00+00:00,11.0585,6.2584996,23.084955,4.8,11.0,0.0
2019-02-22 03:00:00+00:00,7.4084997,-3.6415,23.686249,0.0,0.0,0.0
2019-02-23 03:00:00+00:00,4.1085,-4.6915,12.72283,0.0,0.0,0.0
2019-02-24 03:00:00+00:00,10.0085,-3.1915,9.531505,0.0,0.0,0.0
2019-02-25 03:00:00+00:00,12.4585,-1.4914999,14.587776,0.0,0.0,0.0
2019-02-26 03:00:00+00:00,11.158501,0.6085,13.392774,0.0,0.0,0.0
2019-02-27 03:00:00+00:00,14.2085,0.8585,15.226764,0.0,0.0,0.0
2019-02-28 03:00:00+00:00,12.408501,3.8085,21.96,0.0,0.0,0.0
2019-03-01 03:00:00+00:00,5.9084997,2.5085,15.7908325,0.4,4.0,0.0
2019-03-02 03:00:00+00:00,6.0585,2.2085001,16.075521,0.0,0.0,0.0
2019-03-03 03:00:00+00:00,10.0585,6.7584996,25.133053,4.3,11.0,0.1
2019-03-04 03:00:00+00:00,14.2585,5.9585,40.32161,1.8,6.0,0.0
2019-03-05 03:00:00+00:00,8.7085,2.4585001,37.88048,1.2,9.0,0.0
2019-03-06 03:00:00+00:00,11.2085,1.3585,23.34455,0.4,2.0,0.0
2019-03-07 03:00:00+00:00,16.1585,7.6085,33.89549,1.5,4.0,0.5
2019-03-08 03:00:00+00:00,9.6085005,3.9585001,41.493805,1.6000001,7.0,0.0
2019-03-09 03:00:00+00:00,11.5085,4.1584997,43.71592,10.299998,14.0,0.0
2019-03-10 03:00:00+00:00,7.5585,1.8585,29.810522,10.4,15.0,0.0
2019-03-11 03:00:00+00:00,5.6085,1.1585001,27.475807,2.9999995,15.0,0.1
2019-03-12 03:00:00+00:00,8.408501,1.9085001,27.105392,0.2,2.0,0.0
2019-03-13 03:00:00+00:00,9.9585,3.5085,37.745102,3.8,12.0,0.3
2019-03-14 03:00:00+00:00,8.3585005,3.5085,28.47643,8.099999,15.0,0.1
2019-03-15 03:00:00+00:00,9.4585,6.0585,35.543507,3.2000003,11.0,0.0
2019-03-16 03:00:00+00:00,8.9585,4.9084997,28.883131,4.8,8.0,0.0
2019-03-17 03:00:00+00:00,12.5585,3.5085,31.421213,2.2999997,6.0,0.0
2019-03-18 03:00:00+00:00,7.7085,2.8085,36.8486,2.5,7.0,0.0
2019-03-19 03:00:00+00:00,8.2585,-0.6415,20.966715,0.3,2.0,0.0
2019-03-20 03:00:00+00:00,11.6085005,-1.8915,19.13426,0.0,0.0,0.0
2019-03-21 03:00:00+00:00,13.658501,4.9084997,18.391735,0.0,0.0,0.0
2019-03-22 03:00:00+00:00,13.5085,3.6585,11.435313,0.0,0.0,0.0
2019-03-23 03:00:00+00:00,16.8585,4.6085,20.696087,0.0,0.0,0.0
2019-03-24 03:00:00+00:00,10.658501,1.8085,10.296251,0.0,0.0,0.0
2019-03-25 03:00:00+00:00,7.8585,1.5085001,27.009598,2.5,7.0,0.0
2019-03-26 03:00:00+00:00,8.3085,2.0585,31.154043,0.1,1.0,0.0
2019-03-27 03:00:00+00:00,9.5085,3.7085001,21.602999,0.8,4.0,0.0
2019-03-28 03:00:00+00:00,10.9585,7.3085,16.831684,2.8,11.0,0.2
2019-03-29 03:00:00+00:00,12.7585,3.5085,11.966954,0.0,0.0,0.0
2019-03-30 03:00:00+00:00,16.9085,2.1085,15.546833,0.0,0.0,0.0
2019-03-31 03:00:00+00:00,12.0085,-1.1915,18.86139,0.0,0.0,0.0
2019-04-01 03:00:00+00:00,10.0585,-1.4415,20.140705,0.0,0.0,0.0
2019-04-02 03:00:00+00:00,13.7585,1.8585,21.413193,0.0,0.0,0.0
2019-04-03 03:00:00+00:00,18.008501,6.9084997,16.09969,0.2,1.0,0.0
2019-04-04 03:00:00+00:00,19.3085,7.7584996,18.25026,0.0,0.0,0.0
2019-04-05 03:00:00+00:00,16.258501,8.908501,16.071491,0.0,0.0,0.0
2019-04-06 03:00:00+00:00,20.008501,7.5585,16.93531,0.0,0.0,0.0
2019-04-07 03:00:00+00:00,18.258501,5.8585,15.617529,0.0,0.0,0.0
2019-04-08 03:00:00+00:00,18.258501,3.9085,21.09305,0.2,1.0,0.0
2019-04-09 03:00:00+00:00,11.6085005,2.3085,18.584509,0.0,0.0,0.0
2019-04-10 03:00:00+00:00,8.7085,1.1085,17.873556,0.0,0.0,0.0
2019-04-11 03:00:00+00:00,6.7085,0.6585,17.339897,0.0,0.0,0.0
2019-04-12 03:00:00+00:00,5.0084996,1.4585,18.089775,0.1,1.0,0.0
2019-04-13 03:00:00+00:00,7.2584996,1.2585001,18.671474,0.4,5.0,0.0
2019-04-14 03:00:00+00:00,9.4585,1.6585001,22.406927,2.1999998,9.0,0.2
2019-04-15 03:00:00+00:00,12.5585,1.2585001,17.148247,0.0,0.0,0.0
2019-04-16 03:00:00+00:00,14.7085,1.3585,21.67487,0.0,0.0,0.0
2019-04-17 03:00:00+00:00,16.8585,3.4085,16.954432,0.0,0.0,0.0
2019-04-18 03:00:00+00:00,19.9585,6.5084996,18.733839,0.0,0.0,0.0
2019-04-19 03:00:00+00:00,20.9085,5.2085,17.373497,0.0,0.0,0.0
2019-04-20 03:00:00+00:00,20.0585,3.8085,13.276144,0.0,0.0,0.0
2019-04-21 03:00:00+00:00,20.0585,6.0084996,14.021525,0.0,0.0,0.0
2019-04-22 03:00:00+00:00,18.8085,7.1085,32.048088,0.0,0.0,0.0
2019-04-23 03:00:00+00:00,19.6585,10.408501,39.95351,0.4,2.0,0.0
2019-04-24 03:00:00+00:00,22.5585,10.908501,23.199759,0.2,1.0,0.0
2019-04-25 03:00:00+00:00,24.258501,12.8585005,18.36353,0.1,1.0,0.0
2019-04-26 03:00:00+00:00,25.2085,9.7585,23.540806,5.7,7.0,0.0
2019-04-27 03:00:00+00:00,17.2085,8.7585,17.873556,1.5,5.0,0.0
2019-04-28 03:00:00+00:00,13.0085,8.3585005,19.93048,0.6,4.0,0.0
2019-04-29 03:00:00+00:00,16.758501,5.2085,24.72495,2.9999998,10.0,0.1
2019-04-30 03:00:00+00:00,17.3585,4.7085,18.775301,2.4,2.0,0.0
2019-05-01 03:00:00+00:00,17.2085,7.5585,24.162947,2.4,7.0,0.2
2019-05-02 03:00:00+00:00,14.1085005,6.8585,28.808998,0.5,3.0,0.0
2019-05-03 03:00:00+00:00,10.7085,5.0585,25.0064,0.3,2.0,0.0
2019-05-04 03:00:00+00:00,10.3085,1.1085,16.09969,2.1000001,8.0,0.0
2019-05-05 03:00:00+00:00,11.4585,0.2585,13.493999,0.0,0.0,0.0
2019-05-06 03:00:00+00:00,11.408501,2.3085,23.535301,0.70000005,4.0,0.0
2019-05-07 03:00:00+00:00,12.3085,1.7085,13.979871,0.2,2.0,0.1
2019-05-08 03:00:00+00:00,18.008501,2.0585,25.582806,1.7,5.0,0.0
2019-05-09 03:00:00+00:00,16.8085,8.7085,19.255793,1.6000001,11.0,0.2
2019-05-10 03:00:00+00:00,16.758501,5.6085,20.523155,5.3,8.0,0.7
2019-05-11 03:00:00+00:00,15.0085,5.3585,19.296133,2.7999997,11.0,0.0
2019-05-12 03:00:00+00:00,15.7585,5.3085,22.73707,0.1,1.0,0.1
2019-05-13 03:00:00+00:00,14.658501,4.6085,20.49156,0.1,1.0,0.0
2019-05-14 03:00:00+00:00,13.4585,3.2585,29.387999,0.2,2.0,0.0
2019-05-15 03:00:00+00:00,13.4585,3.2085001,22.450264,1.5,4.0,0.0
2019-05-16 03:00:00+00:00,13.7085,5.5585,22.768398,11.300001,13.0,0.7
2019-05-17 03:00:00+00:00,18.6585,5.4585,13.910169,0.0,0.0,0.0
2019-05-18 03:00:00+00:00,22.7085,10.3585005,21.26744,0.1,1.0,0.0
2019-05-19 03:00:00+00:00,23.7085,10.3085,18.998314,0.0,0.0,0.0
2019-05-20 03:00:00+00:00,24.6585,12.8085,18.792551,4.6,5.0,0.0
2019-05-21 03:00:00+00:00,22.4585,12.1085005,16.489416,0.4,3.0,0.0
2019-05-22 03:00:00+00:00,14.8585005,9.9585,28.257132,1.4000001,10.0,0.0
2019-05-23 03:00:00+00:00,19.4085,8.5585,21.868332,0.0,0.0,0.0
2019-05-24 03:00:00+00:00,22.2085,8.3585005,16.766108,0.0,0.0,0.0
2019-05-25 03:00:00+00:00,17.9585,9.3085,20.12461,0.0,0.0,0.0
2019-05-26 03:00:00+00:00,22.3085,8.5585,28.460497,0.0,0.0,0.0
2019-05-27 03:00:00+00:00,19.508501,13.6085005,23.795427,0.2,2.0,0.0
2019-05-28 03:00:00+00:00,18.9585,8.658501,20.519999,0.0,0.0,0.0
2019-05-29 03:00:00+00:00,16.508501,7.2584996,16.199999,0.0,0.0,0.0
2019-05-30 03:00:00+00:00,22.9585,6.7085,21.603,0.0,0.0,0.0
2019-05-31 03:00:00+00:00,24.008501,13.4585,19.083395,1.4000001,6.0,0.0
2019-06-01 03:00:00+00:00,28.1085,14.7085,21.659918,0.0,0.0,0.0
2019-06-02 03:00:00+00:00,30.5585,15.4585,15.034041,0.0,0.0,0.0
2019-06-03 03:00:00+00:00,33.608498,18.258501,22.033648,0.0,0.0,0.0
2019-06-04 03:00:00+00:00,30.4085,17.7085,13.849476,0.0,0.0,0.0
2019-06-05 03:00:00+00:00,32.8085,19.8085,19.813087,0.0,0.0,0.0
2019-06-06 03:00:00+00:00,29.8085,14.8585005,20.150354,16.6,14.0,0.0
2019-06-07 03:00:00+00:00,25.6585,14.408501,16.831684,0.0,0.0,0.0
2019-06-08 03:00:00+00:00,22.508501,12.4585,30.758411,0.5,1.0,0.0
2019-06-09 03:00:00+00:00,25.8585,12.3085,16.24394,0.0,0.0,0.0
2019-06-10 03:00:00+00:00,27.6085,16.5585,19.296133,5.7999997,12.0,0.3
2019-06-11 03:00:00+00:00,28.8085,17.4585,18.11841,7.6,5.0,0.0
2019-06-12 03:00:00+00:00,33.108498,15.7085,27.416782,1.4000001,5.0,0.0
2019-06-13 03:00:00+00:00,25.508501,14.7585,10.630672,0.8,3.0,0.0
2019-06-14 03:00:00+00:00,30.3585,14.908501,24.098497,0.3,1.0,0.0
2019-06-15 03:00:00+00:00,32.4585,16.2085,26.795223,8.1,5.0,0.0
2019-06-16 03:00:00+00:00,24.008501,14.3585005,14.689588,0.0,0.0,0.0
2019-06-17 03:00:00+00:00,26.4085,14.4585,13.049689,0.1,1.0,0.0
2019-06-18 03:00:00+00:00,29.758501,16.8585,19.681828,0.0,0.0,0.0
2019-06-19 03:00:00+00:00,30.9585,18.008501,17.917007,0.5,1.0,0.0
2019-06-20 03:00:00+00:00,27.4585,17.6085,17.414476,2.1,5.0,0.0
2019-06-21 03:00:00+00:00,24.258501,14.7585,16.746773,0.1,1.0,0.1
2019-06-22 03:00:00+00:00,25.008501,14.4585,20.767975,0.0,0.0,0.0
2019-06-23 03:00:00+00:00,27.7085,15.3085,21.413193,0.0,0.0,0.0
2019-06-24 03:00:00+00:00,29.1085,16.258501,16.954432,0.0,0.0,0.0
2019-06-25 03:00:00+00:00,33.658497,19.8085,19.862083,0.0,0.0,0.0
2019-06-26 03:00:00+00:00,36.358498,16.9585,24.967497,0.0,0.0,0.0
2019-06-27 03:00:00+00:00,25.1085,15.408501,21.67487,0.0,0.0,0.0
2019-06-28 03:00:00+00:00,24.3085,13.8585005,12.979984,0.0,0.0,0.0
2019-06-29 03:00:00+00:00,30.4585,13.3585005,9.779817,0.0,0.0,0.0
2019-06-30 03:00:00+00:00,37.408497,16.9585,24.567198,1.9000001,2.0,0.0
2019-07-01 03:00:00+00:00,27.6085,15.3585005,24.640942,0.0,0.0,0.0
2019-07-02 03:00:00+00:00,22.258501,11.158501,28.829233,0.0,0.0,0.0
2019-07-03 03:00:00+00:00,18.9585,10.5585,22.206486,0.1,1.0,0.0
2019-07-04 03:00:00+00:00,22.1085,10.9585,20.345573,0.1,1.0,0.0
2019-07-05 03:00:00+00:00,20.9585,14.3085,26.309572,1.1,8.0,0.1
2019-07-06 03:00:00+00:00,23.258501,12.158501,25.721743,4.0,7.0,0.0
2019-07-07 03:00:00+00:00,17.8085,11.0585,26.339111,0.0,0.0,0.0
2019-07-08 03:00:00+00:00,18.758501,10.8085,23.319553,0.1,1.0,0.0
2019-07-09 03:00:00+00:00,18.1585,11.1085005,19.809813,0.2,2.0,0.0
2019-07-10 03:00:00+00:00,21.3085,11.1085005,20.898613,1.4000001,5.0,0.0
2019-07-11 03:00:00+00:00,24.258501,11.158501,13.896187,0.5,2.0,0.0
2019-07-12 03:00:00+00:00,18.9085,14.8585005,7.9036193,8.400001,18.0,0.5
2019-07-13 03:00:00+00:00,24.4085,14.5585,15.844089,2.0,5.0,0.0
2019-07-14 03:00:00+00:00,22.508501,14.908501,17.654688,0.2,2.0,0.0
2019-07-15 03:00:00+00:00,18.758501,14.658501,18.448023,0.1,1.0,0.0
2019-07-16 03:00:00+00:00,20.8585,12.908501,23.266697,0.5,4.0,0.0
2019-07-17 03:00:00+00:00,22.9085,12.0085,12.181625,0.0,0.0,0.0
2019-07-18 03:00:00+00:00,25.6585,13.0585,12.849528,0.0,0.0,0.0
2019-07-19 03:00:00+00:00,24.6585,15.2585,17.709658,0.2,1.0,0.0
2019-07-20 03:00:00+00:00,29.8585,14.8085,15.716793,0.4,2.0,0.0
2019-07-21 03:00:00+00:00,26.2085,16.4585,20.364674,0.0,0.0,0.0
2019-07-22 03:00:00+00:00,25.1585,15.8585005,18.0036,0.3,2.0,0.0
2019-07-23 03:00:00+00:00,30.258501,17.4085,19.174856,0.0,0.0,0.0
2019-07-24 03:00:00+00:00,32.908497,17.6085,12.682018,0.0,0.0,0.0
2019-07-25 03:00:00+00:00,34.108498,19.508501,18.39878,0.0,0.0,0.0
2019-07-26 03:00:00+00:00,30.8585,20.008501,21.707731,0.0,0.0,0.0
2019-07-27 03:00:00+00:00,27.9585,19.4085,22.180206,0.0,0.0,0.0
2019-07-28 03:00:00+00:00,30.7085,19.1085,18.532133,0.0,0.0,0.0
2019-07-29 03:00:00+00:00,33.5085,21.3085,18.430452,2.2,5.0,0.0
2019-07-30 03:00:00+00:00,29.8585,18.7085,16.343367,0.8,4.0,0.0
2019-07-31 03:00:00+00:00,26.4585,15.5085,13.276144,9.7,10.0,0.0
2019-08-01 03:00:00+00:00,24.1585,14.0585,11.212135,1.4000001,3.0,0.0
2019-08-02 03:00:00+00:00,23.9085,13.7585,11.212135,6.3999996,7.0,0.0
2019-08-03 03:00:00+00:00,24.5585,14.8585005,15.408671,0.1,1.0,0.0
2019-08-04 03:00:00+00:00,23.9085,13.8085,17.10284,0.3,3.0,0.0
2019-08-05 03:00:00+00:00,25.0585,13.8085,14.408997,0.9,2.0,0.0
2019-08-06 03:00:00+00:00,27.4585,16.3585,23.219301,1.2,4.0,0.0
2019-08-07 03:00:00+00:00,24.3085,16.0085,22.148046,0.9000001,4.0,0.0
2019-08-08 03:00:00+00:00,25.8085,15.158501,24.280659,0.1,1.0,0.0
2019-08-09 03:00:00+00:00,27.0585,14.9585,19.08,3.6,4.0,0.0
2019-08-10 03:00:00+00:00,27.2085,17.9585,26.242987,0.2,1.0,0.2
2019-08-11 03:00:00+00:00,27.3585,17.7085,19.272614,0.3,3.0,0.0
2019-08-12 03:00:00+00:00,23.758501,15.908501,15.986595,0.0,0.0,0.0
2019-08-13 03:00:00+00:00,21.9085,11.8585005,25.068514,0.5,4.0,0.0
2019-08-14 03:00:00+00:00,20.9585,11.408501,19.083395,0.0,0.0,0.0
2019-08-15 03:00:00+00:00,22.5585,11.7085,24.482647,0.1,1.0,0.0
2019-08-16 03:00:00+00:00,22.2085,14.908501,18.72,0.1,1.0,0.0
2019-08-17 03:00:00+00:00,26.8085,15.1085005,21.915693,0.0,0.0,0.0
2019-08-18 03:00:00+00:00,25.6085,16.3585,22.392464,3.3999999,9.0,0.0
2019-08-19 03:00:00+00:00,23.6085,13.408501,19.809813,0.0,0.0,0.0
2019-08-20 03:00:00+00:00,24.508501,12.7585,10.464797,1.0,6.0,0.0
2019-08-21 03:00:00+00:00,23.3085,11.7585,16.075521,0.0,0.0,0.0
2019-08-22 03:00:00+00:00,26.4085,10.908501,14.113652,0.0,0.0,0.0
2019-08-23 03:00:00+00:00,27.8085,14.0585,12.031756,0.0,0.0,0.0
2019-08-24 03:00:00+00:00,29.1085,14.5085,18.775303,0.0,0.0,0.0
2019-08-25 03:00:00+00:00,30.008501,19.758501,19.211996,0.0,0.0,0.0
2019-08-26 03:00:00+00:00,31.008501,18.6085,13.039754,0.0,0.0,0.0
2019-08-27 03:00:00+00:00,30.6085,20.1585,21.9718,0.1,1.0,0.0
2019-08-28 03:00:00+00:00,32.158497,18.3085,14.264361,0.0,0.0,0.0
2019-08-29 03:00:00+00:00,30.1085,17.6085,13.493999,0.4,2.0,0.0
2019-08-30 03:00:00+00:00,29.1085,18.9085,11.542478,0.5,5.0,0.1
2019-08-31 03:00:00+00:00,32.5585,19.4085,15.683774,0.0,0.0,0.0
2019-09-01 03:00:00+00:00,29.3085,15.6085005,21.194187,0.0,0.0,0.0
2019-09-02 03:00:00+00:00,21.0585,10.658501,19.130875,0.0,0.0,0.0
2019-09-03 03:00:00+00:00,20.3085,10.4585,20.957443,0.0,0.0,0.0
2019-09-04 03:00:00+00:00,27.0585,13.1085005,22.065973,0.2,1.0,0.0
2019-09-05 03:00:00+00:00,22.1585,10.7085,30.141266,0.3,2.0,0.2
2019-09-06 03:00:00+00:00,20.258501,9.7085,15.9134655,0.0,0.0,0.0
2019-09-07 03:00:00+00:00,20.008501,8.908501,12.313894,0.3,2.0,0.0
2019-09-08 03:00:00+00:00,20.1585,10.408501,11.753877,0.6,2.0,0.0
2019-09-09 03:00:00+00:00,14.908501,12.8585005,23.623243,18.1,22.0,0.4
2019-09-10 03:00:00+00:00,19.3085,9.6085005,29.519999,0.0,0.0,0.0
2019-09-11 03:00:00+00:00,21.9585,8.908501,18.864824,0.70000005,2.0,0.0
2019-09-12 03:00:00+00:00,21.3585,14.3085,18.947083,0.3,1.0,0.3
2019-09-13 03:00:00+00:00,20.3085,10.5085,29.88217,1.8000001,5.0,0.0
2019-09-14 03:00:00+00:00,18.4085,8.8585005,10.948973,0.0,0.0,0.0
2019-09-15 03:00:00+00:00,23.008501,9.7085,24.72495,0.3,2.0,0.0
2019-09-16 03:00:00+00:00,16.4085,10.658501,18.0036,0.5,5.0,0.0
2019-09-17 03:00:00+00:00,15.8585005,8.2585,33.1845,2.6999998,6.0,0.0
2019-09-18 03:00:00+00:00,15.7585,7.4585,29.15778,0.0,0.0,0.0
2019-09-19 03:00:00+00:00,16.2085,7.0585,16.610792,0.0,0.0,0.0
2019-09-20 03:00:00+00:00,16.2085,6.5084996,14.512064,0.0,0.0,0.0
2019-09-21 03:00:00+00:00,20.4085,8.408501,11.966954,0.0,0.0,0.0
2019-09-22 03:00:00+00:00,24.0585,8.7585,16.563911,0.0,0.0,0.0
2019-09-23 03:00:00+00:00,22.8585,9.7585,15.463244,0.0,0.0,0.0
2019-09-24 03:00:00+00:00,18.8085,12.8085,9.793059,0.1,1.0,0.0
2019-09-25 03:00:00+00:00,17.7085,10.0585,9.585739,4.1000004,12.0,0.0
2019-09-26 03:00:00+00:00,19.758501,9.3585005,14.372974,0.0,0.0,0.0
2019-09-27 03:00:00+00:00,17.3085,12.2085,16.854767,10.099999,13.0,0.0
2019-09-28 03:00:00+00:00,18.4585,12.0585,22.180206,4.9,9.0,0.0
2019-09-29 03:00:00+00:00,16.1085,13.3585005,24.774696,9.400001,16.0,0.0
2019-09-30 03:00:00+00:00,15.5085,11.5585,41.560905,9.2,12.0,0.2
2019-10-01 03:00:00+00:00,17.008501,11.5585,24.408424,6.9,18.0,0.0
2019-10-02 03:00:00+00:00,13.0585,7.7584996,24.74329,10.4,9.0,1.2
2019-10-03 03:00:00+00:00,12.4585,6.6085,26.260265,1.0,6.0,0.2
2019-10-04 03:00:00+00:00,12.658501,4.8585,19.855558,13.700002,15.0,0.0
2019-10-05 03:00:00+00:00,11.7085,3.3085,24.344624,4.3999996,10.0,1.2
2019-10-06 03:00:00+00:00,10.908501,0.6585,13.217443,0.0,0.0,0.0
2019-10-07 03:00:00+00:00,11.158501,0.1585,11.966953,0.0,0.0,0.0
2019-10-08 03:00:00+00:00,12.6085005,6.0084996,22.89611,4.3999996,11.0,0.0
2019-10-09 03:00:00+00:00,15.5585,9.8585005,21.252197,2.8999999,13.0,0.0
2019-10-10 03:00:00+00:00,13.8585005,9.5585,23.936617,1.1,5.0,0.7
2019-10-11 03:00:00+00:00,15.658501,10.4585,26.478971,1.0,3.0,0.0
2019-10-12 03:00:00+00:00,19.3585,14.1085005,26.785547,0.0,0.0,0.0
2019-10-13 03:00:00+00:00,23.2085,14.2085,21.129883,0.0,0.0,0.0
2019-10-14 03:00:00+00:00,21.258501,13.3085,16.641972,0.0,0.0,0.0
2019-10-15 03:00:00+00:00,20.4585,9.2085,13.551501,0.0,0.0,0.0
2019-10-16 03:00:00+00:00,14.6085005,9.6085005,29.714724,8.4,11.0,0.0
2019-10-17 03:00:00+00:00,17.258501,11.2585,20.140705,1.2,2.0,0.0
2019-10-18 03:00:00+00:00,18.8585,9.2585,21.26744,2.6999998,5.0,0.5
2019-10-19 03:00:00+00:00,15.3085,9.4585,17.462782,0.5,2.0,0.0
2019-10-20 03:00:00+00:00,19.0585,11.1085005,10.464798,0.0,0.0,0.0
2019-10-21 03:00:00+00:00,18.1085,11.408501,10.144082,0.0,0.0,0.0
2019-10-22 03:00:00+00:00,16.9085,7.4084997,9.826088,0.0,0.0,0.0
2019-10-23 03:00:00+00:00,17.258501,6.2085,15.941944,0.0,0.0,0.0
2019-10-24 03:00:00+00:00,16.7085,11.408501,16.279802,0.0,0.0,0.0
2019-10-25 03:00:00+00:00,17.4585,11.1085005,22.26477,0.0,0.0,0.0
2019-10-26 03:00:00+00:00,17.6085,11.158501,22.91026,0.0,0.0,0.0
2019-10-27 03:00:00+00:00,16.1585,6.3085,24.184391,2.4,4.0,0.0
2019-10-28 03:00:00+00:00,11.7085,5.4084997,21.67487,0.2,1.0,0.0
2019-10-29 03:00:00+00:00,9.7085,0.2585,11.966953,0.6,3.0,0.0
2019-10-30 03:00:00+00:00,8.158501,-0.9415,10.086427,0.0,0.0,0.0
2019-10-31 03:00:00+00:00,6.2584996,-2.9415,10.464798,0.0,0.0,0.0
2019-11-01 03:00:00+00:00,6.7085,-2.0915,19.201874,1.6000001,6.0,0.0
2019-11-02 03:00:00+00:00,14.9585,6.9585,19.242327,1.4000001,5.0,0.9
2019-11-03 03:00:00+00:00,12.5085,7.7085,16.766108,3.2999997,12.0,0.5
2019-11-04 03:00:00+00:00,11.9585,7.7085,14.372974,6.9,12.0,0.5
2019-11-05 03:00:00+00:00,10.8585005,7.2584996,17.974781,2.1,8.0,0.0
2019-11-06 03:00:00+00:00,8.658501,5.2584996,17.533146,4.4999995,16.0,0.1
2019-11-07 03:00:00+00:00,10.8085,5.7085,13.363711,0.2,2.0,0.0
2019-11-08 03:00:00+00:00,9.908501,3.4585001,14.917212,4.9999995,13.0,0.0
2019-11-09 03:00:00+00:00,8.3585005,2.3085,18.94024,2.0,7.0,0.1
2019-11-10 03:00:00+00:00,8.0585,0.108500004,9.422101,0.0,0.0,0.0
2019-11-11 03:00:00+00:00,6.8585,0.5085,19.930477,0.0,0.0,0.0
2019-11-12 03:00:00+00:00,8.0085,1.6085,19.161337,0.1,1.0,0.0
2019-11-13 03:00:00+00:00,6.3585,2.7085001,12.605142,0.1,1.0,0.1
2019-11-14 03:00:00+00:00,8.1085005,2.2085001,23.444265,0.0,0.0,0.0
2019-11-15 03:00:00+00:00,10.0585,3.2085001,27.397867,0.0,0.0,0.0
2019-11-16 03:00:00+00:00,8.9585,0.4085,26.089443,1.4000001,5.0,0.0
2019-11-17 03:00:00+00:00,9.908501,-0.8915,18.998316,1.3000001,6.0,0.0
2019-11-18 03:00:00+00:00,12.408501,4.3085,23.857979,1.4,5.0,0.0
2019-11-19 03:00:00+00:00,8.8585005,4.9084997,29.795301,4.2999997,8.0,0.1
2019-11-20 03:00:00+00:00,5.7085,4.9585,10.931203,3.6999993,11.0,1.2
2019-11-21 03:00:00+00:00,9.408501,5.9084997,14.440443,5.2,14.0,0.0
2019-11-22 03:00:00+00:00,10.1085005,6.8585,17.698677,0.0,0.0,0.0
2019-11-23 03:00:00+00:00,9.9585,3.5085,21.605999,0.0,0.0,0.0
2019-11-24 03:00:00+00:00,8.908501,2.2085001,17.518356,0.0,0.0,0.0
2019-11-25 03:00:00+00:00,5.8585,2.0585,12.605142,0.0,0.0,0.0
2019-11-26 03:00:00+00:00,7.2584996,4.4084997,14.618837,0.2,1.0,0.0
2019-11-27 03:00:00+00:00,8.5585,4.2584996,21.897945,3.1,5.0,0.0
2019-11-28 03:00:00+00:00,11.5085,8.1085005,29.30409,3.6999998,11.0,0.0
2019-11-29 03:00:00+00:00,7.4585,-0.8415,31.37168,0.1,1.0,0.1
2019-11-30 03:00:00+00:00,5.0585,-1.7915,18.25026,0.6,3.0,0.0
2019-12-01 03:00:00+00:00,3.3585,-0.041500002,11.966954,0.0,0.0,0.0
2019-12-02 03:00:00+00:00,5.3085,1.0085,22.884789,0.70000005,4.0,0.0
2019-12-03 03:00:00+00:00,5.4084997,-1.4415,17.533146,0.2,2.0,0.0
2019-12-04 03:00:00+00:00,6.5585,-1.0914999,16.311613,0.0,0.0,0.0
2019-12-05 03:00:00+00:00,4.4084997,-1.3414999,21.068459,0.0,0.0,0.0
2019-12-06 03:00:00+00:00,5.8585,0.6585,23.933908,6.6000004,15.0,0.0
2019-12-07 03:00:00+00:00,8.908501,5.9585,29.478264,1.8000002,10.0,0.5
2019-12-08 03:00:00+00:00,10.658501,5.6085,29.808346,0.8,3.0,0.0
2019-12-09 03:00:00+00:00,8.7585,3.4585001,24.567198,0.5,4.0,0.1
2019-12-10 03:00:00+00:00,5.1584997,0.2585,21.316135,0.0,0.0,0.0
2019-12-11 03:00:00+00:00,4.3085,1.1585001,22.007162,0.3,4.0,0.0
2019-12-12 03:00:00+00:00,4.4084997,0.0585,15.7908325,1.0,5.0,0.2
2019-12-13 03:00:00+00:00,2.9585001,-0.5915,21.407139,0.2,2.0,0.0
2019-12-14 03:00:00+00:00,4.9585,1.4085001,35.309376,6.299999,14.0,0.3
2019-12-15 03:00:00+00:00,8.908501,1.8085,25.959969,2.6000001,6.0,0.0
2019-12-16 03:00:00+00:00,8.0585,3.8085,17.283749,0.90000004,4.0,0.0
2019-12-17 03:00:00+00:00,13.4585,4.3085,28.8,0.4,1.0,0.0
2019-12-18 03:00:00+00:00,14.658501,0.8585,26.865265,0.0,0.0,0.0
2019-12-19 03:00:00+00:00,8.7085,2.6085,17.339897,0.0,0.0,0.0
2019-12-20 03:00:00+00:00,9.5585,3.6085,16.055355,1.2,4.0,0.0
2019-12-21 03:00:00+00:00,8.8585005,1.1085,15.745627,1.9,4.0,0.5
2019-12-22 03:00:00+00:00,5.2085,0.95849997,14.291592,0.1,1.0,0.0
2019-12-23 03:00:00+00:00,7.6584997,4.7085,22.725668,0.8,4.0,0.0
2019-12-24 03:00:00+00:00,7.1085,4.5585,16.87398,3.1999996,7.0,0.0
2019-12-25 03:00:00+00:00,6.1085,3.9585001,15.807239,0.6,6.0,0.0
2019-12-26 03:00:00+00:00,5.6584997,2.7585,19.809813,1.3000001,10.0,0.1
2019-12-27 03:00:00+00:00,4.0085,0.2085,16.279802,0.1,1.0,0.1
2019-12-28 03:00:00+00:00,2.1585,-3.1415,12.224107,0.0,0.0,0.0
2019-12-29 03:00:00+00:00,1.6585001,-3.6415,13.450708,0.0,0.0,0.0
2019-12-30 03:00:00+00:00,6.9585,1.5085001,21.068459,0.0,0.0,0.0
2019-12-31 03:00:00+00:00,7.3085,1.2085,23.795427,0.6,2.0,0.0
2020-01-01 03:00:00+00:00,4.0585,-3.3915,12.313894,0.0,0.0,0.0
2020-01-02 03:00:00+00:00,5.3085,-3.6915,17.906157,0.0,0.0,0.0
2020-01-03 03:00:00+00:00,6.3585,1.9085001,23.166218,3.7000003,8.0,0.0
2020-01-04 03:00:00+00:00,5.3085,0.1585,32.571545,4.0,7.0,0.0
2020-01-05 03:00:00+00:00,3.7585,-1.8414999,16.394829,0.0,0.0,0.0
2020-01-06 03:00:00+00:00,5.1085,-0.5915,16.09969,0.0,0.0,0.0
2020-01-07 03:00:00+00:00,5.1085,-1.2414999,19.803272,0.0,0.0,0.0
2020-01-08 03:00:00+00:00,7.8585,4.6085,22.206486,3.1000001,11.0,0.0
2020-01-09 03:00:00+00:00,10.158501,6.4585,20.188908,5.4999995,20.0,0.7
2020-01-10 03:00:00+00:00,10.6085005,5.2085,23.893261,2.4,11.0,0.2
2020-01-11 03:00:00+00:00,6.1584997,1.2085,20.617662,0.0,0.0,0.0
2020-01-12 03:00:00+00:00,7.1085,0.7585,25.318008,0.2,1.0,0.0
2020-01-13 03:00:00+00:00,7.3085,2.4585001,22.427162,0.4,3.0,0.0
2020-01-14 03:00:00+00:00,10.6085005,3.9085,27.103,0.1,1.0,0.0
2020-01-15 03:00:00+00:00,12.158501,8.658501,24.379204,0.0,0.0,0.0
2020-01-16 03:00:00+00:00,9.5585,2.8585,13.237039,0.0,0.0,0.0
2020-01-17 03:00:00+00:00,8.3085,2.1585,21.817902,0.4,3.0,0.0
2020-01-18 03:00:00+00:00,7.2085,1.3585,22.461807,0.4,2.0,0.0
2020-01-19 03:00:00+00:00,5.3585,1.9085001,13.779114,0.0,0.0,0.0
2020-01-20 03:00:00+00:00,3.5085,-1.1915,15.629971,0.0,0.0,0.0
2020-01-21 03:00:00+00:00,5.3585,-0.1415,20.833395,0.0,0.0,0.0
2020-01-22 03:00:00+00:00,5.8085,-0.8915,20.240196,0.2,2.0,0.0
2020-01-23 03:00:00+00:00,5.3585,-1.0914999,11.923557,0.0,0.0,0.0
2020-01-24 03:00:00+00:00,3.3585,-2.3415,14.658676,0.0,0.0,0.0
2020-01-25 03:00:00+00:00,2.5085,-1.0415,13.5515,0.0,0.0,0.0
2020-01-26 03:00:00+00:00,2.2585,-1.2414999,10.464798,0.1,1.0,0.0
2020-01-27 03:00:00+00:00,8.3085,1.1085,20.211363,0.8000001,5.0,0.0
2020-01-28 03:00:00+00:00,8.5585,2.0085,32.59939,7.5999994,15.0,0.0
2020-01-29 03:00:00+00:00,5.8585,2.1585,34.57687,2.1,8.0,0.39999998
2020-01-30 03:00:00+00:00,8.158501,3.2085001,27.532352,6.7000003,14.0,0.0
2020-01-31 03:00:00+00:00,11.0585,8.8585005,29.157776,1.6,7.0,0.2
2020-02-01 03:00:00+00:00,11.5085,7.3585,29.024128,5.6,12.0,0.0
2020-02-02 03:00:00+00:00,8.4585,5.6085,31.655441,5.7,17.0,0.0
2020-02-03 03:00:00+00:00,9.8085,5.5585,24.74329,4.0999994,19.0,0.0
2020-02-04 03:00:00+00:00,6.5084996,2.9085,33.221584,2.6999998,12.0,0.1
2020-02-05 03:00:00+00:00,4.8085,0.6085,25.60053,0.2,2.0,0.1
2020-02-06 03:00:00+00:00,5.7085,2.2585,23.857979,0.0,0.0,0.0
2020-02-07 03:00:00+00:00,7.1584997,3.6585,12.55879,0.0,0.0,0.0
2020-02-08 03:00:00+00:00,8.3085,1.5585,18.175545,0.0,0.0,0.0
2020-02-09 03:00:00+00:00,12.7085,4.4084997,44.71252,4.7,8.0,0.0
2020-02-10 03:00:00+00:00,8.8085,3.5085,44.067295,14.200001,18.0,4.8
2020-02-11 03:00:00+00:00,6.4585,2.2085001,45.40569,1.0,7.0,0.0
2020-02-12 03:00:00+00:00,5.9585,2.6585,42.51202,0.2,1.0,0.0
2020-02-13 03:00:00+00:00,5.9084997,0.70849997,24.144167,2.5,8.0,0.0
2020-02-14 03:00:00+00:00,6.5084996,1.6585001,12.9249525,0.2,1.0,0.0
2020-02-15 03:00:00+00:00,9.1085005,2.0085,23.749088,0.0,0.0,0.0
2020-02-16 03:00:00+00:00,15.9585,8.2585,36.64404,2.1,6.0,0.0
2020-02-17 03:00:00+00:00,11.1085005,6.1584997,28.58545,0.9,2.0,0.0
2020-02-18 03:00:00+00:00,8.0585,4.5585,35.65454,1.4000001,4.0,0.0
2020-02-19 03:00:00+00:00,6.8085,2.5085,25.922499,4.8999996,15.0,0.0
2020-02-20 03:00:00+00:00,6.9585,0.5085,32.142982,4.5,7.0,0.0
2020-02-21 03:00:00+00:00,7.7584996,3.7585,32.23357,1.4000001,3.0,1.1
2020-02-22 03:00:00+00:00,11.4585,5.3585,38.896664,5.7000003,7.0,0.0
2020-02-23 03:00:00+00:00,7.4084997,3.6585,33.12978,14.0,15.0,0.0
2020-02-24 03:00:00+00:00,8.7585,3.5085,26.282465,8.499999,11.0,0.0
2020-02-25 03:00:00+00:00,9.8085,2.6585,28.739187,1.9000001,9.0,0.3
2020-02-26 03:00:00+00:00,4.4084997,1.3085,18.014393,1.7,8.0,0.0
2020-02-27 03:00:00+00:00,5.7085,0.7585,18.58451,1.5,9.0,0.0
2020-02-28 03:00:00+00:00,7.2085,-0.09150001,27.25559,1.1,8.0,0.0
2020-02-29 03:00:00+00:00,11.8585005,1.6085,28.84721,6.100001,9.0,0.5
2020-03-01 03:00:00+00:00,9.9585,3.5585,30.551254,1.6000001,6.0,0.0
2020-03-02 03:00:00+00:00,9.0585,2.6585,21.2522,3.1,8.0,1.4
2020-03-03 03:00:00+00:00,6.6085,1.7585001,20.858265,1.9,10.0,0.0
2020-03-04 03:00:00+00:00,7.9585,0.6585,17.992796,0.4,4.0,0.0
2020-03-05 03:00:00+00:00,10.0585,-0.99149996,20.380579,0.3,2.0,0.0
2020-03-06 03:00:00+00:00,7.5585,3.0085,18.792551,6.6999993,22.0,0.8
2020-03-07 03:00:00+00:00,6.6584997,0.5085,29.758307,1.7000002,11.0,0.1
2020-03-08 03:00:00+00:00,9.8585005,0.7585,20.570463,0.0,0.0,0.0
2020-03-09 03:00:00+00:00,10.0085,3.1085,13.324863,1.6,8.0,0.0
2020-03-10 03:00:00+00:00,10.658501,2.7085001,30.735231,8.5,19.0,0.0
2020-03-11 03:00:00+00:00,12.158501,7.4585,26.302181,0.70000005,3.0,0.2
2020-03-12 03:00:00+00:00,12.4585,4.1584997,44.8153,3.0000002,5.0,0.3
2020-03-13 03:00:00+00:00,9.3085,0.6085,42.015255,2.1,5.0,0.0
2020-03-14 03:00:00+00:00,6.7584996,-2.4415,17.072504,0.0,0.0,0.0
2020-03-15 03:00:00+00:00,11.3585005,-0.3415,24.490587,0.0,0.0,0.0
2020-03-16 03:00:00+00:00,15.5585,2.4585001,14.003029,0.0,0.0,0.0
2020-03-17 03:00:00+00:00,14.6085005,1.9085001,16.954432,0.0,0.0,0.0
2020-03-18 03:00:00+00:00,15.7085,5.1584997,20.969807,0.0,0.0,0.0
2020-03-19 03:00:00+00:00,13.5085,5.9084997,13.363711,0.1,1.0,0.0
2020-03-20 03:00:00+00:00,8.908501,2.9585001,13.570615,0.0,0.0,0.0
2020-03-21 03:00:00+00:00,5.8585,-1.3915,25.567604,0.0,0.0,0.0
2020-03-22 03:00:00+00:00,4.9084997,-3.3415,21.841648,0.0,0.0,0.0
2020-03-23 03:00:00+00:00,4.8585,-4.5915003,13.358861,0.0,0.0,0.0
2020-03-24 03:00:00+00:00,6.4084997,-4.4415,15.124284,0.0,0.0,0.0
2020-03-25 03:00:00+00:00,8.0585,-2.7415,19.08,0.0,0.0,0.0
2020-03-26 03:00:00+00:00,9.8585005,-1.5415,20.532627,0.0,0.0,0.0
2020-03-27 03:00:00+00:00,14.7585,2.5085,14.182355,0.0,0.0,0.0
2020-03-28 03:00:00+00:00,13.5585,1.4585,18.692286,0.0,0.0,0.0
2020-03-29 03:00:00+00:00,5.1085,-3.6915,30.631746,1.5,6.0,0.0
2020-03-30 03:00:00+00:00,3.1585,-3.9415,22.963936,0.0,6.0,0.0
2020-03-31 03:00:00+00:00,3.8085,-2.6915,12.594856,0.0,0.0,0.0
2020-04-01 03:00:00+00:00,8.5085,-1.7915,19.562946,0.0,0.0,0.0
2020-04-02 03:00:00+00:00,9.1085005,2.2085001,24.522316,0.0,0.0,0.0
2020-04-03 03:00:00+00:00,9.9585,2.3585,25.516865,0.0,0.0,0.0
2020-04-04 03:00:00+00:00,11.3085,1.0085,11.113451,0.0,0.0,0.0
2020-04-05 03:00:00+00:00,15.0585,0.95849997,19.08,0.0,0.0,0.0
2020-04-06 03:00:00+00:00,20.1085,4.8585,20.724247,0.0,0.0,0.0
2020-04-07 03:00:00+00:00,18.6085,5.3585,16.548256,0.0,0.0,0.0
2020-04-08 03:00:00+00:00,20.9085,5.1584997,12.849528,0.0,0.0,0.0
2020-04-09 03:00:00+00:00,17.6085,2.6585,22.691423,0.0,0.0,0.0
2020-04-10 03:00:00+00:00,14.658501,1.3585,14.417988,0.0,0.0,0.0
2020-04-11 03:00:00+00:00,14.2085,0.5585,9.227524,0.0,0.0,0.0
2020-04-12 03:00:00+00:00,21.8085,2.6585,15.2947035,0.0,0.0,0.0
2020-04-13 03:00:00+00:00,9.658501,1.3585,27.661497,1.1,4.0,0.0
2020-04-14 03:00:00+00:00,9.8085,0.4085,21.94524,0.0,0.0,0.0
2020-04-15 03:00:00+00:00,14.5585,4.5585,24.648829,0.0,0.0,0.0
2020-04-16 03:00:00+00:00,16.758501,4.8085,15.893093,0.0,0.0,0.0
2020-04-17 03:00:00+00:00,15.8585005,4.8085,14.77755,0.0,0.0,0.0
2020-04-18 03:00:00+00:00,16.1585,3.9585001,19.881649,0.0,0.0,0.0
2020-04-19 03:00:00+00:00,12.8085,4.3585,21.252197,0.0,0.0,0.0
2020-04-20 03:00:00+00:00,14.8085,3.2585,21.218632,0.0,0.0,0.0
2020-04-21 03:00:00+00:00,16.6585,5.1085,24.522316,0.0,0.0,0.0
2020-04-22 03:00:00+00:00,18.1585,5.7085,16.808569,0.0,0.0,0.0
2020-04-23 03:00:00+00:00,20.4085,5.6085,9.826088,0.0,0.0,0.0
2020-04-24 03:00:00+00:00,21.6085,6.7584996,24.798225,0.0,0.0,0.0
2020-04-25 03:00:00+00:00,14.2085,7.5084996,23.664352,0.1,1.0,0.1
2020-04-26 03:00:00+00:00,17.2085,5.0084996,14.561099,0.0,0.0,0.0
2020-04-27 03:00:00+00:00,21.758501,4.1584997,18.014393,0.0,0.0,0.0
2020-04-28 03:00:00+00:00,22.6085,8.4585,17.10284,0.5,3.0,0.0
2020-04-29 03:00:00+00:00,17.1085,9.0085,12.10157,1.5000001,11.0,0.1
2020-04-30 03:00:00+00:00,17.508501,8.7585,25.460934,0.9000001,4.0,0.0
2020-05-01 03:00:00+00:00,16.758501,7.9585,21.175837,4.4999995,11.0,0.0
2020-05-02 03:00:00+00:00,15.408501,7.0084996,18.430452,6.2999997,9.0,0.0
2020-05-03 03:00:00+00:00,14.5585,6.3085,20.620806,0.2,2.0,0.0
2020-05-04 03:00:00+00:00,12.658501,3.7085001,15.034041,4.4999995,10.0,0.0
2020-05-05 03:00:00+00:00,11.908501,3.4085,21.252197,0.70000005,5.0,0.0
2020-05-06 03:00:00+00:00,16.0585,5.3585,20.883102,0.0,0.0,0.0
2020-05-07 03:00:00+00:00,15.8085,5.8585,18.681883,0.0,0.0,0.0
2020-05-08 03:00:00+00:00,20.4585,5.9585,14.773164,0.0,0.0,0.0
2020-05-09 03:00:00+00:00,21.8085,7.7584996,15.315873,0.0,0.0,0.0
2020-05-10 03:00:00+00:00,23.6585,10.5085,22.734219,0.3,2.0,0.0
2020-05-11 03:00:00+00:00,9.4585,1.1585001,26.319422,7.8,12.0,0.0
2020-05-12 03:00:00+00:00,11.158501,0.95849997,23.42491,0.6,4.0,0.0
2020-05-13 03:00:00+00:00,13.5585,5.1584997,19.969458,0.4,3.0,0.0
2020-05-14 03:00:00+00:00,14.0585,1.6085,19.930477,0.6,3.0,0.1
2020-05-15 03:00:00+00:00,14.6085005,2.0085,21.767351,0.0,0.0,0.0
2020-05-16 03:00:00+00:00,14.6085005,5.8085,23.400002,0.0,0.0,0.0
2020-05-17 03:00:00+00:00,17.6085,9.1085005,22.007162,0.0,0.0,0.0
2020-05-18 03:00:00+00:00,21.2085,11.5085,22.702845,0.0,0.0,0.0
2020-05-19 03:00:00+00:00,18.7085,9.7085,21.749481,0.0,0.0,0.0
2020-05-20 03:00:00+00:00,20.0585,7.3085,17.462782,0.0,0.0,0.0
2020-05-21 03:00:00+00:00,19.9585,6.9585,18.35647,0.0,0.0,0.0
2020-05-22 03:00:00+00:00,22.5585,10.0585,21.437386,6.7999997,7.0,0.0
2020-05-23 03:00:00+00:00,19.1085,8.8585005,20.948164,0.5,4.0,0.1
2020-05-24 03:00:00+00:00,16.1585,9.2585,27.51116,8.5,9.0,0.0
2020-05-25 03:00:00+00:00,13.908501,6.7085,22.657131,1.1,7.0,0.0
2020-05-26 03:00:00+00:00,19.2085,6.5585,14.021525,0.2,2.0,0.0
2020-05-27 03:00:00+00:00,20.8085,5.9585,18.057508,1.3,4.0,0.0
2020-05-28 03:00:00+00:00,19.3585,7.8085,22.206486,0.2,2.0,0.0
2020-05-29 03:00:00+00:00,19.6085,7.3085,17.208603,0.0,0.0,0.0
2020-05-30 03:00:00+00:00,17.0585,8.2085,28.639803,0.0,0.0,0.0
2020-05-31 03:00:00+00:00,21.4085,9.3585005,24.640942,0.0,0.0,0.0
2020-06-01 03:00:00+00:00,23.4085,8.8585005,23.893261,0.0,0.0,0.0
2020-06-02 03:00:00+00:00,26.4085,10.4585,19.9954,0.0,0.0,0.0
2020-06-03 03:00:00+00:00,23.9585,10.7585,10.739833,0.0,0.0,0.0
2020-06-04 03:00:00+00:00,24.6585,13.3585005,24.795612,4.9999995,11.0,0.0
2020-06-05 03:00:00+00:00,17.3585,9.3085,26.987997,2.2,8.0,0.0
2020-06-06 03:00:00+00:00,18.4585,8.8085,26.208397,0.5,3.0,0.0
2020-06-07 03:00:00+00:00,19.4585,9.8085,15.459054,0.6,3.0,0.0
2020-06-08 03:00:00+00:00,20.4085,8.9585,12.522619,0.0,0.0,0.0
2020-06-09 03:00:00+00:00,21.5585,11.2585,16.595179,0.0,0.0,0.0
2020-06-10 03:00:00+00:00,21.508501,11.4585,19.486609,4.1,5.0,0.0
2020-06-11 03:00:00+00:00,20.0585,13.3085,13.202726,6.7,13.0,1.4
2020-06-12 03:00:00+00:00,26.1585,13.4585,16.42247,1.0,6.0,0.1
2020-06-13 03:00:00+00:00,28.1085,19.008501,19.416653,4.5,6.0,0.0
2020-06-14 03:00:00+00:00,24.4085,15.3585005,21.542923,0.8,1.0,0.8
2020-06-15 03:00:00+00:00,24.2085,13.0085,16.418526,0.0,0.0,0.0
2020-06-16 03:00:00+00:00,25.5585,12.4585,9.693296,0.0,0.0,0.0
2020-06-17 03:00:00+00:00,27.7085,15.3585005,17.566378,0.0,0.0,0.0
2020-06-18 03:00:00+00:00,25.758501,16.0085,14.4,0.4,3.0,0.0
2020-06-19 03:00:00+00:00,20.6585,15.908501,19.66536,4.1,14.0,0.3
2020-06-20 03:00:00+00:00,19.3585,14.8085,26.31942,8.900001,16.0,0.0
2020-06-21 03:00:00+00:00,22.8085,12.408501,22.406927,3.1,7.0,0.8
2020-06-22 03:00:00+00:00,25.1585,11.658501,23.469128,0.0,0.0,0.0
2020-06-23 03:00:00+00:00,23.758501,12.658501,16.394829,0.0,0.0,0.0
2020-06-24 03:00:00+00:00,24.6585,12.6085005,17.884428,0.0,0.0,0.0
2020-06-25 03:00:00+00:00,27.4085,17.758501,21.24,0.4,3.0,0.1
2020-06-26 03:00:00+00:00,27.258501,17.4585,16.516901,6.9999995,9.0,0.0
2020-06-27 03:00:00+00:00,30.3585,17.4585,17.114204,0.1,1.0,0.0
2020-06-28 03:00:00+00:00,28.9085,18.508501,21.175835,1.5,6.0,0.0
2020-06-29 03:00:00+00:00,23.3085,15.4585,17.377226,0.3,3.0,0.0
2020-06-30 03:00:00+00:00,22.9585,15.2585,29.144438,0.6,1.0,0.0
2020-07-01 03:00:00+00:00,22.7085,16.1085,23.710857,6.8,10.0,0.0
2020-07-02 03:00:00+00:00,22.9085,16.0085,17.298738,2.1,5.0,0.0
2020-07-03 03:00:00+00:00,22.0585,15.1085005,19.881649,0.1,1.0,0.0
2020-07-04 03:00:00+00:00,25.1085,14.908501,24.651457,2.0,5.0,0.0
2020-07-05 03:00:00+00:00,26.8585,17.8585,33.651817,1.6000001,9.0,0.1
2020-07-06 03:00:00+00:00,20.258501,11.9585,31.883888,0.2,1.0,0.0
2020-07-07 03:00:00+00:00,19.3085,11.5585,21.313093,0.8,4.0,0.0
2020-07-08 03:00:00+00:00,17.8585,12.408501,16.055353,0.1,1.0,0.1
2020-07-09 03:00:00+00:00,19.8585,13.0585,20.49156,5.799999,13.0,0.0
2020-07-10 03:00:00+00:00,25.2085,11.0085,29.69727,8.400001,8.0,0.0
2020-07-11 03:00:00+00:00,19.3585,10.5085,16.923828,0.0,0.0,0.0
2020-07-12 03:00:00+00:00,19.758501,10.0585,18.043148,0.0,0.0,0.0
2020-07-13 03:00:00+00:00,22.3585,10.908501,11.367109,0.0,0.0,0.0
2020-07-14 03:00:00+00:00,27.008501,12.1085005,16.24394,0.0,0.0,0.0
2020-07-15 03:00:00+00:00,16.9585,12.658501,10.086427,12.7,18.0,0.0
2020-07-16 03:00:00+00:00,20.008501,11.4585,16.65754,2.4999998,11.0,0.2
2020-07-17 03:00:00+00:00,20.7085,11.2585,19.174856,5.1,9.0,0.0
2020-07-18 03:00:00+00:00,25.4585,13.5585,8.707237,0.0,0.0,0.0
2020-07-19 03:00:00+00:00,28.3585,16.2085,8.707237,0.1,1.0,0.0
2020-07-20 03:00:00+00:00,24.758501,14.3085,22.657131,2.8,7.0,0.0
2020-07-21 03:00:00+00:00,21.6585,11.7585,16.854767,0.0,0.0,0.0
2020-07-22 03:00:00+00:00,21.258501,11.2085,16.327497,1.0,4.0,0.0
2020-07-23 03:00:00+00:00,22.8585,13.6085005,11.435313,0.3,1.0,0.3
2020-07-24 03:00:00+00:00,27.6585,13.3585005,25.460934,0.0,0.0,0.0
2020-07-25 03:00:00+00:00,24.6585,13.8585005,13.246826,1.2000002,6.0,0.0
2020-07-26 03:00:00+00:00,23.508501,15.5585,21.407139,3.2,6.0,0.0
2020-07-27 03:00:00+00:00,24.8085,15.408501,17.072504,0.5,4.0,0.0
2020-07-28 03:00:00+00:00,27.3085,15.408501,22.450264,0.5,5.0,0.0
2020-07-29 03:00:00+00:00,22.4085,12.158501,28.521906,0.0,0.0,0.0
2020-07-30 03:00:00+00:00,23.1585,12.658501,16.215992,0.1,1.0,0.0
2020-07-31 03:00:00+00:00,26.4585,12.908501,14.529915,0.0,0.0,0.0
2020-08-01 03:00:00+00:00,28.9085,14.1085005,14.021525,0.0,0.0,0.0
2020-08-02 03:00:00+00:00,29.508501,16.9085,16.039202,3.1999996,9.0,0.0
2020-08-03 03:00:00+00:00,23.3085,13.408501,15.617529,0.0,0.0,0.0
2020-08-04 03:00:00+00:00,23.0585,12.2085,16.171976,0.0,0.0,0.0
2020-08-05 03:00:00+00:00,27.5585,11.658501,13.104198,0.0,0.0,0.0
2020-08-06 03:00:00+00:00,29.8585,15.908501,15.2947035,0.0,0.0,0.0
2020-08-07 03:00:00+00:00,32.408497,18.508501,14.081478,0.0,0.0,0.0
2020-08-08 03:00:00+00:00,35.5085,20.8585,9.826088,0.0,0.0,0.0
2020-08-09 03:00:00+00:00,35.2085,21.9585,20.87379,0.4,3.0,0.0
2020-08-10 03:00:00+00:00,30.9585,21.258501,15.124284,0.0,0.0,0.0
2020-08-11 03:00:00+00:00,31.6085,20.0585,18.532135,0.0,0.0,0.0
2020-08-12 03:00:00+00:00,30.6585,18.8585,15.124284,0.0,0.0,0.0
2020-08-13 03:00:00+00:00,31.7085,19.258501,15.459054,0.3,2.0,0.0
2020-08-14 03:00:00+00:00,28.258501,19.258501,17.713316,0.0,0.0,0.0
2020-08-15 03:00:00+00:00,30.0585,19.3085,19.134262,0.0,0.0,0.0
2020-08-16 03:00:00+00:00,30.508501,19.258501,18.947083,0.0,0.0,0.0
2020-08-17 03:00:00+00:00,30.4085,18.8085,19.161337,0.0,0.0,0.0
2020-08-18 03:00:00+00:00,23.9085,17.7085,15.937878,3.8000002,10.0,0.0
2020-08-19 03:00:00+00:00,26.4585,16.8085,13.450708,0.2,2.0,0.0
2020-08-20 03:00:00+00:00,31.2085,16.508501,18.218275,0.0,0.0,0.0
2020-08-21 03:00:00+00:00,35.5585,20.6085,19.562946,0.0,0.0,0.0
2020-08-22 03:00:00+00:00,25.8585,17.0585,19.803272,4.5999994,7.0,0.0
2020-08-23 03:00:00+00:00,23.8085,16.1085,24.993439,0.0,0.0,0.0
2020-08-24 03:00:00+00:00,22.4585,13.8085,19.966211,0.3,3.0,0.0
2020-08-25 03:00:00+00:00,23.008501,13.7585,19.201874,0.3,3.0,0.0
2020-08-26 03:00:00+00:00,19.508501,16.1585,34.651752,11.800002,20.0,0.9
2020-08-27 03:00:00+00:00,19.2085,12.5585,32.902103,0.5,4.0,0.1
2020-08-28 03:00:00+00:00,21.2085,13.5085,19.346441,2.3,7.0,0.0
2020-08-29 03:00:00+00:00,22.5585,15.1085005,15.379206,0.0,0.0,0.0
2020-08-30 03:00:00+00:00,22.6585,14.2585,13.910169,10.1,14.0,0.0
2020-08-31 03:00:00+00:00,21.3085,10.7085,14.618837,1.2,2.0,0.0
2020-09-01 03:00:00+00:00,18.3585,10.408501,15.778516,0.1,1.0,0.0
2020-09-02 03:00:00+00:00,17.6585,11.4585,13.722565,5.7,13.0,0.0
2020-09-03 03:00:00+00:00,21.1585,13.2585,19.576189,3.3,7.0,0.0
2020-09-04 03:00:00+00:00,21.4585,15.8585005,15.349684,3.1,11.0,0.2
2020-09-05 03:00:00+00:00,17.9085,13.0585,17.917007,7.3,8.0,0.3
2020-09-06 03:00:00+00:00,18.1585,10.5585,20.523155,0.1,1.0,0.0
2020-09-07 03:00:00+00:00,18.2085,9.3085,17.076298,0.0,0.0,0.0
2020-09-08 03:00:00+00:00,20.9085,11.6085005,26.208395,0.0,0.0,0.0
2020-09-09 03:00:00+00:00,24.1585,13.2085,21.41319,1.3000001,3.0,0.0
2020-09-10 03:00:00+00:00,18.508501,10.158501,16.42247,0.0,0.0,0.0
2020-09-11 03:00:00+00:00,21.4585,9.0585,10.24578,0.0,0.0,0.0
2020-09-12 03:00:00+00:00,25.9085,9.8085,21.603,0.0,0.0,0.0
2020-09-13 03:00:00+00:00,23.8585,12.2085,17.22742,0.0,0.0,0.0
2020-09-14 03:00:00+00:00,28.1585,12.158501,9.085988,0.0,0.0,0.0
2020-09-15 03:00:00+00:00,30.3085,16.3085,15.575981,0.0,0.0,0.0
2020-09-16 03:00:00+00:00,28.9085,14.2585,20.393293,0.3,2.0,0.0
2020-09-17 03:00:00+00:00,18.3585,6.5084996,17.238699,0.2,2.0,0.0
2020-09-18 03:00:00+00:00,19.0585,5.5585,9.3876505,0.0,0.0,0.0
2020-09-19 03:00:00+00:00,20.6085,7.0585,14.917212,0.0,0.0,0.0
2020-09-20 03:00:00+00:00,21.3085,9.158501,14.707222,0.0,0.0,0.0
2020-09-21 03:00:00+00:00,24.008501,8.408501,11.043261,0.0,0.0,0.0
2020-09-22 03:00:00+00:00,25.9085,10.6085005,11.503113,0.0,0.0,0.0
2020-09-23 03:00:00+00:00,26.4085,13.908501,12.57426,0.0,0.0,0.0
2020-09-24 03:00:00+00:00,21.9085,13.4585,23.688984,0.0,0.0,0.0
2020-09-25 03:00:00+00:00,14.9585,11.0085,15.815435,11.500001,12.0,0.1
2020-09-26 03:00:00+00:00,11.408501,7.8085,28.185955,24.3,17.0,0.3
2020-09-27 03:00:00+00:00,11.408501,6.9084997,9.36,1.3000001,9.0,0.0
2020-09-28 03:00:00+00:00,17.4085,7.6085,12.979984,0.0,0.0,0.0
2020-09-29 03:00:00+00:00,17.7085,9.1085005,8.854829,0.0,0.0,0.0
2020-09-30 03:00:00+00:00,18.1585,7.7085,9.028754,0.0,0.0,0.0
2020-10-01 03:00:00+00:00,16.4585,9.5085,10.30883,0.2,2.0,0.0
2020-10-02 03:00:00+00:00,16.9585,12.158501,23.177402,0.0,0.0,0.0
2020-10-03 03:00:00+00:00,21.6085,12.9585,23.803596,0.8,2.0,0.0
2020-10-04 03:00:00+00:00,18.7085,8.6085005,23.000591,0.0,0.0,0.0
2020-10-05 03:00:00+00:00,15.5585,8.0585,14.88242,0.8,5.0,0.0
2020-10-06 03:00:00+00:00,16.1585,9.908501,22.657131,1.5,6.0,0.0
2020-10-07 03:00:00+00:00,15.8085,10.408501,17.713316,4.8,8.0,0.2
2020-10-08 03:00:00+00:00,14.7585,9.5085,23.675304,7.0000005,13.0,0.0
2020-10-09 03:00:00+00:00,15.0085,10.5585,21.194187,1.4000001,8.0,0.0
2020-10-10 03:00:00+00:00,12.3085,4.4084997,21.647945,0.3,3.0,0.0
2020-10-11 03:00:00+00:00,11.2585,4.6584997,19.319628,0.1,1.0,0.0
2020-10-12 03:00:00+00:00,11.408501,4.9084997,13.009903,0.4,3.0,0.0
2020-10-13 03:00:00+00:00,12.0085,3.0085,26.642431,0.4,2.0,0.0
2020-10-14 03:00:00+00:00,10.6085005,9.5585,33.092598,13.800002,22.0,0.4
2020-10-15 03:00:00+00:00,12.0085,8.908501,29.175552,0.2,2.0,0.0
2020-10-16 03:00:00+00:00,11.3085,7.2085,17.654686,1.2,9.0,0.0
2020-10-17 03:00:00+00:00,11.1085005,6.2584996,13.276144,0.6,3.0,0.3
2020-10-18 03:00:00+00:00,9.7085,6.5084996,23.584808,0.2,2.0,0.0
2020-10-19 03:00:00+00:00,11.3585005,5.0084996,15.4800005,0.0,0.0,0.0
2020-10-20 03:00:00+00:00,11.8585005,5.2085,20.948164,1.4000001,7.0,0.0
2020-10-21 03:00:00+00:00,16.2085,10.4585,24.703974,2.3,5.0,0.4
2020-10-22 03:00:00+00:00,19.1085,12.7085,22.771244,0.1,1.0,0.0
2020-10-23 03:00:00+00:00,16.6585,11.2585,12.313894,7.6,9.0,0.0
2020-10-24 03:00:00+00:00,16.0585,10.8085,23.224882,0.0,0.0,0.0
2020-10-25 03:00:00+00:00,16.6585,10.158501,20.519999,0.0,0.0,0.0
2020-10-26 03:00:00+00:00,12.6085005,8.1085005,13.708391,2.5,8.0,0.0
2020-10-27 03:00:00+00:00,12.6085005,7.5585,21.758419,0.0,0.0,0.0
2020-10-28 03:00:00+00:00,13.1085005,8.7585,21.077686,0.0,0.0,0.0
2020-10-29 03:00:00+00:00,11.0585,7.0585,26.27753,2.2000003,10.0,0.3
2020-10-30 03:00:00+00:00,13.6085005,8.3585005,23.266697,12.0,24.0,0.5
2020-10-31 03:00:00+00:00,15.1085005,10.5585,15.7908325,1.6,9.0,0.3
2020-11-01 03:00:00+00:00,14.5585,9.9585,18.532135,3.1000001,11.0,0.0
2020-11-02 03:00:00+00:00,19.8585,13.8085,21.120682,6.2000003,8.0,0.5
2020-11-03 03:00:00+00:00,13.4585,8.2085,18.486622,0.0,0.0,0.0
2020-11-04 03:00:00+00:00,11.0085,4.5084996,19.829433,0.0,0.0,0.0
2020-11-05 03:00:00+00:00,10.2085,3.9085,18.175545,0.2,2.0,0.0
2020-11-06 03:00:00+00:00,11.7585,7.6085,14.973576,0.0,0.0,0.0
2020-11-07 03:00:00+00:00,11.0085,1.1585001,11.609651,0.0,0.0,0.0
2020-11-08 03:00:00+00:00,10.1085005,1.0085,13.75558,0.0,0.0,0.0
2020-11-09 03:00:00+00:00,7.1085,5.1085,15.034041,0.0,0.0,0.0
2020-11-10 03:00:00+00:00,7.2085,5.1085,14.799459,0.0,0.0,0.0
2020-11-11 03:00:00+00:00,7.3585,4.6085,10.296251,0.1,1.0,0.0
2020-11-12 03:00:00+00:00,9.908501,6.3585,15.192682,0.6,5.0,0.1
2020-11-13 03:00:00+00:00,10.7585,5.5585,13.217443,0.0,0.0,0.0
2020-11-14 03:00:00+00:00,13.8585005,9.0585,13.441071,0.3,2.0,0.0
2020-11-15 03:00:00+00:00,14.2085,7.2085,19.592731,0.1,1.0,0.0
2020-11-16 03:00:00+00:00,11.6085005,8.6085005,19.576189,2.1,5.0,0.6
2020-11-17 03:00:00+00:00,10.7585,7.1085,19.469976,2.6999998,7.0,0.0
2020-11-18 03:00:00+00:00,12.0585,8.5085,20.316889,0.0,0.0,0.0
2020-11-19 03:00:00+00:00,12.0585,3.2085001,29.620802,0.5,2.0,0.0
2020-11-20 03:00:00+00:00,5.8585,-0.1415,20.172853,0.2,2.0,0.0
2020-11-21 03:00:00+00:00,6.6584997,2.0585,23.584808,0.2,2.0,0.0
2020-11-22 03:00:00+00:00,9.908501,6.2085,24.967499,0.9000001,5.0,0.0
2020-11-23 03:00:00+00:00,8.408501,2.2085001,25.630886,0.0,0.0,0.0
2020-11-24 03:00:00+00:00,6.5585,0.008499999,15.463246,0.0,0.0,0.0
2020-11-25 03:00:00+00:00,4.1584997,-0.3415,14.404499,0.0,0.0,0.0
2020-11-26 03:00:00+00:00,7.3085,0.6085,15.192682,0.1,1.0,0.0
2020-11-27 03:00:00+00:00,6.8585,2.4585001,8.0899935,0.2,2.0,0.0
2020-11-28 03:00:00+00:00,5.4084997,-0.6415,9.085988,0.0,0.0,0.0
2020-11-29 03:00:00+00:00,5.0585,-0.54150003,13.358861,0.0,0.0,0.0
2020-11-30 03:00:00+00:00,3.0085,-0.4415,14.471821,0.0,0.0,0.0
2020-12-01 03:00:00+00:00,4.0085,-0.5915,13.797912,0.0,1.0,0.0
2020-12-02 03:00:00+00:00,2.0585,-3.4415,14.512064,0.0,0.0,0.0
2020-12-03 03:00:00+00:00,0.4085,-3.0414999,20.037485,0.0,1.0,0.0
2020-12-04 03:00:00+00:00,3.9585001,-1.8915,20.633371,0.0,0.0,0.0
2020-12-05 03:00:00+00:00,7.6584997,1.2585001,18.455048,0.0,0.0,0.0
2020-12-06 03:00:00+00:00,10.7085,5.6584997,25.20257,0.0,0.0,0.0
2020-12-07 03:00:00+00:00,10.0085,2.0085,26.242987,0.2,2.0,0.0
2020-12-08 03:00:00+00:00,6.6584997,1.2085,15.379206,0.4,2.0,0.0
2020-12-09 03:00:00+00:00,4.5084996,-0.09150001,17.811815,1.9000001,7.0,0.2
2020-12-10 03:00:00+00:00,0.0585,-0.9415,16.418526,0.0,0.0,0.0
2020-12-11 03:00:00+00:00,1.3585,-0.8915,20.393293,0.0,0.0,0.0
2020-12-12 03:00:00+00:00,3.8085,0.3585,15.256526,0.0,0.0,0.0
2020-12-13 03:00:00+00:00,4.0085,0.8585,8.942214,0.0,0.0,0.0
2020-12-14 03:00:00+00:00,7.0084996,2.7585,18.0,0.0,0.0,0.0
2020-12-15 03:00:00+00:00,7.5585,3.3585,15.941944,0.0,0.0,0.0
2020-12-16 03:00:00+00:00,8.7085,3.1585,17.786331,0.0,0.0,0.0
2020-12-17 03:00:00+00:00,8.0085,2.2585,18.751125,1.0,2.0,0.0
2020-12-18 03:00:00+00:00,7.6085,1.4085001,14.081477,0.0,0.0,0.0
2020-12-19 03:00:00+00:00,5.9084997,1.4085001,14.917212,0.0,0.0,0.0
2020-12-20 03:00:00+00:00,4.8585,1.6585001,14.587776,1.0,6.0,0.0
2020-12-21 03:00:00+00:00,6.1584997,3.2085001,21.288757,1.4000001,4.0,0.0
2020-12-22 03:00:00+00:00,12.658501,6.0084996,29.024128,10.6,14.0,0.9
2020-12-23 03:00:00+00:00,9.8585005,5.8585,21.313093,3.8000002,9.0,0.0
2020-12-24 03:00:00+00:00,9.8085,3.3085,27.691935,3.6,14.0,0.1
2020-12-25 03:00:00+00:00,3.1585,0.3085,16.800856,0.0,0.0,0.0
2020-12-26 03:00:00+00:00,2.4585001,-1.7414999,26.072052,0.1,1.0,0.0
2020-12-27 03:00:00+00:00,2.1585,0.8585,32.039997,0.0,0.0,0.0
2020-12-28 03:00:00+00:00,4.3585,1.0585,19.652176,0.90000004,6.0,0.0
2020-12-29 03:00:00+00:00,3.9585001,0.108500004,18.892282,0.3,3.0,0.0
2020-12-30 03:00:00+00:00,4.6085,-0.4415,14.458382,0.0,0.0,0.0
2020-12-31 03:00:00+00:00,4.0585,0.1585,14.84318,0.2,2.0,0.0
2021-01-01 03:00:00+00:00,2.1585,-0.7415,9.585739,0.4,6.0,0.0
2021-01-02 03:00:00+00:00,2.6585,-0.99149996,16.08761,0.0,0.0,0.0
2021-01-03 03:00:00+00:00,0.8085,-0.24150002,21.67786,0.40000004,22.0,0.0
2021-01-04 03:00:00+00:00,1.2585001,-0.2915,17.414474,0.4,17.0,0.0
2021-01-05 03:00:00+00:00,2.8585,0.6085,18.057508,1.2,8.0,0.0
2021-01-06 03:00:00+00:00,2.2585,0.6585,17.208603,2.3,18.0,0.2
2021-01-07 03:00:00+00:00,1.7085,0.4585,18.511143,0.70000005,10.0,0.0
2021-01-08 03:00:00+00:00,1.5085001,-1.3915,11.298495,0.1,1.0,0.0
2021-01-09 03:00:00+00:00,2.4085,0.008499999,10.587918,0.2,2.0,0.0
2021-01-10 03:00:00+00:00,1.5085001,-0.5915,17.873556,0.0,1.0,0.0
2021-01-11 03:00:00+00:00,2.0585,0.008499999,26.959166,0.099999994,6.0,0.0
2021-01-12 03:00:00+00:00,2.2085001,-0.19150001,26.36616,4.4,16.0,0.100000024
2021-01-13 03:00:00+00:00,3.0085,-0.2915,30.154163,0.9000001,10.0,0.0
2021-01-14 03:00:00+00:00,2.6585,-0.6915,22.963936,0.0,0.0,0.0
2021-01-15 03:00:00+00:00,-0.24150002,-3.6415,19.966211,0.0,4.0,0.0
2021-01-16 03:00:00+00:00,-1.0415,-2.7914999,18.532133,0.0,2.0,0.0
2021-01-17 03:00:00+00:00,-0.49150002,-4.6915,9.504272,0.0,0.0,0.0
2021-01-18 03:00:00+00:00,2.4085,-3.7415,20.780453,3.0,10.0,0.0
2021-01-19 03:00:00+00:00,6.7085,1.2585001,25.671307,6.4,15.0,0.0
2021-01-20 03:00:00+00:00,7.8085,2.5085,23.363974,0.0,0.0,0.0
2021-01-21 03:00:00+00:00,12.408501,5.4585,33.137604,0.4,3.0,0.0
2021-01-22 03:00:00+00:00,10.2085,-1.1415,33.709534,0.0,0.0,0.0
2021-01-23 03:00:00+00:00,2.3585,-0.54150003,16.055355,2.3999999,11.0,0.0
2021-01-24 03:00:00+00:00,1.4085001,-0.041500002,13.37825,1.5000002,21.0,0.0
2021-01-25 03:00:00+00:00,2.4585001,-1.6915,15.158522,0.1,1.0,0.0
2021-01-26 03:00:00+00:00,2.5585,-2.3915,18.089775,0.1,1.0,0.0
2021-01-27 03:00:00+00:00,3.8085,-0.09150001,15.496736,0.2,4.0,0.0
2021-01-28 03:00:00+00:00,3.5085,-4.1915,19.255793,0.6,3.0,0.3
2021-01-29 03:00:00+00:00,-0.4415,-5.0415,14.618837,0.0,12.0,0.0
2021-01-30 03:00:00+00:00,1.3085,-6.1415,15.941944,0.0,4.0,0.0
2021-01-31 03:00:00+00:00,-0.6415,-11.5415,13.527572,0.0,0.0,0.0
2021-02-01 03:00:00+00:00,0.6585,-7.1415,18.455048,0.0,0.0,0.0
2021-02-02 03:00:00+00:00,1.4585,-0.1415,13.708391,1.4,8.0,0.0
2021-02-03 03:00:00+00:00,8.0085,0.7585,24.033876,13.300001,20.0,0.3
2021-02-04 03:00:00+00:00,1.2585001,-0.041500002,15.379206,0.1,9.0,0.1
2021-02-05 03:00:00+00:00,0.8085,-1.6415,21.67487,0.0,11.0,0.0
2021-02-06 03:00:00+00:00,-0.19150001,-5.5415,29.478264,0.0,0.0,0.0
2021-02-07 03:00:00+00:00,-5.6415,-8.091499,32.97293,0.1,18.0,0.0
2021-02-08 03:00:00+00:00,-8.7415,-12.1414995,27.70831,0.0,17.0,0.0
2021-02-09 03:00:00+00:00,-6.9915004,-14.1414995,11.013882,0.0,6.0,0.0
2021-02-10 03:00:00+00:00,-5.7415004,-14.8914995,11.609651,0.0,1.0,0.0
2021-02-11 03:00:00+00:00,-3.2415,-14.1414995,13.1041975,0.0,5.0,0.0
2021-02-12 03:00:00+00:00,-3.2914999,-14.5415,15.575981,0.0,0.0,0.0
2021-02-13 03:00:00+00:00,-1.1915,-13.341499,15.459054,0.0,0.0,0.0
2021-02-14 03:00:00+00:00,-4.1915,-14.6915,14.154915,0.0,0.0,0.0
2021-02-15 03:00:00+00:00,-0.6915,-13.6915,21.096123,0.0,8.0,0.0
2021-02-16 03:00:00+00:00,2.3085,-0.2915,11.384199,0.70000005,3.0,0.0
2021-02-17 03:00:00+00:00,7.1584997,0.8085,21.26744,1.2,4.0,0.0
2021-02-18 03:00:00+00:00,10.2085,1.9585,20.12461,1.3,4.0,0.0
2021-02-19 03:00:00+00:00,9.3085,-1.1415,25.40743,2.3999999,4.0,1.2
2021-02-20 03:00:00+00:00,12.2585,0.0585,16.171976,0.0,0.0,0.0
2021-02-21 03:00:00+00:00,14.658501,1.6585001,14.04,0.0,0.0,0.0
2021-02-22 03:00:00+00:00,11.3085,0.4585,12.181625,0.0,0.0,0.0
2021-02-23 03:00:00+00:00,16.508501,2.2085001,13.044722,0.0,0.0,0.0
2021-02-24 03:00:00+00:00,17.8585,6.3085,13.207634,0.0,0.0,0.0
2021-02-25 03:00:00+00:00,17.758501,6.0084996,15.072783,0.2,1.0,0.0
2021-02-26 03:00:00+00:00,9.1085005,3.8585,18.671474,3.9,7.0,0.5
2021-02-27 03:00:00+00:00,7.3585,1.9085001,19.61587,0.0,0.0,0.0
2021-02-28 03:00:00+00:00,5.9585,1.6585001,14.145756,0.0,0.0,0.0
2021-03-01 03:00:00+00:00,7.3585,-1.0914999,9.983106,0.0,0.0,0.0
2021-03-02 03:00:00+00:00,10.658501,-2.7914999,9.422101,0.0,0.0,0.0
2021-03-03 03:00:00+00:00,13.3585005,-2.6415,15.273505,0.0,0.0,0.0
2021-03-04 03:00:00+00:00,3.8085,0.7585,16.610792,0.0,0.0,0.0
2021-03-05 03:00:00+00:00,5.5084996,-3.4415,16.299694,0.0,1.0,0.0
2021-03-06 03:00:00+00:00,3.6085,-2.8915,18.416384,0.0,0.0,0.0
2021-03-07 03:00:00+00:00,4.1085,0.1585,25.582806,1.0,6.0,0.0
2021-03-08 03:00:00+00:00,5.2085,-4.4915004,10.464797,0.0,0.0,0.0
2021-03-09 03:00:00+00:00,5.6085,-4.0915003,9.585739,0.0,0.0,0.0
2021-03-10 03:00:00+00:00,7.3085,-4.4915004,19.652176,0.0,0.0,0.0
2021-03-11 03:00:00+00:00,10.2085,2.9585001,32.97097,7.299999,18.0,0.0
2021-03-12 03:00:00+00:00,9.5585,4.3085,29.601109,2.3999999,11.0,0.0
2021-03-13 03:00:00+00:00,9.5585,3.6585,37.16902,4.6,13.0,0.1
2021-03-14 03:00:00+00:00,8.3085,2.4585001,38.49981,4.7,13.0,0.2
2021-03-15 03:00:00+00:00,7.7085,1.8585,21.603,5.2999997,14.0,0.1
2021-03-16 03:00:00+00:00,6.9585,-0.99149996,26.260265,0.6,4.0,0.3
2021-03-17 03:00:00+00:00,5.2584996,-3.2415,15.542662,0.9,4.0,0.0
2021-03-18 03:00:00+00:00,6.7085,-3.0414999,11.681987,2.1,11.0,0.0
2021-03-19 03:00:00+00:00,4.0585,-3.9915001,27.475807,0.5,7.0,0.0
2021-03-20 03:00:00+00:00,3.5085,-2.9415,22.530937,0.0,1.0,0.0
2021-03-21 03:00:00+00:00,9.158501,0.4585,30.421598,2.1,8.0,0.0
2021-03-22 03:00:00+00:00,9.4585,-0.4415,15.893093,0.0,0.0,0.0
2021-03-23 03:00:00+00:00,7.6085,3.4085,15.315873,0.0,0.0,0.0
2021-03-24 03:00:00+00:00,11.3085,1.2585001,14.77755,0.0,0.0,0.0
2021-03-25 03:00:00+00:00,14.408501,0.5585,12.074766,0.0,0.0,0.0
2021-03-26 03:00:00+00:00,15.0585,3.3585,11.113451,1.0,4.0,0.0
2021-03-27 03:00:00+00:00,10.408501,2.5085,29.168886,2.8,7.0,0.0
2021-03-28 03:00:00+00:00,11.2085,1.2585001,24.696104,0.1,1.0,0.0
2021-03-29 03:00:00+00:00,17.7085,7.8085,19.652176,0.1,1.0,0.0
2021-03-30 03:00:00+00:00,19.9585,6.4585,13.138765,0.0,0.0,0.0
2021-03-31 03:00:00+00:00,21.7085,4.3585,11.631956,0.0,0.0,0.0
2021-04-01 03:00:00+00:00,16.9585,2.9585001,25.006397,1.0,6.0,0.0
2021-04-02 03:00:00+00:00,11.658501,2.3085,25.264202,0.1,1.0,0.0
2021-04-03 03:00:00+00:00,8.9585,-1.5415,21.96295,0.4,3.0,0.0
2021-04-04 03:00:00+00:00,9.658501,-2.2415,21.647945,0.0,0.0,0.0
2021-04-05 03:00:00+00:00,6.2584996,-0.3415,32.744175,4.0,8.0,0.0
2021-04-06 03:00:00+00:00,5.9585,-1.4914999,25.068514,0.6999999,6.0,0.0
2021-04-07 03:00:00+00:00,6.3585,-0.041500002,28.66694,0.49999997,5.0,0.0
2021-04-08 03:00:00+00:00,7.3085,0.9085,30.216421,0.099999994,3.0,0.0
2021-04-09 03:00:00+00:00,12.2585,1.2585001,25.567604,0.0,0.0,0.0
2021-04-10 03:00:00+00:00,9.6085005,4.4084997,17.87718,6.499999,17.0,0.0
2021-04-11 03:00:00+00:00,18.9085,3.8085,23.507753,1.7000002,9.0,0.0
2021-04-12 03:00:00+00:00,7.9585,0.2585,17.287498,0.5,4.0,0.2
2021-04-13 03:00:00+00:00,8.6085005,-0.6415,18.079027,0.4,4.0,0.0
2021-04-14 03:00:00+00:00,7.8585,-0.19150001,17.713316,0.4,4.0,0.0
2021-04-15 03:00:00+00:00,7.1085,0.8085,25.630886,1.6,8.0,0.0
2021-04-16 03:00:00+00:00,10.2585,2.8585,20.345573,0.4,3.0,0.1
2021-04-17 03:00:00+00:00,13.5085,3.9585001,12.904882,1.7,3.0,0.0
2021-04-18 03:00:00+00:00,12.0085,4.5585,12.074766,6.1,12.0,0.0
2021-04-19 03:00:00+00:00,16.6085,3.4085,12.768586,0.3,2.0,0.0
2021-04-20 03:00:00+00:00,16.8085,3.0085,12.261158,0.0,0.0,0.0
2021-04-21 03:00:00+00:00,15.8585005,2.6085,20.00512,0.1,1.0,0.0
2021-04-22 03:00:00+00:00,10.3585005,3.4085,27.698954,0.8000001,7.0,0.0
2021-04-23 03:00:00+00:00,12.2585,3.9085,25.488914,0.0,0.0,0.0
2021-04-24 03:00:00+00:00,10.158501,3.0585,15.696165,0.0,0.0,0.0
2021-04-25 03:00:00+00:00,9.7085,-1.4415,17.654686,0.70000005,4.0,0.0
2021-04-26 03:00:00+00:00,9.1085005,-2.0915,15.192682,0.0,0.0,0.0
2021-04-27 03:00:00+00:00,11.8585005,-1.7414999,16.645864,0.0,0.0,0.0
2021-04-28 03:00:00+00:00,16.6085,2.6585,16.65754,0.0,0.0,0.0
2021-04-29 03:00:00+00:00,16.1585,7.6584997,23.990698,2.4,5.0,0.0
2021-04-30 03:00:00+00:00,11.1085005,6.0084996,21.218632,0.3,3.0,0.0
2021-05-01 03:00:00+00:00,12.6085005,6.1085,10.390226,0.1,1.0,0.0
2021-05-02 03:00:00+00:00,11.7085,5.1085,21.749481,10.899999,23.0,0.1
2021-05-03 03:00:00+00:00,10.6085005,4.3085,25.2924,0.7,5.0,0.0
2021-05-04 03:00:00+00:00,14.158501,6.7085,35.9153,1.0,5.0,0.0
2021-05-05 03:00:00+00:00,12.4585,4.8585,35.178837,2.2,5.0,0.0
2021-05-06 03:00:00+00:00,10.8585005,4.2085,25.006397,0.4,4.0,0.0
2021-05-07 03:00:00+00:00,8.9585,3.5585,23.710857,6.4999995,12.0,0.0
2021-05-08 03:00:00+00:00,13.5585,3.4085,16.327497,0.0,0.0,0.0
2021-05-09 03:00:00+00:00,24.3585,10.5585,18.289274,0.0,0.0,0.0
2021-05-10 03:00:00+00:00,28.0585,12.7085,20.523157,0.0,0.0,0.0
2021-05-11 03:00:00+00:00,27.1585,12.5585,18.998316,8.400001,8.0,0.0
2021-05-12 03:00:00+00:00,15.8585005,11.3085,16.363178,3.4,9.0,0.0
2021-05-13 03:00:00+00:00,13.3585005,10.5085,20.018072,9.0,23.0,0.7
2021-05-14 03:00:00+00:00,12.3585005,5.7584996,23.933908,1.9000001,10.0,0.1
2021-05-15 03:00:00+00:00,17.508501,5.9585,22.553934,3.4,3.0,0.0
2021-05-16 03:00:00+00:00,16.3085,7.5084996,15.530151,1.0,4.0,0.0
2021-05-17 03:00:00+00:00,17.5585,8.408501,12.031756,1.0,5.0,0.0
2021-05-18 03:00:00+00:00,14.8585005,6.9585,18.709612,1.5000001,9.0,0.0
2021-05-19 03:00:00+00:00,16.1585,7.2584996,19.05281,1.5000001,8.0,0.2
2021-05-20 03:00:00+00:00,16.0085,7.8085,18.486622,0.4,4.0,0.0
2021-05-21 03:00:00+00:00,19.3085,9.2085,26.987997,0.5,3.0,0.0
2021-05-22 03:00:00+00:00,16.8085,9.5585,31.037344,2.8,10.0,0.0
2021-05-23 03:00:00+00:00,15.658501,8.158501,20.364674,4.6,9.0,0.0
2021-05-24 03:00:00+00:00,20.3585,7.2584996,23.000591,0.7,2.0,0.0
2021-05-25 03:00:00+00:00,15.158501,8.3585005,25.711662,2.3,6.0,0.2
2021-05-26 03:00:00+00:00,15.2585,8.4585,23.966375,4.0,10.0,0.0
2021-05-27 03:00:00+00:00,15.2585,8.1085005,26.749235,4.9999995,10.0,0.0
2021-05-28 03:00:00+00:00,15.8085,7.5084996,16.870138,0.5,5.0,0.0
2021-05-29 03:00:00+00:00,16.758501,7.0585,24.066206,0.1,1.0,0.0
2021-05-30 03:00:00+00:00,18.7085,6.0084996,22.9724,0.0,0.0,0.0
2021-05-31 03:00:00+00:00,20.3085,5.7085,10.495713,0.0,0.0,0.0
2021-06-01 03:00:00+00:00,22.8585,8.8085,17.447933,0.0,0.0,0.0
2021-06-02 03:00:00+00:00,23.758501,10.8585005,18.455048,0.3,2.0,0.0
2021-06-03 03:00:00+00:00,25.9585,13.3585005,18.218275,0.0,0.0,0.0
2021-06-04 03:00:00+00:00,23.1585,13.4585,18.218275,0.1,1.0,0.1
2021-06-05 03:00:00+00:00,27.258501,13.3585005,16.73516,0.0,0.0,0.0
2021-06-06 03:00:00+00:00,27.3085,14.658501,13.513193,0.0,0.0,0.0
2021-06-07 03:00:00+00:00,26.3585,13.408501,11.440979,0.0,0.0,0.0
2021-06-08 03:00:00+00:00,25.9085,13.3585005,15.281989,0.0,0.0,0.0
2021-06-09 03:00:00+00:00,26.258501,12.0085,8.161764,0.0,0.0,0.0
2021-06-10 03:00:00+00:00,27.4585,16.0585,15.827721,0.2,2.0,0.0
2021-06-11 03:00:00+00:00,26.8085,16.2085,18.581022,0.0,0.0,0.0
2021-06-12 03:00:00+00:00,20.3585,12.0585,26.787966,3.5,10.0,0.0
2021-06-13 03:00:00+00:00,19.008501,10.0585,25.068514,0.1,1.0,0.0
2021-06-14 03:00:00+00:00,25.758501,9.5585,11.183201,0.0,0.0,0.0
2021-06-15 03:00:00+00:00,24.5585,12.7085,14.799459,1.2,4.0,0.0
2021-06-16 03:00:00+00:00,27.2085,12.2585,15.876775,0.0,0.0,0.0
2021-06-17 03:00:00+00:00,32.658497,18.508501,18.626305,0.0,0.0,0.0
2021-06-18 03:00:00+00:00,33.4585,20.0585,19.33639,0.0,0.0,0.0
2021-06-19 03:00:00+00:00,34.5585,21.1085,14.587776,0.0,0.0,0.0
2021-06-20 03:00:00+00:00,33.0085,21.008501,22.206486,1.5,2.0,0.0
2021-06-21 03:00:00+00:00,30.8585,19.0585,19.586119,2.5,2.0,2.3
2021-06-22 03:00:00+00:00,21.1585,13.6085005,17.786331,0.0,0.0,0.0
2021-06-23 03:00:00+00:00,20.6585,13.7585,12.43434,0.7,4.0,0.0
2021-06-24 03:00:00+00:00,20.4585,14.2585,12.849528,3.7,12.0,0.0
2021-06-25 03:00:00+00:00,22.9085,13.908501,10.495713,0.1,1.0,0.0
2021-06-26 03:00:00+00:00,25.5585,13.658501,19.70815,0.3,3.0,0.0
2021-06-27 03:00:00+00:00,25.9085,13.0085,8.707238,0.0,0.0,0.0
2021-06-28 03:00:00+00:00,29.8585,16.508501,12.594856,0.0,0.0,0.0
2021-06-29 03:00:00+00:00,29.1585,18.758501,12.879752,2.1999998,4.0,0.0
2021-06-30 03:00:00+00:00,19.1585,16.1085,23.441502,42.500004,24.0,0.1
2021-07-01 03:00:00+00:00,17.6085,14.6085005,24.36591,26.0,15.0,1.2
2021-07-02 03:00:00+00:00,22.4585,15.2085,16.645864,0.0,0.0,0.0
2021-07-03 03:00:00+00:00,23.0585,14.9585,14.561099,0.2,2.0,0.0
2021-07-04 03:00:00+00:00,24.508501,15.158501,14.003028,0.0,0.0,0.0
2021-07-05 03:00:00+00:00,22.8585,15.6085005,13.397612,0.90000004,3.0,0.0
2021-07-06 03:00:00+00:00,28.6085,15.908501,24.546085,3.2,6.0,0.0
2021-07-07 03:00:00+00:00,21.8085,16.258501,10.315115,9.900001,8.0,1.8
2021-07-08 03:00:00+00:00,21.9085,15.7085,11.542478,1.7,9.0,0.0
2021-07-09 03:00:00+00:00,20.3585,14.908501,24.64094,15.700001,19.0,0.6
2021-07-10 03:00:00+00:00,23.4085,15.0085,21.349546,0.8,2.0,0.7
2021-07-11 03:00:00+00:00,26.008501,16.7085,15.137133,0.1,1.0,0.0
2021-07-12 03:00:00+00:00,25.2085,17.3085,16.946787,3.2,9.0,0.1
2021-07-13 03:00:00+00:00,28.258501,17.3585,15.7908325,0.6,2.0,0.0
2021-07-14 03:00:00+00:00,26.6585,15.9585,17.418196,0.70000005,3.0,0.0
2021-07-15 03:00:00+00:00,25.1585,16.258501,11.726277,0.6,3.0,0.0
2021-07-16 03:00:00+00:00,28.0585,17.258501,14.291592,1.2,5.0,0.0
2021-07-17 03:00:00+00:00,26.4585,17.258501,19.48661,3.4999998,10.0,0.0
2021-07-18 03:00:00+00:00,25.6085,16.3585,17.713316,0.0,0.0,0.0
2021-07-19 03:00:00+00:00,19.6585,13.0585,15.484185,0.1,1.0,0.0
2021-07-20 03:00:00+00:00,20.1585,13.9585,13.755579,0.2,2.0,0.0
2021-07-21 03:00:00+00:00,21.4085,14.9585,14.587776,0.5,4.0,0.0
2021-07-22 03:00:00+00:00,21.9085,15.2085,12.429127,0.8,4.0,0.3
2021-07-23 03:00:00+00:00,23.9585,14.4585,14.408997,1.5,4.0,0.0
2021-07-24 03:00:00+00:00,28.008501,16.2085,17.114204,0.0,0.0,0.0
2021-07-25 03:00:00+00:00,28.6585,19.1585,17.388409,2.8,6.0,0.0
2021-07-26 03:00:00+00:00,28.6085,19.0585,12.24,0.2,2.0,0.0
2021-07-27 03:00:00+00:00,26.3085,17.758501,18.218275,0.2,2.0,0.0
2021-07-28 03:00:00+00:00,24.0585,17.0585,17.595861,1.9000002,6.0,0.0
2021-07-29 03:00:00+00:00,23.9085,13.8585005,29.795301,0.4,2.0,0.0
2021-07-30 03:00:00+00:00,25.7085,14.3585005,26.983194,0.0,0.0,0.0
2021-07-31 03:00:00+00:00,24.1585,15.3085,30.113304,0.0,0.0,0.0
2021-08-01 03:00:00+00:00,21.6585,14.408501,14.241629,0.8,5.0,0.0
2021-08-02 03:00:00+00:00,21.7085,13.7085,25.210283,0.0,0.0,0.0
2021-08-03 03:00:00+00:00,20.9085,12.7085,10.538843,2.9,9.0,0.0
2021-08-04 03:00:00+00:00,21.5585,14.8085,16.343367,1.0,3.0,0.8
2021-08-05 03:00:00+00:00,22.8085,13.8085,16.78156,2.9,15.0,0.0
2021-08-06 03:00:00+00:00,23.8085,15.5085,17.072504,3.6999998,11.0,0.3
2021-08-07 03:00:00+00:00,23.3585,15.2085,15.9134655,3.6,5.0,0.0
2021-08-08 03:00:00+00:00,22.8085,14.4585,23.710857,0.3,3.0,0.0
2021-08-09 03:00:00+00:00,23.1585,13.408501,17.22742,0.6,4.0,0.0
2021-08-10 03:00:00+00:00,21.9585,13.5085,16.323528,5.7,9.0,0.0
2021-08-11 03:00:00+00:00,21.758501,12.908501,14.934577,0.0,0.0,0.0
2021-08-12 03:00:00+00:00,26.508501,12.8085,10.739833,0.0,0.0,0.0
2021-08-13 03:00:00+00:00,28.6585,16.4085,17.727943,0.0,0.0,0.0
2021-08-14 03:00:00+00:00,26.508501,14.908501,20.620806,0.1,1.0,0.0
2021-08-15 03:00:00+00:00,25.4085,14.158501,16.58346,0.0,0.0,0.0
2021-08-16 03:00:00+00:00,23.8085,12.8585005,27.038372,3.7,6.0,0.0
2021-08-17 03:00:00+00:00,18.2085,13.408501,37.226505,1.6000001,10.0,0.0
2021-08-18 03:00:00+00:00,19.1585,13.3085,26.82906,0.5,4.0,0.0
2021-08-19 03:00:00+00:00,20.7085,15.7085,24.850431,0.3,3.0,0.0
2021-08-20 03:00:00+00:00,20.5585,12.7585,19.592731,3.5,11.0,0.0
2021-08-21 03:00:00+00:00,21.8585,12.3085,13.441071,0.2,2.0,0.0
2021-08-22 03:00:00+00:00,22.258501,15.6085005,17.713316,11.400002,14.0,0.0
2021-08-23 03:00:00+00:00,20.7085,12.9585,26.339111,2.6000001,4.0,1.1
2021-08-24 03:00:00+00:00,20.6085,8.5085,22.26768,0.0,0.0,0.0
2021-08-25 03:00:00+00:00,22.3085,8.158501,24.881702,3.9,7.0,0.0
2021-08-26 03:00:00+00:00,16.6585,12.0085,18.79255,8.5,18.0,0.2
2021-08-27 03:00:00+00:00,16.1585,11.7585,18.532133,5.7000003,16.0,0.5
2021-08-28 03:00:00+00:00,18.758501,11.4585,10.538843,2.1000001,9.0,0.0
2021-08-29 03:00:00+00:00,19.0585,12.8585005,11.440979,19.800001,20.0,0.0
2021-08-30 03:00:00+00:00,17.1085,12.7085,20.268991,4.0,13.0,0.0
2021-08-31 03:00:00+00:00,19.758501,11.658501,23.73271,0.8,6.0,0.0
2021-09-01 03:00:00+00:00,21.3085,12.7585,16.923828,0.0,0.0,0.0
2021-09-02 03:00:00+00:00,20.9085,10.8585005,15.496736,0.0,0.0,0.0
2021-09-03 03:00:00+00:00,22.6585,10.2585,18.888851,0.0,0.0,0.0
2021-09-04 03:00:00+00:00,18.3585,9.9585,11.165805,0.2,2.0,0.0
2021-09-05 03:00:00+00:00,21.5585,12.8085,14.986553,0.0,0.0,0.0
2021-09-06 03:00:00+00:00,22.008501,12.658501,9.227524,0.0,0.0,0.0
2021-09-07 03:00:00+00:00,21.4085,12.0085,10.44,0.0,0.0,0.0
2021-09-08 03:00:00+00:00,23.9085,10.8585005,10.315115,0.0,0.0,0.0
2021-09-09 03:00:00+00:00,25.8585,12.7585,13.392774,0.0,0.0,0.0
2021-09-10 03:00:00+00:00,25.008501,15.8085,12.605142,0.5,2.0,0.0
2021-09-11 03:00:00+00:00,22.6585,16.3085,13.358861,0.6,4.0,0.0
2021-09-12 03:00:00+00:00,21.5585,13.7085,16.039202,0.2,2.0,0.0
2021-09-13 03:00:00+00:00,19.3585,12.2585,16.1198,0.4,4.0,0.0
2021-09-14 03:00:00+00:00,21.5585,11.5085,15.137133,0.0,0.0,0.0
2021-09-15 03:00:00+00:00,24.7085,14.8085,19.523155,5.8,8.0,0.0
2021-09-16 03:00:00+00:00,18.508501,14.408501,19.839235,0.2,2.0,0.0
2021-09-17 03:00:00+00:00,17.0585,12.158501,20.771093,0.2,2.0,0.0
2021-09-18 03:00:00+00:00,17.9085,11.3585005,18.720001,0.3,2.0,0.0
2021-09-19 03:00:00+00:00,15.7585,9.4585,13.513193,0.1,1.0,0.0
2021-09-20 03:00:00+00:00,15.2085,7.2584996,7.8625183,0.0,0.0,0.0
2021-09-21 03:00:00+00:00,15.5085,9.9585,19.386593,1.3000001,7.0,0.0
2021-09-22 03:00:00+00:00,16.6585,10.9585,17.713316,0.0,0.0,0.0
2021-09-23 03:00:00+00:00,19.1085,10.908501,33.21573,1.5,4.0,0.0
2021-09-24 03:00:00+00:00,17.258501,11.7085,27.691935,0.1,1.0,0.0
2021-09-25 03:00:00+00:00,21.008501,13.1085005,21.24305,0.6,4.0,0.0
2021-09-26 03:00:00+00:00,23.8585,13.7585,16.548256,0.3,2.0,0.0
2021-09-27 03:00:00+00:00,21.4085,15.5085,14.57889,0.1,1.0,0.0
2021-09-28 03:00:00+00:00,17.2085,11.5585,16.055355,1.0,3.0,0.0
2021-09-29 03:00:00+00:00,16.4085,9.408501,18.278645,9.3,9.0,0.0
2021-09-30 03:00:00+00:00,14.658501,8.5585,24.675106,0.9,4.0,0.0
2021-10-01 03:00:00+00:00,17.6585,7.7085,18.532133,0.0,0.0,0.0
2021-10-02 03:00:00+00:00,19.5585,9.2585,22.33161,0.0,0.0,0.0
2021-10-03 03:00:00+00:00,21.8585,15.0085,22.805367,0.1,1.0,0.0
2021-10-04 03:00:00+00:00,15.6085005,11.0585,10.948973,1.9000001,7.0,0.0
2021-10-05 03:00:00+00:00,15.7585,11.0085,17.610588,10.2,13.0,0.2
2021-10-06 03:00:00+00:00,16.0585,6.7085,14.48972,0.1,1.0,0.0
2021-10-07 03:00:00+00:00,17.1085,5.4084997,9.793059,0.0,0.0,0.0
2021-10-08 03:00:00+00:00,15.8085,5.6584997,13.441071,0.0,0.0,0.0
2021-10-09 03:00:00+00:00,14.3585005,3.8085,16.167967,0.0,0.0,0.0
2021-10-10 03:00:00+00:00,13.408501,2.3085,12.984975,0.0,0.0,0.0
2021-10-11 03:00:00+00:00,13.658501,3.7085001,18.947083,0.2,2.0,0.0
2021-10-12 03:00:00+00:00,11.8085,4.5084996,23.233252,3.3999996,8.0,0.0
2021-10-13 03:00:00+00:00,11.7085,4.1584997,14.689589,0.4,3.0,0.0
2021-10-14 03:00:00+00:00,12.8085,8.5585,22.26768,1.7000002,8.0,0.1
2021-10-15 03:00:00+00:00,13.7585,5.7085,29.69727,3.6000001,5.0,0.0
2021-10-16 03:00:00+00:00,11.158501,5.4084997,13.797912,0.6,3.0,0.0
2021-10-17 03:00:00+00:00,11.908501,5.7584996,15.646544,1.4000001,7.0,0.0
2021-10-18 03:00:00+00:00,15.4585,8.408501,14.372974,0.1,1.0,0.1
2021-10-19 03:00:00+00:00,15.8585005,7.4084997,19.164717,1.6,2.0,0.0
2021-10-20 03:00:00+00:00,18.8585,12.908501,35.565372,4.8,3.0,0.0
2021-10-21 03:00:00+00:00,16.4085,6.1085,47.873234,7.9999995,10.0,1.3
2021-10-22 03:00:00+00:00,10.2585,5.4585,42.518116,4.7999997,6.0,0.0
2021-10-23 03:00:00+00:00,10.908501,3.1085,27.70831,0.0,0.0,0.0
2021-10-24 03:00:00+00:00,11.9585,1.3085,15.192682,0.0,0.0,0.0
2021-10-25 03:00:00+00:00,11.3585005,2.5585,13.684735,0.0,0.0,0.0
2021-10-26 03:00:00+00:00,13.6085005,6.5585,21.434364,0.2,2.0,0.0
2021-10-27 03:00:00+00:00,14.8585005,8.2585,20.523157,0.0,0.0,0.0
2021-10-28 03:00:00+00:00,15.2585,6.6085,15.141414,0.0,0.0,0.0
2021-10-29 03:00:00+00:00,14.0585,5.0084996,13.084402,0.0,0.0,0.0
2021-10-30 03:00:00+00:00,14.658501,5.1584997,18.374111,0.0,0.0,0.0
2021-10-31 03:00:00+00:00,16.9085,8.8585005,18.440998,0.0,0.0,0.0
2021-11-01 03:00:00+00:00,12.2585,8.4585,14.182355,6.1000004,16.0,0.0
2021-11-02 03:00:00+00:00,11.0085,3.8085,10.636766,1.5000001,8.0,0.2
2021-11-03 03:00:00+00:00,10.4585,3.5585,12.43434,0.2,1.0,0.0
2021-11-04 03:00:00+00:00,8.658501,4.7584996,37.10795,35.100002,18.0,0.0
2021-11-05 03:00:00+00:00,9.7085,7.0585,21.96,2.3999999,7.0,0.6
2021-11-06 03:00:00+00:00,11.3085,7.1085,26.282465,0.4,4.0,0.0
2021-11-07 03:00:00+00:00,10.158501,7.0585,28.766228,2.3,7.0,0.0
2021-11-08 03:00:00+00:00,10.2585,7.7085,21.96,1.8000003,10.0,0.0
2021-11-09 03:00:00+00:00,10.8085,2.8585,12.031756,0.2,2.0,0.1
2021-11-10 03:00:00+00:00,8.3585005,0.8085,9.422101,0.1,1.0,0.0
2021-11-11 03:00:00+00:00,7.6584997,0.4085,9.504273,0.0,0.0,0.0
2021-11-12 03:00:00+00:00,8.3085,2.3585,16.831684,0.0,0.0,0.0
2021-11-13 03:00:00+00:00,8.408501,2.4085,13.217443,0.0,0.0,0.0
2021-11-14 03:00:00+00:00,6.5084996,3.3085,14.154915,1.0,2.0,0.0
2021-11-15 03:00:00+00:00,6.4585,2.8585,15.328561,0.0,0.0,0.0
2021-11-16 03:00:00+00:00,8.2085,2.0585,12.7279215,0.0,0.0,0.0
2021-11-17 03:00:00+00:00,7.3585,4.8085,22.553934,0.3,3.0,0.0
2021-11-18 03:00:00+00:00,9.658501,5.5084996,27.44513,2.1999998,7.0,0.0
2021-11-19 03:00:00+00:00,12.0585,9.8585005,27.0024,0.5,5.0,0.0
2021-11-20 03:00:00+00:00,11.0585,8.5585,22.380884,0.8,4.0,0.0
2021-11-21 03:00:00+00:00,8.658501,3.6585,19.022177,1.0,6.0,0.0
2021-11-22 03:00:00+00:00,5.7085,-0.49150002,15.617529,0.0,0.0,0.0
2021-11-23 03:00:00+00:00,7.1085,2.5085,18.089775,0.4,3.0,0.0
2021-11-24 03:00:00+00:00,7.5585,4.9084997,13.039754,0.2,2.0,0.0
2021-11-25 03:00:00+00:00,4.9585,0.95849997,18.043148,0.0,0.0,0.0
2021-11-26 03:00:00+00:00,5.5585,0.5585,15.990646,0.2,4.0,0.0
2021-11-27 03:00:00+00:00,3.2585,-0.5915,12.599998,2.0,8.0,0.0
2021-11-28 03:00:00+00:00,3.2585,-2.2415,9.826088,0.0,0.0,0.0
2021-11-29 03:00:00+00:00,3.0085,-0.1415,15.941944,1.0,7.0,0.0
2021-11-30 03:00:00+00:00,5.7085,0.8085,33.81126,4.2999997,12.0,0.1
2021-12-01 03:00:00+00:00,8.3585005,2.3585,38.26175,5.5999994,12.0,0.1
2021-12-02 03:00:00+00:00,3.2085001,-2.6415,30.396025,0.0,0.0,0.0
2021-12-03 03:00:00+00:00,3.0585,-1.2915,26.242987,0.6,9.0,0.0
2021-12-04 03:00:00+00:00,2.6585,0.9085,17.31746,1.0,9.0,0.20000002
2021-12-05 03:00:00+00:00,1.5085001,-0.54150003,12.819235,0.0,6.0,0.0
2021-12-06 03:00:00+00:00,2.2085001,-2.4415,12.88981,0.0,0.0,0.0
2021-12-07 03:00:00+00:00,1.0085,-2.4415,22.553936,0.0,0.0,0.0
2021-12-08 03:00:00+00:00,0.5085,-2.3915,23.0653,0.0,2.0,0.0
2021-12-09 03:00:00+00:00,-0.6415,-2.3415,14.799459,0.0,20.0,0.0
2021-12-10 03:00:00+00:00,0.3585,-5.5415,11.923557,0.0,8.0,0.0
2021-12-11 03:00:00+00:00,0.4085,-4.2915,13.237038,0.1,1.0,0.0
2021-12-12 03:00:00+00:00,3.1085,-1.1415,15.379206,1.0,8.0,0.0
2021-12-13 03:00:00+00:00,7.4585,3.4085,9.885262,0.6,5.0,0.0
2021-12-14 03:00:00+00:00,7.6085,5.9585,13.358861,0.2,2.0,0.1
2021-12-15 03:00:00+00:00,8.8585005,6.4585,19.829433,0.2,2.0,0.0
2021-12-16 03:00:00+00:00,8.7085,3.5085,17.068707,0.3,1.0,0.0
2021-12-17 03:00:00+00:00,6.2584996,4.1085,17.713316,0.0,0.0,0.0
2021-12-18 03:00:00+00:00,7.0585,4.9585,24.149532,0.1,1.0,0.0
2021-12-19 03:00:00+00:00,6.8585,0.4085,27.792374,1.0,4.0,0.0
2021-12-20 03:00:00+00:00,3.8085,-3.9415,16.299694,0.0,2.0,0.0
2021-12-21 03:00:00+00:00,0.5585,-1.6915,8.473393,0.0,1.0,0.0
2021-12-22 03:00:00+00:00,-0.19150001,-3.7415,13.479583,0.0,0.0,0.0
2021-12-23 03:00:00+00:00,1.9085001,-3.1415,16.516901,1.8,11.0,0.0
2021-12-24 03:00:00+00:00,3.5585,-7.1915,18.430452,7.6999993,16.0,1.3
2021-12-25 03:00:00+00:00,-2.8915,-10.7915,8.891344,0.0,0.0,0.0
2021-12-26 03:00:00+00:00,-3.4915,-10.7415,19.011953,0.0,0.0,0.0
2021-12-27 03:00:00+00:00,-0.4415,-5.4915004,21.120682,0.0,2.0,0.0
2021-12-28 03:00:00+00:00,2.0585,-3.7914999,20.945072,1.1,5.0,0.0
2021-12-29 03:00:00+00:00,4.0585,0.5585,10.182337,0.2,2.0,0.0
2021-12-30 03:00:00+00:00,12.1085005,4.3085,23.749088,1.7000002,10.0,0.0
2021-12-31 03:00:00+00:00,13.0585,10.8085,27.890127,3.8999999,8.0,0.0
2022-01-01 03:00:00+00:00,12.1085005,8.158501,22.682856,0.4,3.0,0.1
2022-01-02 03:00:00+00:00,11.7085,7.7085,29.168886,3.8000002,9.0,0.0
2022-01-03 03:00:00+00:00,9.658501,6.0084996,36.44722,1.4000001,7.0,0.2
2022-01-04 03:00:00+00:00,7.1085,3.0585,16.24394,2.3,11.0,0.0
2022-01-05 03:00:00+00:00,4.5585,2.0085,29.47826,0.9,6.0,0.0
2022-01-06 03:00:00+00:00,2.8085,-2.9415,21.767351,0.0,0.0,0.0
2022-01-07 03:00:00+00:00,2.5585,-1.3915,20.724247,0.9000001,8.0,0.0
2022-01-08 03:00:00+00:00,2.7585,-1.5914999,20.188908,0.0,0.0,0.0
2022-01-09 03:00:00+00:00,3.6585,-1.3915,21.028437,0.7,6.0,0.0
2022-01-10 03:00:00+00:00,4.2584996,-3.5414999,12.849528,0.1,1.0,0.1
2022-01-11 03:00:00+00:00,-0.54150003,-4.8415003,12.4811535,0.0,0.0,0.0
2022-01-12 03:00:00+00:00,3.1585,-2.4915,18.175545,0.0,0.0,0.0
2022-01-13 03:00:00+00:00,5.4585,3.2585,23.051247,0.0,0.0,0.0
2022-01-14 03:00:00+00:00,6.9084997,-0.1415,32.48788,0.1,1.0,0.0
2022-01-15 03:00:00+00:00,2.9585001,-1.5914999,10.948973,0.0,0.0,0.0
2022-01-16 03:00:00+00:00,5.6584997,-0.9415,29.122198,0.4,4.0,0.0
2022-01-17 03:00:00+00:00,5.8585,-1.2915,36.016193,2.0,6.0,0.0
2022-01-18 03:00:00+00:00,5.6085,-1.2414999,17.377226,0.0,0.0,0.0
2022-01-19 03:00:00+00:00,4.5585,1.1585001,28.817993,0.2,2.0,0.0
2022-01-20 03:00:00+00:00,2.4085,-1.6915,31.534437,0.19999999,3.0,0.0
2022-01-21 03:00:00+00:00,3.7585,-3.3915,20.870687,1.7,7.0,0.0
2022-01-22 03:00:00+00:00,4.1085,0.95849997,18.58451,0.2,2.0,0.0
2022-01-23 03:00:00+00:00,6.2085,4.2085,14.917212,0.4,4.0,0.0
2022-01-24 03:00:00+00:00,5.5585,3.7585,11.609651,0.0,0.0,0.0
2022-01-25 03:00:00+00:00,4.1584997,3.3585,15.941944,0.0,0.0,0.0
2022-01-26 03:00:00+00:00,3.7085001,2.1085,23.18579,0.5,4.0,0.0
2022-01-27 03:00:00+00:00,5.9585,3.2585,36.551968,1.0,7.0,0.0
2022-01-28 03:00:00+00:00,6.2584996,1.7085,33.47032,0.4,2.0,0.0
2022-01-29 03:00:00+00:00,8.6085005,2.2085001,44.35165,6.7,12.0,0.5
2022-01-30 03:00:00+00:00,7.1085,1.5585,42.366966,0.2,2.0,0.1
2022-01-31 03:00:00+00:00,3.4085,-1.4415,16.327497,0.4,6.0,0.0
2022-02-01 03:00:00+00:00,5.7584996,0.95849997,32.902103,3.9,13.0,0.0
2022-02-02 03:00:00+00:00,6.2584996,0.108500004,39.6752,0.3,3.0,0.0
2022-02-03 03:00:00+00:00,6.3085,1.0585,16.78156,3.0999994,13.0,0.0
2022-02-04 03:00:00+00:00,8.1085005,2.2085001,34.38895,2.8,8.0,0.0
2022-02-05 03:00:00+00:00,5.4084997,2.2085001,32.91983,1.0,6.0,0.0
2022-02-06 03:00:00+00:00,7.5084996,2.3585,35.965782,9.0,23.0,0.4
2022-02-07 03:00:00+00:00,5.9585,1.5585,32.36398,0.4,4.0,0.1
2022-02-08 03:00:00+00:00,8.408501,3.3085,28.696312,2.3,16.0,0.0
2022-02-09 03:00:00+00:00,9.408501,6.8085,24.472057,0.1,1.0,0.0
2022-02-10 03:00:00+00:00,9.4585,3.5085,17.917007,1.9,6.0,0.0
2022-02-11 03:00:00+00:00,5.4084997,-2.2415,18.59845,0.70000005,7.0,0.0
2022-02-12 03:00:00+00:00,4.8585,-3.2914999,16.766108,0.0,0.0,0.0
2022-02-13 03:00:00+00:00,7.4084997,-1.0914999,20.418695,0.0,0.0,0.0
2022-02-14 03:00:00+00:00,12.408501,3.4085,22.346113,0.1,1.0,0.0
2022-02-15 03:00:00+00:00,8.7585,4.4084997,25.1614,0.5,2.0,0.0
2022-02-16 03:00:00+00:00,11.908501,5.4084997,41.556225,10.699999,21.0,0.4
2022-02-17 03:00:00+00:00,9.8585005,4.5084996,49.74387,2.5,10.0,0.4
2022-02-18 03:00:00+00:00,10.3085,3.0585,42.035297,3.8999999,8.0,0.0
2022-02-19 03:00:00+00:00,6.5585,3.1085,46.84982,1.9000001,10.0,0.0
2022-02-20 03:00:00+00:00,9.0085,3.4085,39.014767,8.5,19.0,0.3
2022-02-21 03:00:00+00:00,8.6085005,2.5085,42.730953,3.2000003,12.0,0.9
2022-02-22 03:00:00+00:00,7.4585,3.4085,31.956972,3.8999999,11.0,0.0
2022-02-23 03:00:00+00:00,9.0085,1.2085,32.688713,0.0,0.0,0.0
2022-02-24 03:00:00+00:00,10.408501,1.2085,34.03095,0.70000005,4.0,0.0
2022-02-25 03:00:00+00:00,6.3585,1.1585001,32.789658,1.5,5.0,0.0
2022-02-26 03:00:00+00:00,6.5585,-2.4915,16.862455,0.1,1.0,0.0
2022-02-27 03:00:00+00:00,6.0084996,-2.8415,12.879752,0.0,0.0,0.0
2022-02-28 03:00:00+00:00,4.9585,-2.5414999,13.044722,0.0,0.0,0.0
2022-03-01 03:00:00+00:00,6.7085,-3.6415,14.707222,0.0,0.0,0.0
2022-03-02 03:00:00+00:00,6.5084996,-4.2415004,10.08,0.0,0.0,0.0
2022-03-03 03:00:00+00:00,3.0585,-5.0415,13.0447235,0.0,0.0,0.0
2022-03-04 03:00:00+00:00,4.4585,-2.1415,15.815435,0.0,0.0,0.0
2022-03-05 03:00:00+00:00,4.4585,-4.5415,11.709688,0.1,1.0,0.0
2022-03-06 03:00:00+00:00,2.2085001,-1.7414999,13.450708,0.0,0.0,0.0
2022-03-07 03:00:00+00:00,7.9084997,-3.3915,17.698677,0.0,0.0,0.0
2022-03-08 03:00:00+00:00,8.5585,-3.6915,7.754637,0.0,0.0,0.0
2022-03-09 03:00:00+00:00,10.3585005,-3.2914999,10.137692,0.0,0.0,0.0
2022-03-10 03:00:00+00:00,7.7085,-1.5914999,22.104116,0.0,0.0,0.0
2022-03-11 03:00:00+00:00,6.8585,-2.8415,27.231804,0.0,0.0,0.0
2022-03-12 03:00:00+00:00,9.6085005,-1.3915,20.799152,0.0,0.0,0.0
2022-03-13 03:00:00+00:00,11.1085005,-1.0914999,21.461555,0.0,0.0,0.0
2022-03-14 03:00:00+00:00,12.0585,0.8085,16.704155,1.4000001,5.0,0.0
2022-03-15 03:00:00+00:00,11.908501,3.6085,13.479583,0.1,1.0,0.0
2022-03-16 03:00:00+00:00,11.0585,2.6585,15.986595,0.0,0.0,0.0
2022-03-17 03:00:00+00:00,12.3085,2.9585001,18.671474,0.2,2.0,0.0
2022-03-18 03:00:00+00:00,12.0585,2.1085,15.141414,0.0,0.0,0.0
2022-03-19 03:00:00+00:00,9.658501,0.70849997,24.288662,0.2,1.0,0.0
2022-03-20 03:00:00+00:00,11.0085,1.0085,24.014996,0.0,0.0,0.0
2022-03-21 03:00:00+00:00,12.658501,0.4585,19.734436,0.0,0.0,0.0
2022-03-22 03:00:00+00:00,15.408501,-0.4415,12.475961,0.0,0.0,0.0
2022-03-23 03:00:00+00:00,16.9085,-0.4415,13.363711,0.0,0.0,0.0
2022-03-24 03:00:00+00:00,14.7585,-1.8414999,12.245293,0.0,0.0,0.0
2022-03-25 03:00:00+00:00,15.8585005,-0.7415,13.584932,0.0,0.0,0.0
2022-03-26 03:00:00+00:00,12.6085005,1.3585,21.889065,0.1,1.0,0.0
2022-03-27 03:00:00+00:00,14.6085005,0.2585,9.779817,0.0,0.0,0.0
2022-03-28 03:00:00+00:00,15.1085005,3.5585,15.905319,0.0,0.0,0.0
2022-03-29 03:00:00+00:00,11.8085,0.5585,21.42227,0.0,0.0,0.0
2022-03-30 03:00:00+00:00,8.2085,0.5085,20.163212,0.0,0.0,0.0
2022-03-31 03:00:00+00:00,6.4585,-1.2414999,26.183659,0.0,3.0,0.0
2022-04-01 03:00:00+00:00,7.0585,-0.8915,28.394392,0.0,0.0,0.0
2022-04-02 03:00:00+00:00,5.0084996,-3.3915,27.257967,0.0,0.0,0.0
2022-04-03 03:00:00+00:00,6.8585,-2.7914999,20.774214,0.0,0.0,0.0
2022-04-04 03:00:00+00:00,7.8085,0.5085,42.438793,6.4,14.0,0.0
2022-04-05 03:00:00+00:00,8.658501,4.6584997,26.420174,3.1999998,17.0,0.1
2022-04-06 03:00:00+00:00,11.8585005,8.3585005,31.559086,0.8,6.0,0.1
2022-04-07 03:00:00+00:00,14.4585,6.1584997,43.534702,13.300001,14.0,0.0
2022-04-08 03:00:00+00:00,8.908501,2.7585,30.718357,1.8000001,7.0,0.0
2022-04-09 03:00:00+00:00,9.408501,2.0085,31.569351,0.8,7.0,0.0
2022-04-10 03:00:00+00:00,8.3085,1.4585,27.595823,1.7,7.0,0.0
2022-04-11 03:00:00+00:00,11.0085,0.9085,19.13426,0.0,0.0,0.0
2022-04-12 03:00:00+00:00,15.408501,-0.19150001,17.388409,0.0,0.0,0.0
2022-04-13 03:00:00+00:00,20.5585,5.5084996,16.992609,0.0,0.0,0.0
2022-04-14 03:00:00+00:00,16.9085,7.0084996,14.408997,4.7,6.0,0.0
2022-04-15 03:00:00+00:00,10.2585,1.8085,23.110207,1.7000002,7.0,0.0
2022-04-16 03:00:00+00:00,11.8585005,0.8085,22.104116,0.0,0.0,0.0
2022-04-17 03:00:00+00:00,14.0085,-0.3915,13.830749,0.0,0.0,0.0
2022-04-18 03:00:00+00:00,14.658501,0.7585,13.779114,0.0,0.0,0.0
2022-04-19 03:00:00+00:00,13.4585,3.0585,24.063513,0.0,0.0,0.0
2022-04-20 03:00:00+00:00,14.0585,5.3085,21.96295,0.1,1.0,0.0
2022-04-21 03:00:00+00:00,13.0085,4.5585,20.61766,0.5,5.0,0.1
2022-04-22 03:00:00+00:00,13.2085,4.3085,25.570139,0.6,4.0,0.0
2022-04-23 03:00:00+00:00,16.8085,4.0085,20.880001,0.0,0.0,0.0
2022-04-24 03:00:00+00:00,16.7085,5.1085,24.36591,0.70000005,4.0,0.0
2022-04-25 03:00:00+00:00,13.7085,3.0085,17.811815,0.0,0.0,0.0
2022-04-26 03:00:00+00:00,16.2085,2.0085,14.973576,0.0,0.0,0.0
2022-04-27 03:00:00+00:00,16.4085,5.2584996,12.181624,0.0,0.0,0.0
2022-04-28 03:00:00+00:00,16.508501,3.6085,13.044722,0.0,0.0,0.0
2022-04-29 03:00:00+00:00,18.4085,2.9085,10.661107,0.0,0.0,0.0
2022-04-30 03:00:00+00:00,18.6085,6.9585,12.620554,0.1,1.0,0.0
2022-05-01 03:00:00+00:00,16.4085,7.3085,13.979871,0.0,0.0,0.0
2022-05-02 03:00:00+00:00,18.758501,6.2584996,14.168641,0.0,0.0,0.0
2022-05-03 03:00:00+00:00,18.508501,6.6584997,15.856354,0.0,0.0,0.0
2022-05-04 03:00:00+00:00,19.2085,7.0585,10.464797,1.9000001,5.0,0.0
2022-05-05 03:00:00+00:00,18.3585,6.7584996,13.905509,13.1,3.0,4.3
2022-05-06 03:00:00+00:00,19.3585,6.0585,10.08,0.0,0.0,0.0
2022-05-07 03:00:00+00:00,22.008501,8.658501,18.919704,0.90000004,3.0,0.0
2022-05-08 03:00:00+00:00,19.3085,6.6085,16.563911,0.0,0.0,0.0
2022-05-09 03:00:00+00:00,21.1585,6.2584996,13.004922,0.0,0.0,0.0
2022-05-10 03:00:00+00:00,26.008501,9.7585,18.626305,0.0,0.0,0.0
2022-05-11 03:00:00+00:00,27.4085,15.0085,28.657898,5.0,7.0,0.0
2022-05-12 03:00:00+00:00,19.258501,10.3085,32.44996,0.5,3.0,0.1
2022-05-13 03:00:00+00:00,18.5585,9.4585,30.978832,0.1,1.0,0.0
2022-05-14 03:00:00+00:00,19.8585,7.1085,27.698952,0.0,0.0,0.0
2022-05-15 03:00:00+00:00,20.758501,6.7584996,16.92383,0.0,0.0,0.0
2022-05-16 03:00:00+00:00,24.5585,9.6085005,18.837322,0.0,0.0,0.0
2022-05-17 03:00:00+00:00,21.2085,12.908501,20.268991,11.900001,6.0,0.0
2022-05-18 03:00:00+00:00,24.258501,11.6085005,20.799152,0.0,0.0,0.0
2022-05-19 03:00:00+00:00,28.5585,13.5585,23.233253,0.0,0.0,0.0
2022-05-20 03:00:00+00:00,24.4085,14.0585,33.168877,8.1,7.0,0.0
2022-05-21 03:00:00+00:00,17.758501,9.9585,33.847656,1.3,5.0,0.0
2022-05-22 03:00:00+00:00,18.8085,9.5085,16.45007,0.3,3.0,0.0
2022-05-23 03:00:00+00:00,22.0585,9.2085,26.474077,0.1,1.0,0.0
2022-05-24 03:00:00+00:00,21.9085,9.4585,25.729298,0.2,2.0,0.0
2022-05-25 03:00:00+00:00,19.8585,9.7585,20.00512,0.1,1.0,0.0
2022-05-26 03:00:00+00:00,20.4085,13.9585,32.76198,1.6,4.0,0.0
2022-05-27 03:00:00+00:00,17.8585,8.8585005,32.039997,2.2000003,11.0,0.1
2022-05-28 03:00:00+00:00,15.158501,8.6085005,34.22841,1.2000002,6.0,0.0
2022-05-29 03:00:00+00:00,14.8085,7.7584996,15.517629,1.6000001,8.0,0.0
2022-05-30 03:00:00+00:00,15.7585,8.158501,16.62249,0.0,0.0,0.0
2022-05-31 03:00:00+00:00,18.258501,7.8085,9.178235,0.0,0.0,0.0
2022-06-01 03:00:00+00:00,19.008501,8.658501,22.505037,1.6,7.0,0.0
2022-06-02 03:00:00+00:00,18.508501,9.2585,20.211363,0.1,1.0,0.0
2022-06-03 03:00:00+00:00,24.008501,9.2085,15.281989,0.0,0.0,0.0
2022-06-04 03:00:00+00:00,22.5585,9.408501,17.873556,0.0,0.0,0.0
2022-06-05 03:00:00+00:00,27.3585,9.0585,19.813087,0.3,1.0,0.0
2022-06-06 03:00:00+00:00,25.1585,14.5085,15.03835,1.2,5.0,0.0
2022-06-07 03:00:00+00:00,23.508501,13.0085,18.692286,0.0,0.0,0.0
2022-06-08 03:00:00+00:00,24.8585,13.5585,12.819235,0.6,2.0,0.0
2022-06-09 03:00:00+00:00,21.0585,13.8585005,15.84409,1.3000001,3.0,0.0
2022-06-10 03:00:00+00:00,24.9585,13.1085005,17.873556,0.0,0.0,0.0
2022-06-11 03:00:00+00:00,26.4085,14.8585005,20.907913,0.0,0.0,0.0
2022-06-12 03:00:00+00:00,25.6585,14.5585,17.193533,0.70000005,3.0,0.0
2022-06-13 03:00:00+00:00,20.758501,10.408501,24.863466,0.6,3.0,0.0
2022-06-14 03:00:00+00:00,19.3585,8.4585,19.319628,0.1,1.0,0.0
2022-06-15 03:00:00+00:00,24.7085,10.2085,12.682018,0.0,0.0,0.0
2022-06-16 03:00:00+00:00,23.9585,13.0585,20.46941,0.0,0.0,0.0
2022-06-17 03:00:00+00:00,24.9585,12.2085,13.009903,0.0,0.0,0.0
2022-06-18 03:00:00+00:00,34.0585,17.2085,24.187069,0.0,0.0,0.0
2022-06-19 03:00:00+00:00,35.608498,13.5585,29.533169,1.8,2.0,0.0
2022-06-20 03:00:00+00:00,17.1585,11.3085,18.03237,3.7,11.0,0.0
2022-06-21 03:00:00+00:00,23.6085,11.3085,19.67195,0.0,0.0,0.0
2022-06-22 03:00:00+00:00,26.758501,12.158501,15.876775,0.0,0.0,0.0
2022-06-23 03:00:00+00:00,29.6085,13.4585,17.782688,0.0,0.0,0.0
2022-06-24 03:00:00+00:00,31.8085,18.5585,24.023088,1.2,4.0,0.0
2022-06-25 03:00:00+00:00,27.4585,18.5585,8.766573,11.700001,6.0,0.0
2022-06-26 03:00:00+00:00,29.8585,17.6585,15.509274,0.5,2.0,0.0
2022-06-27 03:00:00+00:00,34.4585,19.1085,22.59699,3.0,3.0,0.0
2022-06-28 03:00:00+00:00,24.8085,16.1585,19.201874,3.7999997,6.0,0.3
2022-06-29 03:00:00+00:00,25.0585,15.658501,15.745627,2.0,3.0,0.0
2022-06-30 03:00:00+00:00,27.2085,17.7085,13.797912,0.90000004,3.0,0.7
2022-07-01 03:00:00+00:00,26.1085,12.158501,25.38702,4.8,10.0,0.0
2022-07-02 03:00:00+00:00,25.6085,12.0585,15.484185,0.0,0.0,0.0
2022-07-03 03:00:00+00:00,28.8585,15.3085,21.178896,0.0,0.0,0.0
2022-07-04 03:00:00+00:00,24.758501,14.6085005,19.134262,0.0,0.0,0.0
2022-07-05 03:00:00+00:00,24.8085,14.7085,16.595179,0.1,1.0,0.0
2022-07-06 03:00:00+00:00,20.2085,14.8085,22.206486,0.3,1.0,0.0
2022-07-07 03:00:00+00:00,20.9585,13.2585,21.980644,17.400002,17.0,0.6
2022-07-08 03:00:00+00:00,19.758501,12.8085,23.263912,0.1,1.0,0.0
2022-07-09 03:00:00+00:00,19.9085,12.0585,23.03156,2.1000001,8.0,0.0
2022-07-10 03:00:00+00:00,19.6585,12.2585,26.459387,0.3,3.0,0.1
2022-07-11 03:00:00+00:00,22.6585,11.6085005,16.563911,0.4,3.0,0.0
2022-07-12 03:00:00+00:00,27.1585,11.408501,23.469128,0.0,0.0,0.0
2022-07-13 03:00:00+00:00,30.508501,16.2085,25.210283,0.0,0.0,0.0
2022-07-14 03:00:00+00:00,24.8585,12.9585,26.250393,0.0,0.0,0.0
2022-07-15 03:00:00+00:00,20.2085,12.3085,25.872454,0.2,2.0,0.0
2022-07-16 03:00:00+00:00,21.7085,11.2085,30.248568,3.1999998,7.0,0.0
2022-07-17 03:00:00+00:00,22.9585,10.7585,18.847641,0.0,0.0,0.0
2022-07-18 03:00:00+00:00,28.3085,13.3585005,10.08,0.0,0.0,0.0
2022-07-19 03:00:00+00:00,34.9585,16.0585,14.05845,0.0,0.0,0.0
2022-07-20 03:00:00+00:00,37.7085,21.0585,17.566378,0.0,0.0,0.0
2022-07-21 03:00:00+00:00,28.8085,19.508501,19.513195,3.8,6.0,0.0
2022-07-22 03:00:00+00:00,24.4085,16.258501,18.532133,0.2,2.0,0.0
2022-07-23 03:00:00+00:00,24.008501,12.408501,17.935081,5.9,5.0,0.0
2022-07-24 03:00:00+00:00,27.3085,11.6085005,12.599998,0.0,0.0,0.0
2022-07-25 03:00:00+00:00,35.108498,18.3585,23.598541,5.7999997,6.0,0.0
2022-07-26 03:00:00+00:00,24.4085,12.9585,23.675304,0.3,3.0,0.0
2022-07-27 03:00:00+00:00,20.4585,10.8085,19.296133,0.0,0.0,0.0
2022-07-28 03:00:00+00:00,22.508501,10.158501,14.84318,0.0,0.0,0.0
2022-07-29 03:00:00+00:00,27.758501,14.3585005,22.406927,0.0,0.0,0.0
2022-07-30 03:00:00+00:00,26.1585,16.7085,14.658676,0.0,0.0,0.0
2022-07-31 03:00:00+00:00,27.8085,14.7585,13.70839,0.0,0.0,0.0
2022-08-01 03:00:00+00:00,24.4585,14.9585,19.694992,0.8000001,6.0,0.0
2022-08-02 03:00:00+00:00,27.1585,15.3085,9.6932955,0.0,0.0,0.0
2022-08-03 03:00:00+00:00,33.0585,17.2085,9.726664,0.0,0.0,0.0
2022-08-04 03:00:00+00:00,37.158497,20.258501,17.709658,0.0,0.0,0.0
2022-08-05 03:00:00+00:00,28.8085,14.2085,23.686249,5.1,8.0,0.0
2022-08-06 03:00:00+00:00,22.3585,11.9585,16.055355,0.0,0.0,0.0
2022-08-07 03:00:00+00:00,23.6085,11.2085,12.849528,0.0,0.0,0.0
2022-08-08 03:00:00+00:00,26.7085,13.7085,16.23596,0.0,0.0,0.0
2022-08-09 03:00:00+00:00,27.3085,15.1085005,17.49615,0.0,0.0,0.0
2022-08-10 03:00:00+00:00,28.7085,14.4585,11.988594,0.0,0.0,0.0
2022-08-11 03:00:00+00:00,29.6585,16.3585,13.684735,0.0,0.0,0.0
2022-08-12 03:00:00+00:00,29.7085,15.7085,16.595179,0.0,0.0,0.0
2022-08-13 03:00:00+00:00,28.8585,18.758501,15.893093,5.9999995,7.0,0.0
2022-08-14 03:00:00+00:00,32.158497,19.258501,16.311613,0.0,0.0,0.0
2022-08-15 03:00:00+00:00,29.5585,19.008501,18.875126,0.8,4.0,0.0
2022-08-16 03:00:00+00:00,29.3085,17.758501,11.304229,0.0,0.0,0.0
2022-08-17 03:00:00+00:00,32.158497,17.3585,14.81259,0.0,0.0,0.0
2022-08-18 03:00:00+00:00,32.4585,20.6085,15.192682,2.1,3.0,0.0
2022-08-19 03:00:00+00:00,24.8585,18.9085,17.58481,10.200001,14.0,1.2
2022-08-20 03:00:00+00:00,21.6585,16.8085,14.255272,6.0,14.0,0.3
2022-08-21 03:00:00+00:00,23.4085,14.8585005,14.186923,0.0,0.0,0.0
2022-08-22 03:00:00+00:00,22.8085,14.3585005,13.746156,0.0,0.0,0.0
2022-08-23 03:00:00+00:00,25.1585,15.5085,16.78156,0.0,0.0,0.0
2022-08-24 03:00:00+00:00,26.6585,15.408501,15.530151,0.1,1.0,0.0
2022-08-25 03:00:00+00:00,27.3085,18.1085,13.570615,3.6,10.0,0.0
2022-08-26 03:00:00+00:00,26.9585,18.6585,12.783802,17.699999,9.0,3.3
2022-08-27 03:00:00+00:00,23.008501,17.8585,16.363178,9.5,12.0,0.0
2022-08-28 03:00:00+00:00,21.9585,14.5585,17.873556,0.5,2.0,0.4
2022-08-29 03:00:00+00:00,21.7085,12.8585005,18.64369,0.1,1.0,0.0
2022-08-30 03:00:00+00:00,20.9585,12.408501,13.513193,0.6,6.0,0.0
2022-08-31 03:00:00+00:00,21.3585,12.5085,17.25373,0.3,2.0,0.0
2022-09-01 03:00:00+00:00,20.3585,11.408501,15.459054,0.0,0.0,0.0
2022-09-02 03:00:00+00:00,20.7085,11.9585,17.414476,0.0,0.0,0.0
2022-09-03 03:00:00+00:00,21.3585,11.7585,23.377836,0.0,0.0,0.0
2022-09-04 03:00:00+00:00,23.3085,13.6085005,21.077686,0.0,0.0,0.0
2022-09-05 03:00:00+00:00,23.9585,14.408501,20.532627,0.0,0.0,0.0
2022-09-06 03:00:00+00:00,21.8585,14.408501,23.084955,0.0,0.0,0.0
2022-09-07 03:00:00+00:00,25.5585,13.908501,17.015474,0.6,1.0,0.0
2022-09-08 03:00:00+00:00,19.508501,13.158501,18.35647,13.6,11.0,0.0
2022-09-09 03:00:00+00:00,20.9585,12.7085,12.7279215,0.2,2.0,0.0
2022-09-10 03:00:00+00:00,21.3085,11.908501,12.661564,0.6,5.0,0.0
2022-09-11 03:00:00+00:00,19.6085,10.408501,15.815435,1.0,7.0,0.0
2022-09-12 03:00:00+00:00,20.258501,9.7085,12.641076,0.1,1.0,0.0
2022-09-13 03:00:00+00:00,19.8585,11.9585,15.517629,3.8,6.0,0.0
2022-09-14 03:00:00+00:00,18.7085,11.5585,15.281989,0.0,0.0,0.0
2022-09-15 03:00:00+00:00,17.8585,10.908501,23.623243,0.4,2.0,0.0
2022-09-16 03:00:00+00:00,16.5585,9.5085,29.15778,5.4,9.0,0.0
2022-09-17 03:00:00+00:00,15.158501,8.8085,25.6233,4.1,13.0,0.0
2022-09-18 03:00:00+00:00,14.408501,7.2085,29.237675,3.4,10.0,1.0
2022-09-19 03:00:00+00:00,15.5085,7.2584996,22.42427,4.0,4.0,0.0
2022-09-20 03:00:00+00:00,14.8585005,6.2085,17.826363,3.3,6.0,0.0
2022-09-21 03:00:00+00:00,16.258501,5.6584997,11.592894,0.3,3.0,0.0
2022-09-22 03:00:00+00:00,15.908501,3.9085,9.504273,0.0,0.0,0.0
2022-09-23 03:00:00+00:00,16.258501,3.6585,11.119281,0.0,0.0,0.0
2022-09-24 03:00:00+00:00,15.8085,9.4585,11.440978,1.6000003,8.0,0.0
2022-09-25 03:00:00+00:00,17.3085,9.8085,11.298495,0.4,2.0,0.0
2022-09-26 03:00:00+00:00,16.5585,8.1085005,24.33664,0.4,3.0,0.0
2022-09-27 03:00:00+00:00,12.8085,6.5084996,19.171478,5.8999996,15.0,0.2
2022-09-28 03:00:00+00:00,12.1085005,4.9585,12.10157,1.5,6.0,0.4
2022-09-29 03:00:00+00:00,13.8585005,3.6085,9.19939,0.2,2.0,0.0
2022-09-30 03:00:00+00:00,16.0585,3.5085,13.039754,0.1,1.0,0.0
2022-10-01 03:00:00+00:00,13.4585,7.6085,25.294964,2.6,3.0,0.0
2022-10-02 03:00:00+00:00,16.1085,10.0585,26.220753,0.2,2.0,0.0
2022-10-03 03:00:00+00:00,15.2585,10.1085005,29.301876,0.0,0.0,0.0
2022-10-04 03:00:00+00:00,17.1585,10.3585005,15.042659,0.1,1.0,0.0
2022-10-05 03:00:00+00:00,19.008501,9.3585005,19.022177,0.0,0.0,0.0
2022-10-06 03:00:00+00:00,17.508501,5.4084997,25.570139,0.4,2.0,0.0
2022-10-07 03:00:00+00:00,17.258501,5.3085,13.397612,0.0,0.0,0.0
2022-10-08 03:00:00+00:00,15.8585005,6.8585,24.609364,0.4,3.0,0.0
2022-10-09 03:00:00+00:00,15.4585,5.1584997,15.192682,0.0,0.0,0.0
2022-10-10 03:00:00+00:00,16.9585,6.2085,19.242327,0.0,0.0,0.0
2022-10-11 03:00:00+00:00,15.1085005,7.0585,13.1041975,0.0,0.0,0.0
2022-10-12 03:00:00+00:00,15.2085,4.2085,10.365251,0.0,0.0,0.0
2022-10-13 03:00:00+00:00,16.508501,4.7584996,18.35647,0.0,0.0,0.0
2022-10-14 03:00:00+00:00,16.508501,7.5084996,14.05845,4.0,6.0,0.0
2022-10-15 03:00:00+00:00,17.8585,11.658501,14.512064,0.4,2.0,0.3
2022-10-16 03:00:00+00:00,20.0585,10.4585,18.971008,0.2,2.0,0.0
2022-10-17 03:00:00+00:00,23.9085,12.3085,18.089775,0.0,0.0,0.0
2022-10-18 03:00:00+00:00,16.1085,10.658501,13.684735,18.800001,10.0,0.1
2022-10-19 03:00:00+00:00,13.8585005,4.0585,15.629971,0.1,1.0,0.0
2022-10-20 03:00:00+00:00,13.4585,3.6585,22.59699,1.3000001,3.0,0.0
2022-10-21 03:00:00+00:00,15.408501,8.0585,15.277749,0.3,2.0,0.0
2022-10-22 03:00:00+00:00,18.5585,11.158501,18.486622,0.3,1.0,0.0
2022-10-23 03:00:00+00:00,18.1085,8.8085,17.283749,1.5999999,3.0,0.0
2022-10-24 03:00:00+00:00,19.6585,12.5585,28.460497,0.0,0.0,0.0
2022-10-25 03:00:00+00:00,16.2085,7.4084997,24.29133,0.3,3.0,0.1
2022-10-26 03:00:00+00:00,17.008501,6.3085,10.883676,0.0,0.0,0.0
2022-10-27 03:00:00+00:00,19.4085,9.5085,12.43434,0.0,0.0,0.0
2022-10-28 03:00:00+00:00,21.758501,13.2085,18.556595,0.0,0.0,0.0
2022-10-29 03:00:00+00:00,19.1585,12.2085,11.269782,0.0,0.0,0.0
2022-10-30 03:00:00+00:00,20.6585,9.408501,12.261158,0.0,0.0,0.0
2022-10-31 03:00:00+00:00,17.1585,10.6085005,14.869351,0.0,0.0,0.0
2022-11-01 03:00:00+00:00,17.258501,7.9585,14.799459,0.9,3.0,0.0
2022-11-02 03:00:00+00:00,14.908501,4.4084997,24.884306,0.4,1.0,0.0
2022-11-03 03:00:00+00:00,12.408501,5.1085,19.586119,0.0,0.0,0.0
2022-11-04 03:00:00+00:00,11.1085005,8.1085005,13.363711,9.900001,19.0,0.0
2022-11-05 03:00:00+00:00,11.5585,4.3085,14.205182,0.0,0.0,0.0
2022-11-06 03:00:00+00:00,11.158501,4.4084997,19.137648,0.0,0.0,0.0
2022-11-07 03:00:00+00:00,13.9585,6.9084997,24.912935,0.3,2.0,0.0
2022-11-08 03:00:00+00:00,15.7085,8.9585,17.462784,0.0,0.0,0.0
2022-11-09 03:00:00+00:00,14.8085,10.3585005,20.972897,0.2,2.0,0.0
2022-11-10 03:00:00+00:00,13.3585005,8.0085,21.841648,0.2,1.0,0.2
2022-11-11 03:00:00+00:00,12.658501,5.2085,17.399586,0.0,0.0,0.0
2022-11-12 03:00:00+00:00,12.0085,2.8585,11.119281,0.0,0.0,0.0
2022-11-13 03:00:00+00:00,10.7585,5.0585,21.129885,0.0,0.0,0.0
2022-11-14 03:00:00+00:00,10.908501,4.4585,17.566378,0.0,0.0,0.0
2022-11-15 03:00:00+00:00,11.9585,4.9084997,16.595179,0.0,0.0,0.0
2022-11-16 03:00:00+00:00,6.9585,3.5085,24.48,0.3,3.0,0.0
2022-11-17 03:00:00+00:00,5.4084997,0.9085,34.268143,2.7,7.0,0.0
2022-11-18 03:00:00+00:00,0.70849997,-5.4415,22.668568,0.2,4.0,0.2
2022-11-19 03:00:00+00:00,1.8585,-6.0915003,17.771753,0.0,9.0,0.0
2022-11-20 03:00:00+00:00,0.8085,-3.1415,15.1884165,0.0,3.0,0.0
2022-11-21 03:00:00+00:00,0.8585,-3.2914999,17.654688,0.0,1.0,0.0
2022-11-22 03:00:00+00:00,2.5085,-2.4915,21.437386,0.0,0.0,0.0
2022-11-23 03:00:00+00:00,6.1584997,-0.6915,14.186923,0.0,0.0,0.0
2022-11-24 03:00:00+00:00,4.3585,-2.3915,8.891343,0.0,0.0,0.0
2022-11-25 03:00:00+00:00,6.3585,1.8085,10.041354,4.8,8.0,0.0
2022-11-26 03:00:00+00:00,8.3085,5.9585,13.75558,0.4,3.0,0.0
2022-11-27 03:00:00+00:00,6.8085,2.4085,17.309975,0.0,0.0,0.0
2022-11-28 03:00:00+00:00,5.0084996,2.7085001,24.703974,0.2,2.0,0.0
2022-11-29 03:00:00+00:00,5.1584997,2.9085,13.627795,1.2,3.0,0.0
2022-11-30 03:00:00+00:00,5.0084996,-0.8415,13.905509,0.4,2.0,0.3
2022-12-01 03:00:00+00:00,0.8585,-0.54150003,12.979984,0.0,12.0,0.0
2022-12-02 03:00:00+00:00,1.9585,-1.6915,17.309973,0.1,6.0,0.0
2022-12-03 03:00:00+00:00,-0.041500002,-1.8915,15.034041,0.0,4.0,0.0
2022-12-04 03:00:00+00:00,2.1585,0.008499999,15.175612,0.0,0.0,0.0
2022-12-05 03:00:00+00:00,3.2585,0.8585,14.934577,2.3,5.0,0.5
2022-12-06 03:00:00+00:00,2.8585,1.1085,16.595179,1.3000001,9.0,0.0
2022-12-07 03:00:00+00:00,3.6085,-1.0914999,23.051247,0.8000001,8.0,0.0
2022-12-08 03:00:00+00:00,3.1085,-1.4415,18.837324,0.6,7.0,0.0
2022-12-09 03:00:00+00:00,1.1085,-3.2914999,8.209263,0.0,0.0,0.0
2022-12-10 03:00:00+00:00,-0.7415,-4.5915003,10.636766,0.0,0.0,0.0
2022-12-11 03:00:00+00:00,-1.2915,-2.7914999,14.039999,0.0,10.0,0.0
2022-12-12 03:00:00+00:00,0.108500004,-3.5414999,18.581022,0.0,5.0,0.0
2022-12-13 03:00:00+00:00,-1.4415,-6.9415,13.556282,0.0,2.0,0.0
2022-12-14 03:00:00+00:00,-2.1415,-10.4415,11.720751,0.0,0.0,0.0
2022-12-15 03:00:00+00:00,-2.0414999,-10.1414995,10.028439,0.0,0.0,0.0
2022-12-16 03:00:00+00:00,-1.7915,-8.3914995,10.086427,0.0,0.0,0.0
2022-12-17 03:00:00+00:00,-2.1915,-7.4915004,9.726665,0.0,0.0,0.0
2022-12-18 03:00:00+00:00,-2.4915,-7.4415,20.188908,0.0,0.0,0.0
2022-12-19 03:00:00+00:00,3.4085,-4.2415004,23.219301,8.400001,9.0,0.0
2022-12-20 03:00:00+00:00,7.6085,2.9085,20.948164,0.8,6.0,0.0
2022-12-21 03:00:00+00:00,6.8085,3.1585,15.315873,2.5,5.0,0.5
2022-12-22 03:00:00+00:00,7.2085,3.2085001,15.745627,1.6000001,10.0,0.0
2022-12-23 03:00:00+00:00,6.3585,3.9585001,15.484185,9.8,14.0,0.2
2022-12-24 03:00:00+00:00,7.2584996,3.5585,14.973576,4.2999997,10.0,0.9
2022-12-25 03:00:00+00:00,9.9585,4.9084997,19.171478,6.6,11.0,0.0
2022-12-26 03:00:00+00:00,10.1085005,3.1085,21.349546,0.3,3.0,0.0
2022-12-27 03:00:00+00:00,5.7085,1.7585001,30.903435,0.0,0.0,0.0
2022-12-28 03:00:00+00:00,8.3585005,3.3585,24.826954,2.8,13.0,0.0
2022-12-29 03:00:00+00:00,12.3085,6.9084997,28.28464,0.8,5.0,0.0
2022-12-30 03:00:00+00:00,9.8085,4.2584996,27.193705,2.2,3.0,0.0
2022-12-31 03:00:00+00:00,16.508501,10.658501,31.259941,2.8,6.0,0.0
2023-01-01 03:00:00+00:00,15.8585005,10.8585005,29.871325,0.6,3.0,0.0
2023-01-02 03:00:00+00:00,14.408501,7.0084996,22.771244,2.0,6.0,0.0
2023-01-03 03:00:00+00:00,6.8085,1.1585001,18.72,0.0,0.0,0.0
2023-01-04 03:00:00+00:00,10.3085,3.5085,31.614477,11.4,17.0,0.0
2023-01-05 03:00:00+00:00,9.0585,4.0085,34.03095,0.8000001,5.0,0.0
2023-01-06 03:00:00+00:00,10.0585,4.2584996,22.314194,0.5,4.0,0.0
2023-01-07 03:00:00+00:00,10.2085,4.7085,16.676977,0.0,0.0,0.0
2023-01-08 03:00:00+00:00,8.3085,4.9585,16.65754,1.3000001,7.0,0.0
2023-01-09 03:00:00+00:00,8.0585,3.9085,19.70815,4.1,4.0,0.0
2023-01-10 03:00:00+00:00,7.4585,3.1585,21.24305,0.1,1.0,0.0
2023-01-11 03:00:00+00:00,8.0085,4.4084997,25.600533,7.3,11.0,0.0
2023-01-12 03:00:00+00:00,9.8585005,6.3585,31.259941,5.7,14.0,0.3
2023-01-13 03:00:00+00:00,10.1085005,6.5585,27.66384,1.7,6.0,0.0
2023-01-14 03:00:00+00:00,9.158501,6.5084996,30.659237,8.3,8.0,0.0
2023-01-15 03:00:00+00:00,9.0585,4.1584997,31.63087,3.9999998,6.0,0.8
2023-01-16 03:00:00+00:00,6.7584996,1.8085,24.063513,0.0,0.0,0.0
2023-01-17 03:00:00+00:00,4.2584996,-4.0415,27.210379,0.6,4.0,0.0
2023-01-18 03:00:00+00:00,1.8085,-4.0415,10.163227,0.39999998,6.0,0.0
2023-01-19 03:00:00+00:00,2.0585,-3.4915,17.906157,0.0,1.0,0.0
2023-01-20 03:00:00+00:00,1.9085001,-4.0415,16.746773,0.0,0.0,0.0
2023-01-21 03:00:00+00:00,3.1085,-1.0415,28.802248,1.3000001,12.0,0.0
2023-01-22 03:00:00+00:00,1.8585,0.8085,16.800856,0.0,0.0,0.0
2023-01-23 03:00:00+00:00,2.6085,-2.9915,11.720751,0.0,0.0,0.0
2023-01-24 03:00:00+00:00,2.0585,-2.3415,9.290511,0.0,0.0,0.0
2023-01-25 03:00:00+00:00,1.7085,-0.3415,8.587338,0.0,0.0,0.0
2023-01-26 03:00:00+00:00,-0.041500002,-1.0914999,8.891343,0.0,0.0,0.0
2023-01-27 03:00:00+00:00,3.1085,-2.7914999,20.073025,0.2,3.0,0.0
2023-01-28 03:00:00+00:00,1.8585,-2.7914999,14.84318,0.0,0.0,0.0
2023-01-29 03:00:00+00:00,2.5085,0.2085,27.059933,0.0,4.0,0.0
2023-01-30 03:00:00+00:00,4.8085,2.0585,33.510952,5.4000006,12.0,0.0
2023-01-31 03:00:00+00:00,5.5084996,1.6585001,33.50128,4.7999997,10.0,0.0
2023-02-01 03:00:00+00:00,5.5585,1.9585,34.828953,4.2000003,9.0,0.0
2023-02-02 03:00:00+00:00,5.8085,-1.7414999,34.763775,2.0,9.0,0.0
2023-02-03 03:00:00+00:00,8.1085005,1.2085,40.25727,6.5,12.0,0.8
2023-02-04 03:00:00+00:00,3.7085001,-5.2415004,16.862455,0.1,1.0,0.0
2023-02-05 03:00:00+00:00,1.3085,-5.7415004,12.4811535,0.0,0.0,0.0
2023-02-06 03:00:00+00:00,0.7585,-5.9415,14.8257065,0.0,5.0,0.0
2023-02-07 03:00:00+00:00,1.0585,-7.7415004,9.793058,0.0,0.0,0.0
2023-02-08 03:00:00+00:00,1.5085001,-5.9915004,15.256526,0.0,0.0,0.0
2023-02-09 03:00:00+00:00,2.9585001,-4.7915,19.770523,0.0,0.0,0.0
2023-02-10 03:00:00+00:00,5.9585,-1.1915,22.66857,0.0,0.0,0.0
2023-02-11 03:00:00+00:00,7.7584996,3.7585,25.006397,0.2,2.0,0.1
2023-02-12 03:00:00+00:00,8.0085,5.7085,12.682018,0.0,0.0,0.0
2023-02-13 03:00:00+00:00,7.5585,2.2085001,14.386494,0.1,1.0,0.0
2023-02-14 03:00:00+00:00,7.0084996,-1.9415,7.928177,0.0,0.0,0.0
2023-02-15 03:00:00+00:00,7.8085,-2.2914999,12.096214,0.0,0.0,0.0
2023-02-16 03:00:00+00:00,10.158501,-1.0415,16.199999,0.4,3.0,0.0
2023-02-17 03:00:00+00:00,12.0085,5.7085,37.254345,3.3,14.0,0.1
2023-02-18 03:00:00+00:00,9.9585,4.7584996,36.35109,12.700002,12.0,0.0
2023-02-19 03:00:00+00:00,6.9084997,0.9085,23.838959,2.0,5.0,0.2
2023-02-20 03:00:00+00:00,9.5585,3.9585001,39.919437,1.9000002,11.0,0.0
2023-02-21 03:00:00+00:00,11.158501,4.6584997,30.158459,0.6,4.0,0.2
2023-02-22 03:00:00+00:00,9.9585,3.8585,17.533146,0.0,0.0,0.0
2023-02-23 03:00:00+00:00,10.7085,3.2085001,19.486609,1.0000001,6.0,0.0
2023-02-24 03:00:00+00:00,4.0085,1.2085,27.07669,2.7,11.0,0.0
2023-02-25 03:00:00+00:00,2.7085001,-1.1915,26.867676,2.4,20.0,0.1
2023-02-26 03:00:00+00:00,3.0085,-3.3915,21.398056,0.0,0.0,0.0
2023-02-27 03:00:00+00:00,3.9085,-3.9915001,11.212135,0.0,6.0,0.0
2023-02-28 03:00:00+00:00,4.7584996,-5.3415003,9.47012,0.0,0.0,0.0
2023-03-01 03:00:00+00:00,7.3585,-5.7915,9.178235,0.0,0.0,0.0
2023-03-02 03:00:00+00:00,5.4084997,-3.1415,10.390226,0.0,0.0,0.0
2023-03-03 03:00:00+00:00,3.9085,-2.7415,20.957443,0.0,0.0,0.0
2023-03-04 03:00:00+00:00,6.1085,-0.99149996,25.076267,0.70000005,7.0,0.0
2023-03-05 03:00:00+00:00,3.9585001,-0.5915,26.596178,0.1,7.0,0.0
2023-03-06 03:00:00+00:00,3.7085001,-2.4415,18.709612,0.50000006,5.0,0.1
2023-03-07 03:00:00+00:00,4.7584996,-0.8915,27.381308,2.3,10.0,0.0
2023-03-08 03:00:00+00:00,3.6085,-1.9415,14.658676,0.6,10.0,0.0
2023-03-09 03:00:00+00:00,2.0585,0.3085,17.87718,1.0000001,22.0,0.0
2023-03-10 03:00:00+00:00,9.7585,0.5085,26.368616,11.400001,17.0,0.9
2023-03-11 03:00:00+00:00,3.4085,-0.3915,28.28464,0.20000005,9.0,0.100000024
2023-03-12 03:00:00+00:00,6.7085,-2.1915,20.929594,1.2,7.0,0.0
2023-03-13 03:00:00+00:00,15.3585005,6.7085,28.8,5.0,10.0,0.0
2023-03-14 03:00:00+00:00,13.7085,0.8085,33.270313,5.4,4.0,0.0
2023-03-15 03:00:00+00:00,6.5084996,-1.4415,22.33161,0.5,5.0,0.0
2023-03-16 03:00:00+00:00,8.6085005,-2.0915,19.67195,0.0,0.0,0.0
2023-03-17 03:00:00+00:00,13.0585,3.0085,20.380579,0.3,2.0,0.0
2023-03-18 03:00:00+00:00,17.3085,5.3585,14.264361,0.0,0.0,0.0
2023-03-19 03:00:00+00:00,15.3585005,4.9585,15.978484,6.3,5.0,0.0
2023-03-20 03:00:00+00:00,11.7585,6.3085,20.929596,1.4000001,4.0,0.0
2023-03-21 03:00:00+00:00,11.1085005,6.4084997,12.959999,3.1,4.0,0.0
2023-03-22 03:00:00+00:00,15.8585005,8.0585,25.984919,0.70000005,4.0,0.0
2023-03-23 03:00:00+00:00,14.908501,9.158501,27.792374,3.8999999,8.0,0.0
2023-03-24 03:00:00+00:00,15.8585005,7.3585,31.452133,1.7000002,8.0,0.3
2023-03-25 03:00:00+00:00,11.908501,6.9585,26.901417,6.3999996,13.0,0.0
2023-03-26 03:00:00+00:00,10.8585005,3.3585,23.40277,0.8000001,8.0,0.0
2023-03-27 03:00:00+00:00,6.2584996,-0.041500002,27.103,0.70000005,11.0,0.0
2023-03-28 03:00:00+00:00,7.0084996,-0.7415,28.775238,0.0,2.0,0.0
2023-03-29 03:00:00+00:00,10.5585,1.0085,22.183128,0.3,1.0,0.0
2023-03-30 03:00:00+00:00,16.8085,7.2085,25.277023,5.4,6.0,0.0
2023-03-31 03:00:00+00:00,13.3085,7.3085,22.545315,8.4000025,15.0,0.0
2023-04-01 03:00:00+00:00,9.3085,2.1085,23.708124,5.9,20.0,0.1
2023-04-02 03:00:00+00:00,7.8085,-0.54150003,26.14403,0.0,0.0,0.0
2023-04-03 03:00:00+00:00,3.8585,-1.5415,24.184391,0.0,0.0,0.0
2023-04-04 03:00:00+00:00,5.8085,-3.4415,13.450708,0.0,0.0,0.0
2023-04-05 03:00:00+00:00,7.2584996,-2.2415,12.620554,1.3000001,7.0,0.0
2023-04-06 03:00:00+00:00,9.8085,-2.8915,13.202726,0.0,0.0,0.0
2023-04-07 03:00:00+00:00,5.6584997,-0.99149996,15.192682,1.7000002,12.0,0.0
2023-04-08 03:00:00+00:00,11.6085005,2.3585,15.509274,0.1,1.0,0.0
2023-04-09 03:00:00+00:00,12.4585,0.0585,10.495713,0.0,0.0,0.0
2023-04-10 03:00:00+00:00,15.4585,1.9085001,21.829777,0.0,0.0,0.0
2023-04-11 03:00:00+00:00,12.2085,0.5085,28.910038,5.799999,11.0,0.0
2023-04-12 03:00:00+00:00,14.6085005,-0.09150001,23.132626,2.9,6.0,0.0
2023-04-13 03:00:00+00:00,12.7585,5.6085,16.78156,0.1,1.0,0.0
2023-04-14 03:00:00+00:00,8.7585,6.1085,21.24305,10.6,22.0,0.1
2023-04-15 03:00:00+00:00,11.2085,8.5085,23.068108,3.1000001,12.0,0.2
2023-04-16 03:00:00+00:00,10.658501,5.9585,16.923828,1.5000002,13.0,0.0
2023-04-17 03:00:00+00:00,11.2085,3.9085,17.339897,3.2,7.0,0.0
2023-04-18 03:00:00+00:00,13.6085005,3.3585,21.915693,0.1,1.0,0.0
2023-04-19 03:00:00+00:00,11.5085,3.3585,26.758923,4.2999997,9.0,0.0
2023-04-20 03:00:00+00:00,14.908501,4.1085,19.829433,1.2,6.0,0.0
2023-04-21 03:00:00+00:00,18.758501,7.9585,21.746504,0.0,0.0,0.0
2023-04-22 03:00:00+00:00,20.7085,7.0585,16.434305,0.3,1.0,0.0
2023-04-23 03:00:00+00:00,16.4085,9.408501,16.24394,2.9999998,8.0,0.1
2023-04-24 03:00:00+00:00,15.9585,7.3585,25.772078,0.6,3.0,0.0
2023-04-25 03:00:00+00:00,10.5085,3.0085,24.821732,0.0,0.0,0.0
2023-04-26 03:00:00+00:00,9.8085,2.4585001,23.587555,0.5,5.0,0.0
2023-04-27 03:00:00+00:00,10.158501,1.7585001,17.015474,0.4,4.0,0.0
2023-04-28 03:00:00+00:00,15.5085,2.5585,18.86139,0.2,1.0,0.0
2023-04-29 03:00:00+00:00,14.6085005,4.8085,21.749483,0.3,3.0,0.0
2023-04-30 03:00:00+00:00,13.158501,3.4585001,12.181624,0.0,0.0,0.0
2023-05-01 03:00:00+00:00,17.4085,2.8585,16.267857,0.0,0.0,0.0
2023-05-02 03:00:00+00:00,12.8085,5.8585,20.188908,0.4,4.0,0.0
2023-05-03 03:00:00+00:00,14.908501,4.0585,12.096214,0.0,0.0,0.0
2023-05-04 03:00:00+00:00,17.2085,3.3585,15.042659,0.0,0.0,0.0
2023-05-05 03:00:00+00:00,18.5585,8.6085005,28.71437,5.5,5.0,0.0
2023-05-06 03:00:00+00:00,10.9585,6.3585,18.59845,6.7000003,10.0,0.6
2023-05-07 03:00:00+00:00,15.0585,5.7085,21.67487,0.0,0.0,0.0
2023-05-08 03:00:00+00:00,16.6585,5.3585,24.33664,0.0,0.0,0.0
2023-05-09 03:00:00+00:00,18.0585,7.4084997,26.208397,0.0,0.0,0.0
2023-05-10 03:00:00+00:00,21.5585,9.5585,23.686249,0.0,0.0,0.0
2023-05-11 03:00:00+00:00,21.508501,10.0585,22.691423,0.0,0.0,0.0
2023-05-12 03:00:00+00:00,21.7085,12.1085005,23.828083,0.0,0.0,0.0
2023-05-13 03:00:00+00:00,22.0585,8.7085,27.466372,0.0,0.0,0.0
2023-05-14 03:00:00+00:00,21.1085,8.408501,25.417631,0.0,0.0,0.0
2023-05-15 03:00:00+00:00,20.008501,8.2585,16.418526,0.0,0.0,0.0
2023-05-16 03:00:00+00:00,16.0585,6.2584996,21.734581,0.0,0.0,0.0
2023-05-17 03:00:00+00:00,15.0585,5.2584996,21.252197,0.1,1.0,0.0
2023-05-18 03:00:00+00:00,15.3085,4.5084996,17.884428,0.0,0.0,0.0
2023-05-19 03:00:00+00:00,18.1585,7.2584996,20.275383,0.0,0.0,0.0
2023-05-20 03:00:00+00:00,19.6585,8.8085,22.7057,0.0,0.0,0.0
2023-05-21 03:00:00+00:00,26.258501,13.8585005,23.042812,0.1,1.0,0.0
2023-05-22 03:00:00+00:00,25.3085,14.5085,20.523157,0.0,0.0,0.0
2023-05-23 03:00:00+00:00,22.4585,9.658501,27.567635,2.6000001,6.0,0.0
2023-05-24 03:00:00+00:00,15.4585,9.2085,15.39184,0.70000005,7.0,0.0
2023-05-25 03:00:00+00:00,18.758501,7.5084996,14.565548,0.0,0.0,0.0
2023-05-26 03:00:00+00:00,18.758501,6.6584997,17.58481,0.0,0.0,0.0
2023-05-27 03:00:00+00:00,19.8585,6.2584996,8.427383,0.0,0.0,0.0
2023-05-28 03:00:00+00:00,22.6585,7.5585,17.57744,0.0,0.0,0.0
2023-05-29 03:00:00+00:00,21.1085,8.1085005,15.137133,0.0,0.0,0.0
2023-05-30 03:00:00+00:00,21.6085,7.3085,16.676977,0.0,0.0,0.0
2023-05-31 03:00:00+00:00,24.1085,8.7585,10.97262,0.0,0.0,0.0
2023-06-01 03:00:00+00:00,21.7085,10.3585005,17.58481,0.0,0.0,0.0
2023-06-02 03:00:00+00:00,19.7085,7.1085,22.66857,0.3,2.0,0.0
2023-06-03 03:00:00+00:00,19.6085,7.1085,13.441071,0.0,0.0,0.0
2023-06-04 03:00:00+00:00,22.7085,7.0084996,10.30883,0.0,0.0,0.0
2023-06-05 03:00:00+00:00,25.258501,10.158501,18.289274,0.0,0.0,0.0
2023-06-06 03:00:00+00:00,25.4585,14.8585005,14.982228,0.4,2.0,0.0
2023-06-07 03:00:00+00:00,28.3585,15.8085,15.546833,0.0,0.0,0.0
2023-06-08 03:00:00+00:00,28.3085,16.4085,19.406637,0.0,0.0,0.0
2023-06-09 03:00:00+00:00,28.508501,15.3585005,20.730501,0.0,0.0,0.0
2023-06-10 03:00:00+00:00,28.9085,15.0585,20.456745,0.1,1.0,0.0
2023-06-11 03:00:00+00:00,26.3585,14.2585,19.296133,0.0,0.0,0.0
2023-06-12 03:00:00+00:00,25.4585,12.908501,20.150354,0.0,0.0,0.0
2023-06-13 03:00:00+00:00,23.6585,11.658501,22.545315,0.0,0.0,0.0
2023-06-14 03:00:00+00:00,23.7085,11.3585005,19.66536,0.0,0.0,0.0
2023-06-15 03:00:00+00:00,22.8585,13.7585,13.527572,1.9000001,4.0,0.0
2023-06-16 03:00:00+00:00,19.9085,11.8085,21.915691,27.2,14.0,0.0
2023-06-17 03:00:00+00:00,20.8585,11.7585,12.57426,1.6000001,8.0,0.0
2023-06-18 03:00:00+00:00,24.7085,12.0585,10.495713,0.1,1.0,0.0
2023-06-19 03:00:00+00:00,27.1085,14.8085,16.62249,0.6,2.0,0.0
2023-06-20 03:00:00+00:00,25.4585,16.2085,14.764389,1.7,5.0,0.0
2023-06-21 03:00:00+00:00,27.8085,18.3085,22.884789,3.2999997,5.0,2.9
2023-06-22 03:00:00+00:00,27.258501,17.7085,22.35481,4.0,5.0,0.0
2023-06-23 03:00:00+00:00,18.758501,15.4585,21.605999,26.2,17.0,1.3
2023-06-24 03:00:00+00:00,24.6085,14.8585005,14.982228,0.0,0.0,0.0
2023-06-25 03:00:00+00:00,26.3585,15.6085005,10.538843,0.5,4.0,0.0
2023-06-26 03:00:00+00:00,29.3085,15.3585005,23.950148,4.4,3.0,0.0
2023-06-27 03:00:00+00:00,20.508501,13.408501,26.674032,1.0,7.0,0.0
2023-06-28 03:00:00+00:00,22.1085,12.5085,24.881702,0.0,0.0,0.0
2023-06-29 03:00:00+00:00,24.8585,11.908501,11.304229,0.8,2.0,0.0
2023-06-30 03:00:00+00:00,21.6085,15.408501,14.84318,7.3999996,9.0,0.1
2023-07-01 03:00:00+00:00,23.8085,15.2085,25.711662,2.6,5.0,1.0
2023-07-02 03:00:00+00:00,21.758501,14.5085,33.127823,1.4,2.0,0.0
2023-07-03 03:00:00+00:00,21.4585,14.3585005,28.348713,0.0,0.0,0.0
2023-07-04 03:00:00+00:00,22.3085,13.0085,28.901073,0.4,4.0,0.0
2023-07-05 03:00:00+00:00,24.758501,13.7585,29.655787,3.6999998,4.0,0.0
2023-07-06 03:00:00+00:00,22.3085,11.2085,16.595179,0.4,4.0,0.0
2023-07-07 03:00:00+00:00,27.4585,11.0585,9.3669195,0.0,0.0,0.0
2023-07-08 03:00:00+00:00,30.1085,14.8085,19.35314,0.0,0.0,0.0
2023-07-09 03:00:00+00:00,31.6085,16.5585,14.471821,0.0,0.0,0.0
2023-07-10 03:00:00+00:00,30.9085,16.508501,26.564486,1.4000001,3.0,0.0
2023-07-11 03:00:00+00:00,29.6585,16.258501,20.94507,0.0,0.0,0.0
2023-07-12 03:00:00+00:00,27.6585,16.5585,28.04305,0.1,1.0,0.0
2023-07-13 03:00:00+00:00,25.6085,14.3585005,25.952478,0.1,1.0,0.0
2023-07-14 03:00:00+00:00,25.9085,13.8585005,16.645864,0.0,0.0,0.0
2023-07-15 03:00:00+00:00,34.5585,18.008501,23.770906,0.0,0.0,0.0
2023-07-16 03:00:00+00:00,28.7085,15.658501,24.933735,1.1,3.0,0.9
2023-07-17 03:00:00+00:00,26.4085,14.0085,26.368616,0.1,1.0,0.0
2023-07-18 03:00:00+00:00,24.3585,13.6085005,16.87398,0.0,0.0,0.0
2023-07-19 03:00:00+00:00,25.3085,13.3585005,17.826363,0.3,1.0,0.0
2023-07-20 03:00:00+00:00,22.2085,11.6085005,21.53089,1.2,5.0,0.0
2023-07-21 03:00:00+00:00,21.1085,12.9585,16.203999,1.4,3.0,0.0
2023-07-22 03:00:00+00:00,21.7085,13.0085,24.162945,0.2,2.0,0.0
2023-07-23 03:00:00+00:00,27.8085,15.8085,31.557032,5.5,7.0,0.3
2023-07-24 03:00:00+00:00,27.5585,15.3585005,26.562046,6.6,6.0,0.0
2023-07-25 03:00:00+00:00,21.9085,13.2085,19.09358,0.0,0.0,0.0
2023-07-26 03:00:00+00:00,19.9085,12.0585,18.733839,0.3,1.0,0.0
2023-07-27 03:00:00+00:00,20.008501,12.0085,18.888851,13.1,15.0,0.0
2023-07-28 03:00:00+00:00,22.4585,15.7085,22.392462,25.700005,13.0,1.2
2023-07-29 03:00:00+00:00,23.758501,15.5085,23.090569,11.6,13.0,0.0
2023-07-30 03:00:00+00:00,23.758501,15.1085005,20.620806,8.000001,6.0,0.0
2023-07-31 03:00:00+00:00,20.1585,15.0585,25.72174,9.599999,18.0,0.4
2023-08-01 03:00:00+00:00,21.1585,15.3585005,23.499481,9.4,11.0,0.4
2023-08-02 03:00:00+00:00,22.508501,14.6085005,24.482647,7.5,9.0,0.0
2023-08-03 03:00:00+00:00,23.3085,16.3585,32.777794,1.5000001,6.0,0.0
2023-08-04 03:00:00+00:00,21.6085,14.408501,18.391735,0.6,5.0,0.0
2023-08-05 03:00:00+00:00,21.1085,13.9585,11.013882,1.2,4.0,0.0
2023-08-06 03:00:00+00:00,17.6585,13.9585,18.057508,11.100001,24.0,0.7
2023-08-07 03:00:00+00:00,19.2085,12.5085,33.574707,1.0,7.0,0.0
2023-08-08 03:00:00+00:00,19.8085,12.3085,33.24498,4.7000003,8.0,0.0
2023-08-09 03:00:00+00:00,19.9585,11.8585005,16.93531,0.3,3.0,0.0
2023-08-10 03:00:00+00:00,20.3085,10.5585,16.595179,0.1,1.0,0.0
2023-08-11 03:00:00+00:00,24.758501,11.0085,11.720751,0.0,0.0,0.0
2023-08-12 03:00:00+00:00,26.9585,16.9085,21.980644,6.0,2.0,0.0
2023-08-13 03:00:00+00:00,25.8085,16.758501,11.720751,0.0,0.0,0.0
2023-08-14 03:00:00+00:00,29.3085,16.3585,13.281023,1.5,3.0,0.0
2023-08-15 03:00:00+00:00,29.7085,19.2085,14.471821,20.699999,8.0,0.0
2023-08-16 03:00:00+00:00,26.8585,18.758501,17.76081,0.6,4.0,0.0
2023-08-17 03:00:00+00:00,25.508501,17.6585,19.914217,1.5,6.0,0.0
2023-08-18 03:00:00+00:00,29.3585,18.4085,25.171696,0.6,4.0,0.1
2023-08-19 03:00:00+00:00,30.9585,18.8085,11.570515,0.1,1.0,0.0
2023-08-20 03:00:00+00:00,28.9085,19.258501,16.595179,0.1,1.0,0.0
2023-08-21 03:00:00+00:00,26.8585,17.5585,14.618837,0.0,0.0,0.0
2023-08-22 03:00:00+00:00,25.7085,15.8585005,12.031756,0.0,0.0,0.0
2023-08-23 03:00:00+00:00,26.6085,15.658501,16.23596,0.0,0.0,0.0
2023-08-24 03:00:00+00:00,28.1085,15.5085,13.441071,0.0,0.0,0.0
2023-08-25 03:00:00+00:00,29.4585,19.5585,15.815435,6.0,8.0,0.0
2023-08-26 03:00:00+00:00,25.1585,14.8085,23.42491,0.70000005,5.0,0.0
2023-08-27 03:00:00+00:00,21.4585,12.7585,14.764389,0.8,3.0,0.0
2023-08-28 03:00:00+00:00,19.3085,12.8085,17.163355,0.0,0.0,0.0
2023-08-29 03:00:00+00:00,16.6085,13.5585,12.594856,4.999999,20.0,0.0
2023-08-30 03:00:00+00:00,19.8085,13.3085,11.753877,0.1,1.0,0.0
2023-08-31 03:00:00+00:00,18.3085,11.4585,26.649727,2.1000001,9.0,0.6
2023-09-01 03:00:00+00:00,20.4585,11.158501,17.581125,0.0,0.0,0.0
2023-09-02 03:00:00+00:00,21.8585,10.2085,10.483357,0.6,3.0,0.0
2023-09-03 03:00:00+00:00,20.5585,12.3585005,17.339897,0.0,0.0,0.0
2023-09-04 03:00:00+00:00,24.258501,11.6085005,10.829958,0.0,0.0,0.0
2023-09-05 03:00:00+00:00,26.8585,14.158501,14.934577,0.0,0.0,0.0
2023-09-06 03:00:00+00:00,28.4085,13.0585,10.086427,0.0,0.0,0.0
2023-09-07 03:00:00+00:00,28.4585,15.5085,17.533146,0.0,0.0,0.0
2023-09-08 03:00:00+00:00,28.8585,15.8085,14.512064,0.0,0.0,0.0
2023-09-09 03:00:00+00:00,30.1585,14.408501,15.463246,0.0,0.0,0.0
2023-09-10 03:00:00+00:00,30.2085,13.4585,10.163227,0.0,0.0,0.0
2023-09-11 03:00:00+00:00,30.1085,14.2085,9.021574,0.0,0.0,0.0
2023-09-12 03:00:00+00:00,29.6585,14.5085,14.480773,6.2,1.0,0.0
2023-09-13 03:00:00+00:00,23.8085,15.0085,30.293522,1.2000002,7.0,0.0
2023-09-14 03:00:00+00:00,20.758501,10.6085005,11.753876,0.0,0.0,0.0
2023-09-15 03:00:00+00:00,22.9585,10.8585005,18.723461,0.0,0.0,0.0
2023-09-16 03:00:00+00:00,25.3085,13.0585,14.33234,0.0,0.0,0.0
2023-09-17 03:00:00+00:00,27.1585,13.3085,13.246826,0.0,0.0,0.0
2023-09-18 03:00:00+00:00,27.8085,17.2085,20.598795,0.5,2.0,0.0
2023-09-19 03:00:00+00:00,20.6585,15.9585,27.055143,0.1,1.0,0.0
2023-09-20 03:00:00+00:00,24.6585,15.408501,21.26744,0.0,0.0,0.0
2023-09-21 03:00:00+00:00,27.9085,14.3085,16.746773,0.2,1.0,0.0
2023-09-22 03:00:00+00:00,19.7085,13.5085,18.671474,3.6,10.0,0.1
2023-09-23 03:00:00+00:00,18.3085,11.408501,24.144167,0.0,0.0,0.0
2023-09-24 03:00:00+00:00,19.3585,9.3085,9.826088,0.0,0.0,0.0
2023-09-25 03:00:00+00:00,21.508501,9.158501,14.113652,0.0,0.0,0.0
2023-09-26 03:00:00+00:00,24.0585,11.9585,12.72283,0.0,0.0,0.0
2023-09-27 03:00:00+00:00,25.9585,12.3585005,12.57426,0.0,0.0,0.0
2023-09-28 03:00:00+00:00,25.758501,14.5085,10.829958,0.0,0.0,0.0
2023-09-29 03:00:00+00:00,23.4085,13.7085,23.199759,1.4,3.0,0.0
2023-09-30 03:00:00+00:00,19.3085,12.2585,19.416653,0.0,0.0,0.0
2023-10-01 03:00:00+00:00,19.9585,13.408501,16.516901,0.3,2.0,0.0
2023-10-02 03:00:00+00:00,24.6585,13.158501,11.988594,0.0,0.0,0.0
2023-10-03 03:00:00+00:00,24.4085,12.158501,27.459293,8.2,7.0,0.0
2023-10-04 03:00:00+00:00,17.3585,12.1085005,30.960001,0.3,3.0,0.0
2023-10-05 03:00:00+00:00,16.3085,10.908501,32.169178,1.0,6.0,0.0
2023-10-06 03:00:00+00:00,17.8585,11.2085,29.96662,1.7,2.0,0.0
2023-10-07 03:00:00+00:00,17.508501,11.8585005,30.911821,13.0,17.0,0.0
2023-10-08 03:00:00+00:00,14.3085,9.7085,12.72283,1.2,3.0,0.1
2023-10-09 03:00:00+00:00,12.158501,9.2585,11.874544,4.0,6.0,1.1
2023-10-10 03:00:00+00:00,16.8585,10.908501,17.106628,1.0,6.0,0.2
2023-10-11 03:00:00+00:00,22.6085,14.0585,23.933908,0.1,1.0,0.0
2023-10-12 03:00:00+00:00,16.6085,11.6085005,16.516901,5.2999997,7.0,0.0
2023-10-13 03:00:00+00:00,21.008501,12.6085005,31.75355,2.1,6.0,0.0
2023-10-14 03:00:00+00:00,18.758501,7.8585,35.785156,3.1000001,4.0,0.0
2023-10-15 03:00:00+00:00,10.7085,5.1584997,28.66694,0.4,4.0,0.0
2023-10-16 03:00:00+00:00,10.4585,3.5585,20.598795,0.4,4.0,0.0
2023-10-17 03:00:00+00:00,10.4585,0.4585,9.957108,0.0,0.0,0.0
2023-10-18 03:00:00+00:00,11.7585,0.2085,21.897945,0.0,0.0,0.0
2023-10-19 03:00:00+00:00,8.3585005,6.4084997,23.143827,5.6999993,18.0,0.0
2023-10-20 03:00:00+00:00,7.2584996,5.1584997,30.625402,6.2999997,15.0,0.1
2023-10-21 03:00:00+00:00,17.258501,6.1584997,22.90743,1.1,1.0,0.0
2023-10-22 03:00:00+00:00,15.908501,9.8085,16.516901,0.3,1.0,0.0
2023-10-23 03:00:00+00:00,14.908501,8.2085,16.946787,0.3,2.0,0.0
2023-10-24 03:00:00+00:00,14.2085,9.8085,17.782688,9.000001,10.0,0.0
2023-10-25 03:00:00+00:00,13.4585,9.0585,16.919998,2.7,4.0,0.0
2023-10-26 03:00:00+00:00,11.408501,8.3585005,16.78156,3.8999996,7.0,1.2
2023-10-27 03:00:00+00:00,10.9585,8.5585,12.7279215,8.700001,16.0,0.0
2023-10-28 03:00:00+00:00,11.9585,8.408501,12.43434,3.5,10.0,0.3
2023-10-29 03:00:00+00:00,16.2085,8.8585005,27.238941,5.1,11.0,0.0
2023-10-30 03:00:00+00:00,15.3585005,11.0585,21.203358,1.4000001,3.0,0.0
2023-10-31 03:00:00+00:00,12.8585005,7.1584997,34.387066,2.3999996,10.0,0.7
2023-11-01 03:00:00+00:00,14.4585,6.5084996,18.792551,0.2,1.0,0.2
2023-11-02 03:00:00+00:00,14.0085,8.408501,23.210928,4.1,6.0,0.0
2023-11-03 03:00:00+00:00,11.0585,7.9084997,17.81909,0.0,0.0,0.0
2023-11-04 03:00:00+00:00,11.158501,6.7085,24.74329,1.8000001,4.0,0.0
2023-11-05 03:00:00+00:00,12.408501,8.1085005,31.700449,10.800001,13.0,0.9
2023-11-06 03:00:00+00:00,12.6085005,8.3585005,31.491255,0.1,1.0,0.0
2023-11-07 03:00:00+00:00,11.908501,6.3085,24.962307,0.0,0.0,0.0
2023-11-08 03:00:00+00:00,10.8085,6.0084996,25.49908,1.4,2.0,0.0
2023-11-09 03:00:00+00:00,11.658501,6.6584997,21.897945,0.3,2.0,0.0
2023-11-10 03:00:00+00:00,10.8085,4.3585,19.406637,0.2,2.0,0.0
2023-11-11 03:00:00+00:00,9.1085005,3.1585,11.753877,0.7,3.0,0.0
2023-11-12 03:00:00+00:00,7.9084997,3.4085,15.893093,1.1,5.0,0.0
2023-11-13 03:00:00+00:00,9.908501,1.7085,25.14852,4.5000005,5.0,0.0
2023-11-14 03:00:00+00:00,12.7085,8.908501,36.088093,2.2,10.0,0.0
2023-11-15 03:00:00+00:00,9.1085005,4.7085,24.442911,1.0,4.0,0.1
2023-11-16 03:00:00+00:00,8.6085005,1.0585,24.640942,2.0,5.0,0.2
2023-11-17 03:00:00+00:00,5.7584996,2.0585,26.200977,0.0,0.0,0.0
2023-11-18 03:00:00+00:00,6.2584996,1.8085,20.570463,1.1,5.0,0.0
2023-11-19 03:00:00+00:00,11.5585,4.4585,25.812277,7.699999,17.0,0.2
2023-11-20 03:00:00+00:00,11.0085,6.3585,13.044722,17.1,21.0,0.6
2023-11-21 03:00:00+00:00,5.6584997,-1.6915,18.057508,0.0,0.0,0.0
2023-11-22 03:00:00+00:00,2.9085,-4.0915003,26.596178,1.8,2.0,0.0
2023-11-23 03:00:00+00:00,10.8085,4.0585,42.18303,3.1,9.0,0.0
2023-11-24 03:00:00+00:00,5.0585,0.3085,34.597477,0.5999999,6.0,0.0
2023-11-25 03:00:00+00:00,3.0085,-1.7915,21.533897,0.1,2.0,0.0
2023-11-26 03:00:00+00:00,0.8585,-2.9915,14.021525,0.0,0.0,0.0
2023-11-27 03:00:00+00:00,1.6585001,-2.5414999,22.702845,0.1,14.0,0.0
2023-11-28 03:00:00+00:00,0.1585,-5.4915004,19.855558,0.0,8.0,0.0
2023-11-29 03:00:00+00:00,0.8085,-2.7415,23.806318,0.0,13.0,0.0
2023-11-30 03:00:00+00:00,-1.0914999,-7.8915,10.829958,0.0,0.0,0.0
2023-12-01 03:00:00+00:00,-2.8415,-7.6915,8.78872,0.0,0.0,0.0
2023-12-02 03:00:00+00:00,-1.7414999,-4.3415003,15.042659,0.0,0.0,0.0
2023-12-03 03:00:00+00:00,-0.9415,-5.5415,13.324863,0.0,0.0,0.0
2023-12-04 03:00:00+00:00,-0.79150003,-5.0915003,18.86139,0.0,0.0,0.0
2023-12-05 03:00:00+00:00,-0.19150001,-2.3915,20.46941,0.5,9.0,0.0
2023-12-06 03:00:00+00:00,0.6085,-0.8915,15.379206,0.6,9.0,0.1
2023-12-07 03:00:00+00:00,1.0585,-0.2915,11.770403,0.0,0.0,0.0
2023-12-08 03:00:00+00:00,1.3585,-0.8415,21.178896,0.1,4.0,0.0
2023-12-09 03:00:00+00:00,4.6584997,1.0585,21.980644,4.2000003,7.0,0.0
2023-12-10 03:00:00+00:00,7.1085,1.2085,27.381308,11.6,16.0,0.5
2023-12-11 03:00:00+00:00,8.5085,6.0585,27.691935,10.8,14.0,0.9
2023-12-12 03:00:00+00:00,6.7085,2.8585,18.374111,1.5000001,9.0,0.0
2023-12-13 03:00:00+00:00,5.0084996,3.2585,19.734436,10.200003,14.0,0.4
2023-12-14 03:00:00+00:00,3.3585,1.2085,14.512064,0.3,3.0,0.1
2023-12-15 03:00:00+00:00,6.2085,-0.24150002,16.981165,0.5,3.0,0.0
2023-12-16 03:00:00+00:00,8.1085005,4.9585,24.033876,0.1,1.0,0.0
2023-12-17 03:00:00+00:00,9.8085,6.2584996,22.66857,0.0,0.0,0.0
2023-12-18 03:00:00+00:00,7.1085,5.1085,21.829777,0.0,0.0,0.0
2023-12-19 03:00:00+00:00,7.3585,6.4585,21.194187,9.099999,17.0,0.0
2023-12-20 03:00:00+00:00,6.4585,4.0585,33.449017,10.2,15.0,0.2
2023-12-21 03:00:00+00:00,8.7585,3.5585,38.90666,11.300001,16.0,0.1
2023-12-22 03:00:00+00:00,4.4084997,1.1085,39.67847,0.8,7.0,0.0
2023-12-23 03:00:00+00:00,3.0585,0.5085,28.236486,3.6000004,14.0,0.0
2023-12-24 03:00:00+00:00,10.7085,1.0585,31.608328,9.7,22.0,0.5
2023-12-25 03:00:00+00:00,10.3085,8.0085,28.137634,9.9,9.0,0.3
2023-12-26 03:00:00+00:00,9.7085,3.3085,32.561596,11.800001,10.0,3.4
2023-12-27 03:00:00+00:00,6.9084997,1.6585001,21.434364,0.0,0.0,0.0
2023-12-28 03:00:00+00:00,10.158501,7.4084997,25.922499,0.0,0.0,0.0
2023-12-29 03:00:00+00:00,10.7085,6.5084996,30.378967,8.8,10.0,0.0
2023-12-30 03:00:00+00:00,7.4084997,4.2085,26.368616,0.70000005,3.0,0.5
2023-12-31 03:00:00+00:00,7.5084996,2.9585001,18.59845,1.6,3.0,0.0
2024-01-01 03:00:00+00:00,7.4084997,3.4585001,19.681828,1.9000002,7.0,0.0
2024-01-02 03:00:00+00:00,8.5585,2.5085,21.068459,14.4,17.0,0.0
2024-01-03 03:00:00+00:00,10.6085005,7.0084996,27.841293,5.0999994,14.0,0.0
2024-01-04 03:00:00+00:00,7.2085,-2.1915,33.1376,2.1999998,12.0,0.2
2024-01-05 03:00:00+00:00,1.0085,-0.3415,21.26744,1.4,13.0,0.0
2024-01-06 03:00:00+00:00,0.3085,-2.6415,20.633371,0.0,10.0,0.0
2024-01-07 03:00:00+00:00,-0.3415,-7.7415004,22.59699,0.0,2.0,0.0
2024-01-08 03:00:00+00:00,-3.8415,-9.2915,21.915691,0.0,0.0,0.0
2024-01-09 03:00:00+00:00,-3.9915001,-10.4915,8.373386,0.0,0.0,0.0
2024-01-10 03:00:00+00:00,-1.7915,-8.7415,9.346143,0.0,0.0,0.0
2024-01-11 03:00:00+00:00,-0.19150001,-5.2415004,17.727943,0.0,0.0,0.0
2024-01-12 03:00:00+00:00,1.2085,-1.0415,18.532133,0.0,0.0,0.0
2024-01-13 03:00:00+00:00,2.2085001,1.2585001,28.948118,4.0000005,20.0,0.0
2024-01-14 03:00:00+00:00,2.9085,0.9085,29.487053,1.6000003,14.0,0.20000002
2024-01-15 03:00:00+00:00,2.2585,-4.1915,35.281837,0.3,8.0,0.0
2024-01-16 03:00:00+00:00,1.1085,-3.9915001,22.38378,0.0,7.0,0.0
2024-01-17 03:00:00+00:00,-0.1415,-4.5415,15.5843,0.0,7.0,0.0
2024-01-18 03:00:00+00:00,0.5085,-5.1415,16.42247,0.0,0.0,0.0
2024-01-19 03:00:00+00:00,1.8585,-3.5915,25.20257,0.0,0.0,0.0
2024-01-20 03:00:00+00:00,3.0585,-4.7915,26.64,0.0,0.0,0.0
2024-01-21 03:00:00+00:00,3.2085001,-4.2915,28.174456,0.0,0.0,0.0
2024-01-22 03:00:00+00:00,8.8585005,3.9585001,33.697998,3.3999999,10.0,0.0
2024-01-23 03:00:00+00:00,7.5585,2.5085,30.735231,4.3999996,4.0,0.0
2024-01-24 03:00:00+00:00,10.408501,6.0084996,42.218346,1.3000001,8.0,0.2
2024-01-25 03:00:00+00:00,8.3585005,3.4085,34.76377,0.2,2.0,0.0
2024-01-26 03:00:00+00:00,9.1085005,2.1585,34.131718,3.5,5.0,0.0
2024-01-27 03:00:00+00:00,6.7584996,0.108500004,27.153164,0.0,0.0,0.0
2024-01-28 03:00:00+00:00,6.4084997,-2.2415,14.007655,0.0,0.0,0.0
2024-01-29 03:00:00+00:00,8.2585,-0.1415,15.034041,0.0,0.0,0.0
2024-01-30 03:00:00+00:00,8.3085,1.0085,20.268991,0.1,1.0,0.0
2024-01-31 03:00:00+00:00,7.6085,1.6085,22.553936,0.1,1.0,0.0
2024-02-01 03:00:00+00:00,7.8085,4.3585,29.175552,2.0,6.0,0.7
2024-02-02 03:00:00+00:00,8.8585005,3.8585,29.59235,1.7000003,11.0,0.0
2024-02-03 03:00:00+00:00,10.408501,6.0084996,33.971867,2.3000002,12.0,0.0
2024-02-04 03:00:00+00:00,9.4585,5.3085,32.048088,4.4,9.0,0.0
2024-02-05 03:00:00+00:00,9.7085,8.0585,32.33193,8.6,13.0,0.8
2024-02-06 03:00:00+00:00,10.3585005,8.0585,36.102455,6.4000006,11.0,0.0
2024-02-07 03:00:00+00:00,6.3585,-2.4915,25.417631,3.9999998,9.0,1.0
2024-02-08 03:00:00+00:00,4.8085,-1.7915,21.647945,3.6000001,13.0,0.0
2024-02-09 03:00:00+00:00,7.9585,1.2585001,23.441502,12.5,18.0,0.20000002
2024-02-10 03:00:00+00:00,12.4585,6.7085,17.555305,4.7999997,6.0,0.7
2024-02-11 03:00:00+00:00,10.2085,6.0585,17.902534,7.5,16.0,0.0
2024-02-12 03:00:00+00:00,8.8085,3.7085001,21.758419,3.4999998,12.0,0.6
2024-02-13 03:00:00+00:00,8.2585,1.8085,20.192118,0.1,1.0,0.0
2024-02-14 03:00:00+00:00,9.408501,2.4585001,20.46941,4.7,7.0,0.0
2024-02-15 03:00:00+00:00,13.3085,8.8585005,14.799459,0.6,4.0,0.0
2024-02-16 03:00:00+00:00,15.6085005,8.0085,18.861387,3.3,7.0,0.0
2024-02-17 03:00:00+00:00,10.6085005,2.7585,23.828083,0.3,3.0,0.0
2024-02-18 03:00:00+00:00,9.408501,0.6585,20.265795,2.3,8.0,0.0
2024-02-19 03:00:00+00:00,8.6085005,6.7085,29.354902,4.8999996,16.0,0.2
2024-02-20 03:00:00+00:00,8.7085,6.3585,26.141552,1.2000002,11.0,0.0
2024-02-21 03:00:00+00:00,10.7085,6.9585,26.64,1.8000002,7.0,0.5
2024-02-22 03:00:00+00:00,11.4585,8.158501,30.154163,5.1000004,9.0,0.0
2024-02-23 03:00:00+00:00,10.0585,1.7585001,26.576681,0.0,0.0,0.0
2024-02-24 03:00:00+00:00,10.2585,0.7585,21.120682,0.0,0.0,0.0
2024-02-25 03:00:00+00:00,11.3085,-0.49150002,18.720001,0.0,0.0,0.0
2024-02-26 03:00:00+00:00,10.5585,0.5585,17.58481,0.0,0.0,0.0
2024-02-27 03:00:00+00:00,7.0084996,3.3585,19.9954,0.0,0.0,0.0
2024-02-28 03:00:00+00:00,5.3585,-0.9415,11.620809,0.0,0.0,0.0
2024-02-29 03:00:00+00:00,9.3585005,-1.3915,18.671474,0.0,0.0,0.0
2024-03-01 03:00:00+00:00,12.1085005,3.4085,11.928989,0.2,1.0,0.0
2024-03-02 03:00:00+00:00,11.1085005,6.9585,13.202726,0.5,4.0,0.2
2024-03-03 03:00:00+00:00,13.3585005,6.2584996,18.681883,0.0,0.0,0.0
2024-03-04 03:00:00+00:00,12.4585,5.8585,18.511143,0.3,3.0,0.0
2024-03-05 03:00:00+00:00,7.0585,-1.1415,16.645864,0.0,0.0,0.0
2024-03-06 03:00:00+00:00,7.1584997,-0.8415,14.512064,0.5,3.0,0.0
2024-03-07 03:00:00+00:00,7.6085,-1.4914999,18.72346,0.0,0.0,0.0
2024-03-08 03:00:00+00:00,7.6584997,-1.6415,19.443333,0.0,0.0,0.0
2024-03-09 03:00:00+00:00,9.3585005,-0.1415,26.208397,0.8,5.0,0.0
2024-03-10 03:00:00+00:00,11.9585,3.1585,29.620802,0.0,0.0,0.0
2024-03-11 03:00:00+00:00,13.658501,3.7085001,21.96295,0.0,0.0,0.0
2024-03-12 03:00:00+00:00,13.408501,3.6585,13.441071,0.0,0.0,0.0
2024-03-13 03:00:00+00:00,13.408501,2.0085,15.575981,0.0,0.0,0.0
2024-03-14 03:00:00+00:00,14.3585005,7.8585,15.124284,0.3,3.0,0.1
2024-03-15 03:00:00+00:00,17.2085,7.2085,17.477621,0.0,0.0,0.0
2024-03-16 03:00:00+00:00,12.3585005,3.3085,24.448214,1.4,5.0,0.0
2024-03-17 03:00:00+00:00,8.2585,-2.3915,19.346441,0.0,0.0,0.0
2024-03-18 03:00:00+00:00,6.0585,-2.4915,14.372974,0.0,0.0,0.0
2024-03-19 03:00:00+00:00,8.6085005,-2.4915,16.595179,0.0,0.0,0.0
2024-03-20 03:00:00+00:00,15.9585,1.3085,10.239453,0.1,1.0,0.0
2024-03-21 03:00:00+00:00,14.2085,6.6085,20.150354,6.6,11.0,0.7
2024-03-22 03:00:00+00:00,13.0585,7.1584997,19.513195,5.6999993,14.0,0.0
2024-03-23 03:00:00+00:00,8.0585,2.2085001,23.936617,5.5999994,14.0,0.1
2024-03-24 03:00:00+00:00,6.4084997,1.7085,26.596178,8.400001,17.0,0.0
2024-03-25 03:00:00+00:00,9.3585005,0.3585,19.855558,1.4000001,8.0,0.3
2024-03-26 03:00:00+00:00,12.908501,0.8585,23.090569,0.0,0.0,0.0
2024-03-27 03:00:00+00:00,17.0585,5.0084996,18.472595,0.0,0.0,0.0
2024-03-28 03:00:00+00:00,13.408501,5.3085,33.971867,1.5000001,6.0,0.0
2024-03-29 03:00:00+00:00,14.5085,5.1584997,20.570463,0.6,4.0,0.0
2024-03-30 03:00:00+00:00,21.758501,8.0085,13.783817,0.0,0.0,0.0
2024-03-31 03:00:00+00:00,19.008501,6.8085,11.91812,0.0,0.0,0.0
2024-04-01 03:00:00+00:00,19.4085,8.5085,31.303444,0.2,2.0,0.0
2024-04-02 03:00:00+00:00,13.5585,7.9585,36.748222,3.6999998,9.0,0.0
2024-04-03 03:00:00+00:00,11.5085,8.3585005,25.582806,4.7,14.0,0.0
2024-04-04 03:00:00+00:00,14.2085,8.8085,23.051247,6.1,7.0,0.0
2024-04-05 03:00:00+00:00,18.8085,9.0085,27.257967,2.4,5.0,0.0
2024-04-06 03:00:00+00:00,21.8585,11.3085,13.910169,0.1,1.0,0.0
2024-04-07 03:00:00+00:00,22.1585,13.5085,16.700275,0.0,0.0,0.0
2024-04-08 03:00:00+00:00,25.5585,13.0585,12.074766,0.2,1.0,0.0
2024-04-09 03:00:00+00:00,25.508501,10.8585005,28.948118,1.2,6.0,0.0
2024-04-10 03:00:00+00:00,13.5585,6.1085,24.933735,0.0,0.0,0.0
2024-04-11 03:00:00+00:00,15.7585,6.0084996,20.88,0.0,0.0,0.0
2024-04-12 03:00:00+00:00,19.1085,12.1085005,20.61766,0.0,0.0,0.0
2024-04-13 03:00:00+00:00,21.008501,11.8085,23.795427,0.0,0.0,0.0
2024-04-14 03:00:00+00:00,16.7085,7.9585,26.901417,0.2,2.0,0.0
2024-04-15 03:00:00+00:00,13.2585,4.9084997,30.36403,5.2000003,11.0,0.2
2024-04-16 03:00:00+00:00,9.5085,2.7585,30.302078,1.9000001,10.0,0.0
2024-04-17 03:00:00+00:00,10.408501,1.6085,14.799459,0.9000001,8.0,0.0
2024-04-18 03:00:00+00:00,10.6085005,0.9085,15.941944,0.9000001,6.0,0.0
2024-04-19 03:00:00+00:00,7.7584996,4.6584997,26.459387,6.799999,17.0,0.0
2024-04-20 03:00:00+00:00,8.2085,-0.09150001,25.699057,1.8000003,12.0,0.5
2024-04-21 03:00:00+00:00,8.2585,-0.8915,18.388212,1.3000001,6.0,0.0
2024-04-22 03:00:00+00:00,6.2085,-1.3915,14.345898,1.4000001,10.0,0.0
2024-04-23 03:00:00+00:00,8.2585,-0.8415,11.592895,0.0,0.0,0.0
2024-04-24 03:00:00+00:00,10.5085,1.3085,14.830076,0.6,5.0,0.1
2024-04-25 03:00:00+00:00,9.158501,1.1085,16.62249,2.1000001,9.0,0.0
2024-04-26 03:00:00+00:00,13.2085,1.9585,20.948164,0.1,1.0,0.0
2024-04-27 03:00:00+00:00,19.008501,3.0585,16.595179,0.0,0.0,0.0
2024-04-28 03:00:00+00:00,22.5585,9.5585,18.079027,0.0,0.0,0.0
2024-04-29 03:00:00+00:00,19.9585,11.4585,17.654688,0.3,2.0,0.0
2024-04-30 03:00:00+00:00,26.4085,11.408501,19.453327,0.0,0.0,0.0
2024-05-01 03:00:00+00:00,24.9085,14.7085,26.405453,0.0,0.0,0.0
2024-05-02 03:00:00+00:00,24.258501,14.9585,25.809765,0.0,0.0,0.0
2024-05-03 03:00:00+00:00,22.4585,12.2085,15.7908325,1.6,5.0,0.0
2024-05-04 03:00:00+00:00,19.1085,11.0085,11.384199,6.9999995,3.0,0.0
2024-05-05 03:00:00+00:00,19.1085,8.658501,21.028437,1.7,8.0,0.0
2024-05-06 03:00:00+00:00,18.5585,8.408501,15.937878,0.0,0.0,0.0
2024-05-07 03:00:00+00:00,15.8585005,8.3585005,22.657131,0.3,3.0,0.0
2024-05-08 03:00:00+00:00,17.6585,6.2085,17.174677,0.0,0.0,0.0
2024-05-09 03:00:00+00:00,18.758501,5.1584997,10.086427,0.0,0.0,0.0
2024-05-10 03:00:00+00:00,20.9585,9.8585005,10.296251,0.0,0.0,0.0
2024-05-11 03:00:00+00:00,19.258501,10.2585,16.323528,0.3,3.0,0.0
2024-05-12 03:00:00+00:00,20.0585,9.3585005,18.1041,0.0,0.0,0.0
2024-05-13 03:00:00+00:00,22.758501,10.0585,18.584509,0.0,0.0,0.0
2024-05-14 03:00:00+00:00,24.1085,12.0085,22.127556,0.0,0.0,0.0
2024-05-15 03:00:00+00:00,25.7085,14.3585005,28.820242,0.0,0.0,0.0
2024-05-16 03:00:00+00:00,25.508501,14.8585005,32.854805,0.0,0.0,0.0
2024-05-17 03:00:00+00:00,24.8585,13.0085,29.620802,0.0,0.0,0.0
2024-05-18 03:00:00+00:00,20.8085,11.3085,20.456745,0.4,3.0,0.0
2024-05-19 03:00:00+00:00,20.7085,10.6085005,14.04,10.900001,5.0,0.0
2024-05-20 03:00:00+00:00,19.8585,11.2585,14.77755,11.9,6.0,0.0
2024-05-21 03:00:00+00:00,25.508501,12.9585,25.099514,0.6,3.0,0.0
2024-05-22 03:00:00+00:00,25.6085,15.4585,21.26744,12.400001,10.0,0.0
2024-05-23 03:00:00+00:00,21.7085,13.908501,18.014393,0.5,4.0,0.1
2024-05-24 03:00:00+00:00,23.2085,13.908501,16.418526,15.1,11.0,0.0
2024-05-25 03:00:00+00:00,22.758501,14.7585,14.458382,0.6,6.0,0.0
2024-05-26 03:00:00+00:00,23.6585,13.8085,18.671474,5.2,4.0,0.0
2024-05-27 03:00:00+00:00,22.6085,15.1085005,13.905509,11.6,7.0,0.0
2024-05-28 03:00:00+00:00,17.9085,10.4585,18.03237,3.4,8.0,0.3
2024-05-29 03:00:00+00:00,21.8585,10.4585,20.907913,1.3000001,4.0,0.0
2024-05-30 03:00:00+00:00,21.0585,13.158501,14.618837,8.700001,10.0,0.0
2024-05-31 03:00:00+00:00,22.3585,13.408501,11.726277,0.0,0.0,0.0
2024-06-01 03:00:00+00:00,24.6085,15.658501,20.393293,0.4,4.0,0.0
2024-06-02 03:00:00+00:00,22.1085,13.2585,23.510508,9.200001,9.0,0.0
2024-06-03 03:00:00+00:00,17.4585,13.0085,16.071491,0.2,2.0,0.0
2024-06-04 03:00:00+00:00,19.1085,11.9585,11.304229,0.3,3.0,0.0
2024-06-05 03:00:00+00:00,20.258501,12.1085005,22.530937,2.3000002,6.0,0.0
2024-06-06 03:00:00+00:00,19.4085,11.1085005,18.59845,0.2,1.0,0.0
2024-06-07 03:00:00+00:00,19.508501,8.9585,16.87398,0.0,0.0,0.0
2024-06-08 03:00:00+00:00,23.7085,8.8085,20.46941,0.0,0.0,0.0
2024-06-09 03:00:00+00:00,20.758501,9.908501,23.4,0.0,0.0,0.0
2024-06-10 03:00:00+00:00,18.4585,9.4585,21.94524,3.1000001,6.0,0.0
2024-06-11 03:00:00+00:00,17.008501,9.158501,31.682047,1.5000001,7.0,0.0
2024-06-12 03:00:00+00:00,16.7085,8.2085,19.959719,0.3,3.0,0.0
2024-06-13 03:00:00+00:00,17.4085,8.158501,15.496736,0.4,2.0,0.0
2024-06-14 03:00:00+00:00,18.5585,10.7085,19.201874,1.1,5.0,0.0
2024-06-15 03:00:00+00:00,21.758501,10.7085,26.562046,2.7999997,7.0,0.0
2024-06-16 03:00:00+00:00,23.0585,10.2085,19.201874,0.3,2.0,0.0
2024-06-17 03:00:00+00:00,24.0585,13.158501,18.472595,1.8000001,7.0,0.0
2024-06-18 03:00:00+00:00,26.0585,12.7085,13.32,5.7999997,10.0,0.0
2024-06-19 03:00:00+00:00,19.508501,10.5585,18.391735,1.9000001,8.0,0.0
2024-06-20 03:00:00+00:00,22.2085,10.158501,11.841756,0.0,0.0,0.0
2024-06-21 03:00:00+00:00,27.5585,15.2585,17.238699,5.5999994,6.0,0.0
2024-06-22 03:00:00+00:00,21.9085,15.0085,24.798225,3.4999998,8.0,0.4
2024-06-23 03:00:00+00:00,21.6085,12.6085005,22.45315,0.0,0.0,0.0
2024-06-24 03:00:00+00:00,23.4585,12.2585,11.709688,0.1,1.0,0.0
2024-06-25 03:00:00+00:00,25.758501,14.2585,18.806337,0.0,0.0,0.0
2024-06-26 03:00:00+00:00,28.758501,16.9585,18.448023,0.0,0.0,0.0
2024-06-27 03:00:00+00:00,28.9585,20.2085,14.693999,13.099999,3.0,0.0
2024-06-28 03:00:00+00:00,27.508501,14.6085005,23.000591,4.0,2.0,0.0
2024-06-29 03:00:00+00:00,28.8585,14.658501,22.065973,0.4,3.0,0.0
2024-06-30 03:00:00+00:00,27.9585,16.8585,26.785547,7.0999994,10.0,0.0
2024-07-01 03:00:00+00:00,21.2085,12.7085,22.461807,7.5,9.0,0.1
2024-07-02 03:00:00+00:00,16.8585,12.2585,21.96,0.8000001,7.0,0.0
2024-07-03 03:00:00+00:00,17.5585,12.408501,18.03237,0.4,4.0,0.1
2024-07-04 03:00:00+00:00,20.1585,10.8085,27.757376,2.5,4.0,0.0
2024-07-05 03:00:00+00:00,20.4585,11.7585,25.620771,0.0,0.0,0.0
2024-07-06 03:00:00+00:00,29.6585,15.3085,25.49908,0.1,1.0,0.0
2024-07-07 03:00:00+00:00,22.3585,13.3085,18.25026,0.0,0.0,0.0
2024-07-08 03:00:00+00:00,25.008501,14.3585005,17.595861,0.0,0.0,0.0
2024-07-09 03:00:00+00:00,30.6085,18.5585,24.821732,0.0,0.0,0.0
2024-07-10 03:00:00+00:00,30.8085,18.5585,19.161337,5.3,7.0,0.0
2024-07-11 03:00:00+00:00,25.758501,17.8085,16.299694,3.5999997,7.0,0.0
2024-07-12 03:00:00+00:00,26.5585,16.0085,23.087763,2.7999995,10.0,0.0
2024-07-13 03:00:00+00:00,23.4085,12.7585,21.659916,2.8,3.0,0.0
2024-07-14 03:00:00+00:00,24.5585,12.7085,13.608762,1.5000001,3.0,0.0
2024-07-15 03:00:00+00:00,29.008501,16.6085,15.30741,0.0,0.0,0.0
2024-07-16 03:00:00+00:00,27.1585,15.8085,18.335276,1.3000001,3.0,0.0
2024-07-17 03:00:00+00:00,23.7085,15.1085005,22.768398,0.1,1.0,0.0
2024-07-18 03:00:00+00:00,26.0585,14.6085005,12.413476,0.0,0.0,0.0
2024-07-19 03:00:00+00:00,28.4085,15.5085,12.72283,0.0,0.0,0.0
2024-07-20 03:00:00+00:00,30.3085,18.508501,18.947083,0.0,0.0,0.0
2024-07-21 03:00:00+00:00,32.2085,18.758501,15.072783,1.5,4.0,0.0
2024-07-22 03:00:00+00:00,24.7085,13.408501,27.51116,0.70000005,5.0,0.0
2024-07-23 03:00:00+00:00,27.3085,13.2085,17.309975,2.8,9.0,0.0
2024-07-24 03:00:00+00:00,23.4585,14.3585005,21.096123,0.2,2.0,0.0
2024-07-25 03:00:00+00:00,23.008501,12.908501,13.37825,0.0,0.0,0.0
2024-07-26 03:00:00+00:00,25.6585,14.2085,18.847641,1.3,2.0,0.0
2024-07-27 03:00:00+00:00,23.3085,17.6085,15.815435,20.500002,16.0,0.0
2024-07-28 03:00:00+00:00,21.9085,13.8585005,22.682856,2.5999997,5.0,1.9
2024-07-29 03:00:00+00:00,23.1085,12.3585005,19.134262,0.0,0.0,0.0
2024-07-30 03:00:00+00:00,26.258501,11.6085005,7.6367526,0.0,0.0,0.0
2024-07-31 03:00:00+00:00,28.4085,15.2585,13.339445,0.0,0.0,0.0
2024-08-01 03:00:00+00:00,26.6085,16.5585,14.404499,0.0,0.0,0.0
2024-08-02 03:00:00+00:00,21.0585,14.658501,14.81259,0.0,0.0,0.0
2024-08-03 03:00:00+00:00,24.4585,14.0085,8.759178,1.6999999,3.0,0.0
2024-08-04 03:00:00+00:00,22.8085,14.8085,19.586119,5.8,12.0,0.0
2024-08-05 03:00:00+00:00,22.1585,12.5585,15.137133,0.1,1.0,0.0
2024-08-06 03:00:00+00:00,25.0585,12.3085,11.620809,0.0,0.0,0.0
2024-08-07 03:00:00+00:00,28.8085,15.9585,14.869351,0.0,0.0,0.0
2024-08-08 03:00:00+00:00,23.4085,14.8585005,17.477621,0.5,1.0,0.0
2024-08-09 03:00:00+00:00,25.6085,14.6085005,23.966375,3.1,7.0,0.0
2024-08-10 03:00:00+00:00,26.2085,15.5585,20.532627,0.0,0.0,0.0
2024-08-11 03:00:00+00:00,25.1085,13.2585,18.057508,0.0,0.0,0.0
2024-08-12 03:00:00+00:00,26.8085,12.8085,11.928989,0.0,0.0,0.0
2024-08-13 03:00:00+00:00,29.9085,15.3085,18.511143,0.0,0.0,0.0
2024-08-14 03:00:00+00:00,32.9585,19.008501,19.930477,3.4,6.0,0.0
2024-08-15 03:00:00+00:00,28.008501,17.4085,17.313717,0.3,3.0,0.0
2024-08-16 03:00:00+00:00,29.1585,17.1085,21.461555,0.0,0.0,0.0
2024-08-17 03:00:00+00:00,29.4585,17.4085,13.084402,0.0,0.0,0.0
2024-08-18 03:00:00+00:00,24.6085,16.508501,17.873556,0.1,1.0,0.0
2024-08-19 03:00:00+00:00,22.8585,13.2085,15.192682,0.0,0.0,0.0
2024-08-20 03:00:00+00:00,27.258501,13.4585,15.30741,0.5,4.0,0.0
2024-08-21 03:00:00+00:00,23.008501,14.2585,28.387545,0.4,2.0,0.0
2024-08-22 03:00:00+00:00,24.758501,14.2585,20.696085,0.0,0.0,0.0
2024-08-23 03:00:00+00:00,30.508501,17.1085,27.748037,0.0,0.0,0.0
2024-08-24 03:00:00+00:00,31.8085,17.1585,23.039999,0.0,0.0,0.0
2024-08-25 03:00:00+00:00,23.7085,15.6085005,26.009842,0.0,0.0,0.0
2024-08-26 03:00:00+00:00,25.008501,12.9585,10.195057,0.0,0.0,0.0
2024-08-27 03:00:00+00:00,26.758501,12.8085,13.779114,0.0,0.0,0.0
2024-08-28 03:00:00+00:00,30.258501,16.3085,19.083395,0.0,0.0,0.0
2024-08-29 03:00:00+00:00,34.158497,20.6585,9.826088,0.0,0.0,0.0
2024-08-30 03:00:00+00:00,28.008501,15.8085,18.844202,2.4,5.0,0.0
2024-08-31 03:00:00+00:00,23.6085,14.2085,17.884428,0.0,0.0,0.0
2024-09-01 03:00:00+00:00,24.758501,13.3585005,15.986595,0.8,1.0,0.0
2024-09-02 03:00:00+00:00,26.3585,12.658501,14.205182,0.0,0.0,0.0
2024-09-03 03:00:00+00:00,32.5585,18.1085,16.595179,0.1,1.0,0.0
2024-09-04 03:00:00+00:00,33.7085,20.008501,23.4,0.0,0.0,0.0
2024-09-05 03:00:00+00:00,30.8585,21.258501,31.75355,0.0,0.0,0.0
2024-09-06 03:00:00+00:00,29.1085,17.3585,24.48,0.0,0.0,0.0
2024-09-07 03:00:00+00:00,30.9085,16.8085,16.704155,0.0,0.0,0.0
2024-09-08 03:00:00+00:00,31.508501,20.3085,17.429354,0.0,0.0,0.0
2024-09-09 03:00:00+00:00,19.6585,14.658501,28.883131,7.5,12.0,0.0
2024-09-10 03:00:00+00:00,19.008501,14.2085,22.702845,0.1,1.0,0.0
2024-09-11 03:00:00+00:00,17.008501,9.158501,27.0024,0.5,3.0,0.1
2024-09-12 03:00:00+00:00,15.5085,8.7585,12.641076,0.2,2.0,0.0
2024-09-13 03:00:00+00:00,15.0585,9.3585005,24.86868,8.000001,14.0,0.0
2024-09-14 03:00:00+00:00,17.508501,9.5585,30.911821,0.0,0.0,0.0
2024-09-15 03:00:00+00:00,18.1085,9.2585,25.982424,1.9000001,4.0,0.0
2024-09-16 03:00:00+00:00,18.9585,12.6085005,25.346148,4.6,6.0,0.8
2024-09-17 03:00:00+00:00,24.7085,14.0585,19.483284,0.0,0.0,0.0
2024-09-18 03:00:00+00:00,25.3585,13.8085,17.429354,0.0,0.0,0.0
2024-09-19 03:00:00+00:00,23.7085,14.408501,22.007162,0.1,1.0,0.0
2024-09-20 03:00:00+00:00,22.8585,12.3585005,21.841648,0.0,0.0,0.0
2024-09-21 03:00:00+00:00,22.9085,10.9585,15.596767,0.0,0.0,0.0
2024-09-22 03:00:00+00:00,23.9585,10.7585,14.336861,0.0,0.0,0.0
2024-09-23 03:00:00+00:00,24.258501,9.4585,10.691453,0.0,0.0,0.0
2024-09-24 03:00:00+00:00,17.6585,11.908501,21.461555,11.900001,9.0,0.0
2024-09-25 03:00:00+00:00,19.1585,13.0585,20.099642,2.3999999,4.0,0.0
2024-09-26 03:00:00+00:00,19.4585,14.5585,32.379993,5.3,9.0,0.1
2024-09-27 03:00:00+00:00,19.4085,12.8085,36.022495,0.8000001,4.0,0.0
2024-09-28 03:00:00+00:00,15.2585,6.6584997,25.959969,0.2,2.0,0.1
2024-09-29 03:00:00+00:00,14.2585,5.9084997,15.12964,0.0,0.0,0.0
2024-09-30 03:00:00+00:00,15.1085005,6.3585,28.515089,0.0,0.0,0.0
2024-10-01 03:00:00+00:00,13.2585,8.408501,24.369234,13.000001,15.0,0.0
2024-10-02 03:00:00+00:00,11.0085,8.3085,19.603477,5.1999993,15.0,0.0
2024-10-03 03:00:00+00:00,14.1085005,9.5585,22.737783,4.1,7.0,2.4
2024-10-04 03:00:00+00:00,14.5085,8.0085,22.242203,0.8,4.0,0.0
2024-10-05 03:00:00+00:00,14.4585,5.9585,14.731437,0.1,1.0,0.0
2024-10-06 03:00:00+00:00,12.6085005,5.4585,15.0038395,0.0,0.0,0.0
2024-10-07 03:00:00+00:00,16.0085,6.5585,15.172409,0.1,1.0,0.0
2024-10-08 03:00:00+00:00,20.9585,11.158501,15.444377,11.900001,11.0,0.0
2024-10-09 03:00:00+00:00,19.3585,13.3585005,21.43814,2.1999998,8.0,0.5
2024-10-10 03:00:00+00:00,18.6085,7.2085,37.489296,2.6,11.0,0.5
2024-10-11 03:00:00+00:00,12.6085005,3.5085,17.134071,0.2,2.0,0.0
2024-10-12 03:00:00+00:00,13.2585,2.5585,21.90756,0.7,1.0,0.0
2024-10-13 03:00:00+00:00,11.8585005,7.5585,36.24442,2.9999995,10.0,0.1
2024-10-14 03:00:00+00:00,11.8585005,6.5084996,21.281145,0.6,3.0,0.0
2024-10-15 03:00:00+00:00,12.0085,4.9084997,16.451052,0.0,0.0,0.0
2024-10-16 03:00:00+00:00,13.7585,4.9084997,26.211487,0.0,0.0,0.0
2024-10-17 03:00:00+00:00,16.1585,8.4585,22.717823,0.0,0.0,0.0
2024-10-18 03:00:00+00:00,17.5585,9.2585,18.584509,0.0,0.0,0.0
2024-10-19 03:00:00+00:00,18.6585,10.1085005,19.300331,0.0,0.0,0.0
2024-10-20 03:00:00+00:00,16.6085,10.7085,16.108742,0.0,0.0,0.0
2024-10-21 03:00:00+00:00,18.8085,13.3585005,17.14919,3.1,7.0,0.0
2024-10-22 03:00:00+00:00,18.008501,7.9084997,27.074896,0.0,0.0,0.0
2024-10-23 03:00:00+00:00,14.5085,4.1085,11.173057,0.0,0.0,0.0
2024-10-24 03:00:00+00:00,13.8585005,4.8085,17.873554,0.0,0.0,0.0
2024-10-25 03:00:00+00:00,16.4085,7.0585,10.534229,0.0,0.0,0.0
2024-10-26 03:00:00+00:00,16.7085,6.3085,12.330985,0.0,0.0,0.0
2024-10-27 03:00:00+00:00,15.7085,6.6085,22.535252,0.1,1.0,0.0
2024-10-28 03:00:00+00:00,15.8585005,6.9585,17.352036,0.8000001,7.0,0.0
2024-10-29 03:00:00+00:00,14.5085,11.908501,16.372087,0.2,1.0,0.2
2024-10-30 03:00:00+00:00,14.8585005,10.0585,18.47084,0.0,0.0,0.0
2024-10-31 03:00:00+00:00,14.3585005,9.1085005,21.887583,0.0,0.0,0.0
2024-11-01 03:00:00+00:00,12.908501,9.158501,25.563803,0.3,2.0,0.0
2024-11-02 03:00:00+00:00,10.408501,0.3585,18.899143,0.0,0.0,0.0
2024-11-03 03:00:00+00:00,10.0085,0.108500004,12.979984,0.0,0.0,0.0
2024-11-04 03:00:00+00:00,10.908501,7.1584997,11.409785,0.0,0.0,0.0
2024-11-05 03:00:00+00:00,10.408501,1.7085,13.529966,0.0,0.0,0.0
2024-11-06 03:00:00+00:00,6.4585,2.0585,5.6002855,0.0,0.0,0.0
2024-11-07 03:00:00+00:00,6.4084997,3.8585,8.461914,0.0,0.0,0.0
2024-11-08 03:00:00+00:00,6.6584997,3.2585,19.384087,0.0,0.0,0.0
2024-11-09 03:00:00+00:00,7.5084996,-0.09150001,14.545515,0.0,0.0,0.0
2024-11-10 03:00:00+00:00,3.5585,-0.041500002,10.094454,0.1,1.0,0.0
2024-11-11 03:00:00+00:00,7.7085,1.1585001,11.620809,0.4,4.0,0.0
2024-11-12 03:00:00+00:00,4.8085,2.7085001,9.743304,0.3,3.0,0.0
2024-11-13 03:00:00+00:00,7.8585,2.9085,12.399113,0.3,3.0,0.1
2024-11-14 03:00:00+00:00,9.408501,3.8585,14.539945,0.3,3.0,0.0
2024-11-15 03:00:00+00:00,9.158501,4.6584997,14.589996,0.1,1.0,0.0
2024-11-16 03:00:00+00:00,7.8585,4.5585,18.162169,0.1,1.0,0.0
2024-11-17 03:00:00+00:00,7.4585,3.9585001,22.154629,3.5999997,12.0,0.1
2024-11-18 03:00:00+00:00,6.0585,1.6085,25.504799,0.70000005,4.0,0.3
2024-11-19 03:00:00+00:00,9.4585,1.2585001,24.318659,25.099998,16.0,0.0
2024-11-20 03:00:00+00:00,2.9085,0.8585,18.844202,0.20000002,2.0,0.0
2024-11-21 03:00:00+00:00,3.1085,-1.0914999,19.488274,0.10000001,3.0,0.0
2024-11-22 03:00:00+00:00,2.8085,-0.5915,18.519018,0.1,3.0,0.0
2024-11-23 03:00:00+00:00,4.6085,-0.8915,23.219301,4.7,3.0,0.0
2024-11-24 03:00:00+00:00,12.3585005,3.8585,20.268991,6.7,8.0,2.1
2024-11-25 03:00:00+00:00,13.9585,9.7085,19.201874,1.1,4.0,0.0
2024-11-26 03:00:00+00:00,10.4585,5.2085,14.101021,0.8000001,3.0,0.4
2024-11-27 03:00:00+00:00,8.908501,3.5085,23.759998,4.7999997,6.0,0.0
2024-11-28 03:00:00+00:00,8.2585,4.9585,26.573023,7.9999995,17.0,0.0
2024-11-29 03:00:00+00:00,5.3585,2.7085001,14.068816,0.1,1.0,0.0
2024-11-30 03:00:00+00:00,4.7584996,-0.79150003,11.269782,0.0,0.0,0.0
2024-12-01 03:00:00+00:00,3.2585,-1.6915,13.733186,0.0,0.0,0.0
2024-12-02 03:00:00+00:00,5.7085,-0.19150001,12.638512,0.0,0.0,0.0
2024-12-03 03:00:00+00:00,7.3085,3.8085,13.288341,1.3000001,5.0,0.0
2024-12-04 03:00:00+00:00,4.9084997,2.3585,11.341428,0.3,3.0,0.0
2024-12-05 03:00:00+00:00,4.2584996,2.4085,18.388212,0.0,0.0,0.0
2024-12-06 03:00:00+00:00,6.7584996,2.6585,19.576189,9.500001,11.0,0.1
2024-12-07 03:00:00+00:00,5.8085,4.4585,15.244842,4.0,14.0,0.1
2024-12-08 03:00:00+00:00,4.6584997,2.3085,14.206323,1.6,8.0,0.1
2024-12-09 03:00:00+00:00,4.4585,1.8585,16.055355,1.1,4.0,0.5
2024-12-10 03:00:00+00:00,3.6585,1.9085001,14.009968,0.1,1.0,0.0
2024-12-11 03:00:00+00:00,3.3585,0.6585,8.461914,0.0,0.0,0.0
2024-12-12 03:00:00+00:00,2.9085,0.6585,4.6834598,0.0,0.0,0.0
2024-12-13 03:00:00+00:00,3.2085001,-2.1915,12.483748,0.0,0.0,0.0
2024-12-14 03:00:00+00:00,3.7085001,-1.9415,19.30117,1.4000001,5.0,0.0
2024-12-15 03:00:00+00:00,9.5085,4.0085,27.37243,2.9999998,12.0,0.1
2024-12-16 03:00:00+00:00,10.658501,8.8085,27.419146,1.2000002,9.0,0.0
2024-12-17 03:00:00+00:00,9.6085005,6.3085,24.17434,0.3,3.0,0.0
2024-12-18 03:00:00+00:00,11.3585005,4.8585,21.540668,0.70000005,2.0,0.0
2024-12-19 03:00:00+00:00,13.0585,4.8085,23.667776,4.4,9.0,0.0
2024-12-20 03:00:00+00:00,6.0585,2.5085,21.782974,0.2,1.0,0.0
2024-12-21 03:00:00+00:00,6.7584996,2.2585,22.860708,2.8,9.0,0.0
2024-12-22 03:00:00+00:00,6.7085,2.0585,22.945587,3.3999999,10.0,0.8
2024-12-23 03:00:00+00:00,5.0585,1.3585,18.553974,0.8,4.0,0.2
2024-12-24 03:00:00+00:00,4.7085,0.2585,14.474059,0.0,0.0,0.0
2024-12-25 03:00:00+00:00,5.0585,0.2085,9.600937,0.70000005,6.0,0.0
2024-12-26 03:00:00+00:00,6.5585,4.0085,6.3639607,0.0,0.0,0.0
2024-12-27 03:00:00+00:00,5.1085,-0.5915,4.613762,0.0,0.0,0.0
2024-12-28 03:00:00+00:00,-0.6415,-2.6415,6.7565966,0.0,0.0,0.0
2024-12-29 03:00:00+00:00,2.2085001,-2.3915,16.580532,0.0,0.0,0.0
2024-12-30 03:00:00+00:00,3.5085,1.1085,18.620214,0.0,0.0,0.0
2024-12-31 03:00:00+00:00,2.8085,0.70849997,21.809732,0.0,0.0,0.0
2025-01-01 03:00:00+00:00,6.9585,3.1085,26.398705,2.1,5.0,0.0
2025-01-02 03:00:00+00:00,6.2085,0.8085,25.634678,2.1,6.0,1.2
2025-01-03 03:00:00+00:00,2.4585001,-1.3915,30.253387,0.4,7.0,0.0
2025-01-04 03:00:00+00:00,0.8085,-2.6415,15.745627,0.0,0.0,0.0
2025-01-05 03:00:00+00:00,4.5084996,-2.3915,18.686218,10.8,13.0,0.0
2025-01-06 03:00:00+00:00,11.5585,5.3085,25.837996,5.6,11.0,0.9
2025-01-07 03:00:00+00:00,6.8585,0.70849997,20.887758,1.4000001,5.0,0.0
2025-01-08 03:00:00+00:00,4.2085,0.0585,21.72638,0.10000001,4.0,0.0
2025-01-09 03:00:00+00:00,1.2085,0.4585,22.789022,1.4999999,21.0,0.0
2025-01-10 03:00:00+00:00,1.1585001,-0.49150002,20.240997,0.7,10.0,0.0
2025-01-11 03:00:00+00:00,0.8085,-0.49150002,26.354483,0.0,7.0,0.0
2025-01-12 03:00:00+00:00,1.2085,-3.3415,16.478603,0.0,0.0,0.0
2025-01-13 03:00:00+00:00,-0.4415,-6.3415003,10.650465,0.0,0.0,0.0
2025-01-14 03:00:00+00:00,2.3085,-4.5915003,17.682194,2.5,2.0,0.0
2025-01-15 03:00:00+00:00,4.2085,1.8585,14.241629,0.1,1.0,0.1
2025-01-16 03:00:00+00:00,2.7585,-0.24150002,14.687382,0.0,0.0,0.0
2025-01-17 03:00:00+00:00,1.0585,-3.3415,6.8989563,0.0,0.0,0.0
2025-01-18 03:00:00+00:00,0.008499999,-3.4915,7.229191,0.0,0.0,0.0
2025-01-19 03:00:00+00:00,5.1085,-3.6415,12.72283,0.0,0.0,0.0
2025-01-20 03:00:00+00:00,5.0585,-2.6415,12.652604,0.0,0.0,0.0
2025-01-21 03:00:00+00:00,0.70849997,-3.6915,7.9526596,0.0,0.0,0.0
2025-01-22 03:00:00+00:00,3.9085,-2.4415,15.801087,0.0,0.0,0.0
2025-01-23 03:00:00+00:00,3.7085001,0.4585,20.617662,4.3999996,7.0,0.0
2025-01-24 03:00:00+00:00,7.0585,1.6585001,18.188019,2.0,8.0,0.0
2025-01-25 03:00:00+00:00,13.7585,6.4084997,20.91256,3.1,7.0,0.0
2025-01-26 03:00:00+00:00,9.908501,3.3585,18.47698,5.5999994,11.0,0.9
2025-01-27 03:00:00+00:00,11.0585,4.3585,21.26744,1.7000002,6.0,0.0
2025-01-28 03:00:00+00:00,9.2085,3.8085,13.239487,2.4,7.0,0.0
2025-01-29 03:00:00+00:00,8.6085005,4.0585,19.983242,2.3000002,7.0,0.0
2025-01-30 03:00:00+00:00,7.6584997,2.8585,14.896563,2.8000002,8.0,0.0
2025-01-31 03:00:00+00:00,5.6085,1.5585,20.343185,0.6,3.0,0.4
2025-02-01 03:00:00+00:00,3.8085,-0.8415,7.9383874,0.0,0.0,0.0
2025-02-02 03:00:00+00:00,3.8585,0.0585,6.6818557,0.0,0.0,0.0
2025-02-03 03:00:00+00:00,3.5085,-2.6915,7.3997297,0.0,0.0,0.0
2025-02-04 03:00:00+00:00,4.1085,-3.6415,8.459999,0.0,0.0,0.0
2025-02-05 03:00:00+00:00,3.7585,-2.5414999,12.525207,0.0,0.0,0.0
2025-02-06 03:00:00+00:00,4.8585,2.2085001,11.298495,0.0,0.0,0.0
2025-02-07 03:00:00+00:00,3.0085,-0.041500002,17.771753,0.0,0.0,0.0
2025-02-08 03:00:00+00:00,5.4084997,-1.7915,14.311981,0.0,0.0,0.0
2025-02-09 03:00:00+00:00,4.0585,-2.3915,11.212135,0.0,0.0,0.0
2025-02-10 03:00:00+00:00,3.3585,-2.3415,16.920958,0.0,0.0,0.0
2025-02-11 03:00:00+00:00,3.2085001,-3.6915,18.709612,0.0,0.0,0.0
2025-02-12 03:00:00+00:00,2.0085,-4.8915,16.056362,0.0,3.0,0.0
2025-02-13 03:00:00+00:00,-0.1415,-2.2415,12.093535,0.2,18.0,0.0
2025-02-14 03:00:00+00:00,1.1585001,-1.9914999,12.189602,0.2,7.0,0.0
2025-02-15 03:00:00+00:00,-0.19150001,-5.6915,6.310277,0.0,5.0,0.0
2025-02-16 03:00:00+00:00,-0.99149996,-10.6414995,11.190442,0.0,1.0,0.0
2025-02-17 03:00:00+00:00,-2.1415,-11.9915,5.3426957,0.0,0.0,0.0
2025-02-18 03:00:00+00:00,-1.5914999,-11.841499,6.9550843,0.0,0.0,0.0
2025-02-19 03:00:00+00:00,0.2085,-13.1915,14.248452,0.0,0.0,0.0
2025-02-20 03:00:00+00:00,1.2585001,-7.0915003,14.51876,0.0,0.0,0.0
2025-02-21 03:00:00+00:00,5.2584996,0.8585,13.33094,0.0,0.0,0.0
2025-02-22 03:00:00+00:00,9.3085,0.2585,13.619471,0.0,0.0,0.0
2025-02-23 03:00:00+00:00,11.158501,1.1085,15.484185,0.0,0.0,0.0
2025-02-24 03:00:00+00:00,13.5585,0.0585,13.543131,0.4,1.0,0.0
2025-02-25 03:00:00+00:00,11.5085,4.0585,11.566313,3.5999997,10.0,0.7
2025-02-26 03:00:00+00:00,8.9585,3.8585,12.397806,3.8999996,12.0,0.0
2025-02-27 03:00:00+00:00,9.7085,2.6085,14.628807,1.5,9.0,0.0
2025-02-28 03:00:00+00:00,5.7085,1.8585,13.433838,3.2,7.0,0.0
2025-03-01 03:00:00+00:00,5.6584997,0.5585,12.682018,0.0,0.0,0.0
2025-03-02 03:00:00+00:00,7.2085,-0.041500002,15.287288,0.0,0.0,0.0
2025-03-03 03:00:00+00:00,9.1085005,1.2585001,12.2519045,0.0,0.0,0.0
2025-03-04 03:00:00+00:00,10.5585,0.2585,11.503113,0.0,0.0,0.0
2025-03-05 03:00:00+00:00,14.7585,1.4085001,12.979984,0.0,0.0,0.0
2025-03-06 03:00:00+00:00,15.5585,1.5585,9.587428,0.0,0.0,0.0
2025-03-07 03:00:00+00:00,16.8585,2.0085,8.0599,0.0,0.0,0.0
2025-03-08 03:00:00+00:00,15.908501,2.9585001,13.141232,0.0,0.0,0.0
2025-03-09 03:00:00+00:00,14.7085,2.6585,9.2660675,0.0,0.0,0.0
2025-03-10 03:00:00+00:00,14.8585005,1.1585001,8.792405,0.0,0.0,0.0
2025-03-11 03:00:00+00:00,9.908501,0.6585,8.477216,0.1,1.0,0.0
2025-03-12 03:00:00+00:00,7.6584997,2.8085,7.9526596,2.1,10.0,0.1
2025-03-13 03:00:00+00:00,7.6584997,1.1585001,11.843124,0.0,0.0,0.0
2025-03-14 03:00:00+00:00,7.8585,1.4085001,9.984729,0.6,6.0,0.0
2025-03-15 03:00:00+00:00,7.3085,-0.24150002,10.63372,0.6,3.0,0.0
2025-03-16 03:00:00+00:00,7.9084997,-0.3915,17.673029,0.6,3.0,0.0
2025-03-17 03:00:00+00:00,5.9585,-2.8915,14.652045,0.0,0.0,0.0
2025-03-18 03:00:00+00:00,7.4084997,-3.1915,9.028754,0.0,0.0,0.0
2025-03-19 03:00:00+00:00,11.3085,-3.0915,6.889557,0.0,0.0,0.0
2025-03-20 03:00:00+00:00,15.5585,-0.09150001,8.107996,0.0,0.0,0.0
2025-03-21 03:00:00+00:00,16.4085,1.7085,18.000898,0.0,0.0,0.0
2025-03-22 03:00:00+00:00,13.5085,4.4585,20.7219,0.0,0.0,0.0
2025-03-23 03:00:00+00:00,13.3585005,6.3085,17.864489,0.0,0.0,0.0
2025-03-24 03:00:00+00:00,14.0585,6.3085,7.1661706,0.0,0.0,0.0
2025-03-25 03:00:00+00:00,13.7085,5.2085,12.140329,0.0,0.0,0.0
2025-03-26 03:00:00+00:00,10.6085005,3.8585,15.349684,0.8000001,8.0,0.0
2025-03-27 03:00:00+00:00,10.2585,1.7085,8.65873,0.0,0.0,0.0
2025-03-28 03:00:00+00:00,14.5085,0.9085,9.796366,0.0,0.0,0.0
2025-03-29 03:00:00+00:00,15.4585,2.8585,17.660192,0.0,0.0,0.0
2025-03-30 03:00:00+00:00,8.9585,2.3585,19.759048,7.5,14.0,0.0
2025-03-31 03:00:00+00:00,11.4585,3.9585001,19.627428,0.70000005,6.0,0.0
2025-04-01 03:00:00+00:00,13.3085,3.5585,15.426535,0.0,0.0,0.0
2025-04-02 03:00:00+00:00,15.3085,3.1585,14.387619,0.0,0.0,0.0
2025-04-03 03:00:00+00:00,17.6585,3.7085001,9.396275,0.0,0.0,0.0
2025-04-04 03:00:00+00:00,19.9085,5.2085,12.224107,0.0,0.0,0.0
2025-04-05 03:00:00+00:00,10.7085,0.4585,22.057161,0.0,0.0,0.0
2025-04-06 03:00:00+00:00,7.8085,0.2085,18.3794,0.0,0.0,0.0
2025-04-07 03:00:00+00:00,12.1085005,2.9085,16.311613,0.0,0.0,0.0
2025-04-08 03:00:00+00:00,13.4585,4.3585,7.7650757,0.0,0.0,0.0
2025-04-09 03:00:00+00:00,14.4585,5.0084996,17.594023,0.1,1.0,0.1
2025-04-10 03:00:00+00:00,13.7085,3.7585,21.347271,0.0,0.0,0.0
2025-04-11 03:00:00+00:00,14.3585005,6.2085,24.916187,0.5,3.0,0.0
2025-04-12 03:00:00+00:00,17.4585,8.7085,9.867218,0.0,0.0,0.0
2025-04-13 03:00:00+00:00,22.3585,8.5585,22.571884,0.0,0.0,0.0
2025-04-14 03:00:00+00:00,20.8085,10.8085,13.615902,0.6,4.0,0.0
2025-04-15 03:00:00+00:00,21.9585,11.7585,23.444956,0.1,1.0,0.0
2025-04-16 03:00:00+00:00,25.3585,12.7085,15.2501545,0.0,0.0,0.0
2025-04-17 03:00:00+00:00,27.3585,12.3085,15.539537,0.0,0.0,0.0
2025-04-18 03:00:00+00:00,14.2585,8.5585,13.752048,4.7999997,5.0,0.0
2025-04-19 03:00:00+00:00,10.2085,6.4084997,12.9625,2.6999998,7.0,0.0
2025-04-20 03:00:00+00:00,18.758501,5.7584996,8.6193495,0.3,2.0,0.0
2025-04-21 03:00:00+00:00,18.508501,9.158501,9.360001,1.0,6.0,0.2
2025-04-22 03:00:00+00:00,18.258501,9.1085005,13.379461,4.3999996,8.0,0.4
2025-04-23 03:00:00+00:00,17.8585,8.2085,12.870944,1.3000001,3.0,0.0
2025-04-24 03:00:00+00:00,17.8585,7.6584997,14.584443,0.0,0.0,0.0
2025-04-25 03:00:00+00:00,16.6085,6.5585,14.372974,0.0,0.0,0.0
2025-04-26 03:00:00+00:00,15.158501,5.3585,14.654254,0.0,0.0,0.0
2025-04-27 03:00:00+00:00,17.3085,4.3085,13.504799,0.0,0.0,0.0
2025-04-28 03:00:00+00:00,21.7085,5.9084997,10.088033,0.0,0.0,0.0
2025-04-29 03:00:00+00:00,22.8085,8.658501,14.973577,0.0,0.0,0.0
2025-04-30 03:00:00+00:00,22.6585,9.5585,10.685391,0.0,0.0,0.0
2025-05-01 03:00:00+00:00,25.9585,9.5585,10.934166,0.0,0.0,0.0
2025-05-02 03:00:00+00:00,27.5585,12.6085005,26.475302,0.6,2.0,0.0
2025-05-03 03:00:00+00:00,19.0585,10.2585,20.33044,1.0,3.0,0.0
2025-05-04 03:00:00+00:00,14.7085,4.8085,23.933908,0.5,5.0,0.0
2025-05-05 03:00:00+00:00,13.3085,2.4585001,14.892213,0.0,0.0,0.0
2025-05-06 03:00:00+00:00,15.9585,1.9085001,16.947744,0.0,0.0,0.0
2025-05-07 03:00:00+00:00,15.4585,5.6584997,17.081041,0.0,0.0,0.0
2025-05-08 03:00:00+00:00,15.658501,4.9585,11.832176,0.0,0.0,0.0
2025-05-09 03:00:00+00:00,18.758501,5.4084997,10.337079,0.0,0.0,0.0
2025-05-10 03:00:00+00:00,17.758501,6.5084996,14.423605,0.1,1.0,0.0
2025-05-11 03:00:00+00:00,18.1085,5.7584996,14.757804,0.0,0.0,0.0
2025-05-12 03:00:00+00:00,19.1085,4.9084997,13.239486,0.0,0.0,0.0
2025-05-13 03:00:00+00:00,20.9585,5.9084997,7.282774,0.0,0.0,0.0
2025-05-14 03:00:00+00:00,22.1585,9.8585005,21.82755,0.3,2.0,0.0
2025-05-15 03:00:00+00:00,14.6085005,8.658501,27.050951,0.70000005,6.0,0.0
2025-05-16 03:00:00+00:00,17.1085,8.158501,19.921535,1.4000001,5.0,0.0
2025-05-17 03:00:00+00:00,16.3585,7.3085,22.415602,1.7000002,5.0,0.0
2025-05-18 03:00:00+00:00,13.9585,6.7584996,17.363237,2.3999999,7.0,0.0
2025-05-19 03:00:00+00:00,15.6085005,9.408501,19.293615,0.70000005,2.0,0.0
2025-05-20 03:00:00+00:00,22.6585,9.3585005,11.272657,0.0,0.0,0.0
2025-05-21 03:00:00+00:00,21.4085,10.1085005,20.907913,0.0,0.0,0.0
2025-05-22 03:00:00+00:00,15.5585,5.2085,25.79281,0.2,2.0,0.0
2025-05-23 03:00:00+00:00,12.0085,5.0084996,18.557467,2.1,6.0,0.0
2025-05-24 03:00:00+00:00,16.8085,6.1584997,15.655861,0.1,1.0,0.0
2025-05-25 03:00:00+00:00,16.8085,11.658501,18.678415,3.0999997,10.0,0.0
2025-05-26 03:00:00+00:00,19.7085,9.8585005,16.1017,0.1,1.0,0.0
2025-05-27 03:00:00+00:00,20.258501,9.5085,20.746122,0.70000005,3.0,0.0
2025-05-28 03:00:00+00:00,18.6585,10.7085,21.969587,3.8999996,14.0,0.2
2025-05-29 03:00:00+00:00,18.2085,10.3585005,17.399586,2.3000002,4.0,0.0
2025-05-30 03:00:00+00:00,23.3085,13.7585,18.903427,1.6,8.0,0.4
2025-05-31 03:00:00+00:00,24.3585,14.5585,10.534229,1.0,4.0,0.0
2025-06-01 03:00:00+00:00,27.3585,14.408501,19.787722,2.3999999,7.0,0.0
2025-06-02 03:00:00+00:00,21.6585,12.5085,13.556282,0.2,2.0,0.0
2025-06-03 03:00:00+00:00,25.9085,12.6085005,16.740969,0.0,0.0,0.0
2025-06-04 03:00:00+00:00,27.758501,15.658501,20.991426,2.8999999,4.0,0.0
2025-06-05 03:00:00+00:00,22.3085,14.658501,19.233065,1.5,7.0,0.0
2025-06-06 03:00:00+00:00,22.008501,14.408501,25.113708,1.5000001,6.0,0.0
2025-06-07 03:00:00+00:00,22.508501,13.158501,21.109173,5.4,6.0,0.0
2025-06-08 03:00:00+00:00,19.758501,10.7085,29.46837,8.8,9.0,0.0
2025-06-09 03:00:00+00:00,17.8085,10.408501,20.39091,2.3999999,8.0,0.4
2025-06-10 03:00:00+00:00,18.008501,11.2085,23.166916,6.4,12.0,0.0
2025-06-11 03:00:00+00:00,20.1585,9.4585,22.315645,0.3,3.0,0.1
2025-06-12 03:00:00+00:00,22.9085,9.0585,16.965895,0.0,0.0,0.0
2025-06-13 03:00:00+00:00,24.9585,11.7585,15.351793,0.0,0.0,0.0
2025-06-14 03:00:00+00:00,30.0585,14.8085,17.799076,0.0,0.0,0.0
2025-06-15 03:00:00+00:00,32.908497,16.758501,23.200455,1.7,4.0,0.0
2025-06-16 03:00:00+00:00,22.258501,14.0085,20.849718,0.2,2.0,0.0
2025-06-17 03:00:00+00:00,25.9585,13.4585,9.761578,0.0,0.0,0.0
2025-06-18 03:00:00+00:00,27.258501,16.3585,18.820976,0.0,0.0,0.0
2025-06-19 03:00:00+00:00,22.258501,11.8585005,21.869074,0.0,0.0,0.0
2025-06-20 03:00:00+00:00,23.6085,11.2085,9.7880945,0.0,0.0,0.0
2025-06-21 03:00:00+00:00,28.6585,12.5585,9.0,0.0,0.0,0.0
2025-06-22 03:00:00+00:00,34.108498,17.3585,14.681866,0.3,1.0,0.0
2025-06-23 03:00:00+00:00,26.5585,14.2585,29.586325,2.6,5.0,1.6
2025-06-24 03:00:00+00:00,22.5585,14.158501,27.288855,1.8000001,2.0,0.0
2025-06-25 03:00:00+00:00,24.3585,14.8085,23.712223,4.3999996,12.0,0.1
2025-06-26 03:00:00+00:00,30.5585,14.5085,19.083395,3.3999999,3.0,0.0
2025-06-27 03:00:00+00:00,22.008501,14.408501,23.138927,1.4,4.0,0.0
2025-06-28 03:00:00+00:00,28.1085,14.2585,19.164719,0.0,0.0,0.0
2025-06-29 03:00:00+00:00,28.3585,14.408501,22.419937,1.0,4.0,0.0
2025-06-30 03:00:00+00:00,26.6585,13.5585,10.4493065,0.0,0.0,0.0
2025-07-01 03:00:00+00:00,32.858498,14.7085,12.971244,0.0,0.0,0.0
2025-07-02 03:00:00+00:00,37.658497,19.8585,13.737904,0.0,0.0,0.0
2025-07-03 03:00:00+00:00,24.9585,13.908501,20.12944,0.2,1.0,0.0
2025-07-04 03:00:00+00:00,24.9585,13.408501,19.95485,0.0,0.0,0.0
2025-07-05 03:00:00+00:00,28.7085,15.0085,18.119305,0.0,0.0,0.0
2025-07-06 03:00:00+00:00,29.4085,18.008501,21.392754,0.0,0.0,0.0
2025-07-07 03:00:00+00:00,24.7085,15.3585005,15.661035,7.2999997,8.0,0.0
2025-07-08 03:00:00+00:00,21.508501,14.408501,16.38,0.6,4.0,0.0
2025-07-09 03:00:00+00:00,21.4585,14.8585005,20.304129,1.8000001,10.0,0.0
2025-07-10 03:00:00+00:00,22.1585,13.5585,13.647988,4.2,4.0,0.0
2025-07-11 03:00:00+00:00,21.9085,13.3085,18.9,10.099999,14.0,0.0
2025-07-12 03:00:00+00:00,17.508501,14.4585,16.848999,22.9,18.0,0.0
2025-07-13 03:00:00+00:00,21.6085,14.9585,10.957846,7.7,9.0,0.9
2025-07-14 03:00:00+00:00,24.1585,15.2085,11.213581,8.1,5.0,0.0
2025-07-15 03:00:00+00:00,22.1085,13.8085,17.548845,3.1000001,6.0,0.0
2025-07-16 03:00:00+00:00,20.6085,13.408501,12.576836,5.5999994,8.0,0.0
2025-07-17 03:00:00+00:00,19.2085,13.8085,19.540573,15.299999,9.0,0.0
2025-07-18 03:00:00+00:00,22.9585,16.2085,9.600937,0.70000005,6.0,0.0
2025-07-19 03:00:00+00:00,26.1085,15.8085,8.699793,0.0,0.0,0.0
2025-07-20 03:00:00+00:00,28.9085,17.508501,10.874741,2.8999999,2.0,0.0
2025-07-21 03:00:00+00:00,21.9085,14.4585,20.316889,41.999996,18.0,0.9
2025-07-22 03:00:00+00:00,21.5585,14.908501,17.968472,12.300001,14.0,0.0
2025-07-23 03:00:00+00:00,19.758501,15.658501,20.228188,21.800001,17.0,1.6
2025-07-24 03:00:00+00:00,22.4585,16.258501,11.892265,1.7000002,12.0,0.0
2025-07-25 03:00:00+00:00,23.6085,17.258501,15.898188,7.5,18.0,0.1
2025-07-26 03:00:00+00:00,20.8585,15.658501,9.473541,0.6,5.0,0.0
2025-07-27 03:00:00+00:00,23.8085,15.2585,9.044888,1.9000001,7.0,0.0
2025-07-28 03:00:00+00:00,22.3585,14.8585005,17.682194,3.2,7.0,0.0
2025-07-29 03:00:00+00:00,20.258501,13.5585,18.158602,1.1000001,7.0,0.0
2025-07-30 03:00:00+00:00,21.4585,13.0085,13.403656,0.5,2.0,0.0
2025-07-31 03:00:00+00:00,19.4585,14.1085005,18.374994,2.6999998,9.0,1.3
2025-08-01 03:00:00+00:00,20.8585,14.4585,14.018059,6.4,7.0,0.0
2025-08-02 03:00:00+00:00,21.6585,13.9585,13.288341,2.1999998,9.0,0.2
2025-08-03 03:00:00+00:00,18.9585,13.8585005,16.928614,1.8000001,9.0,0.0
2025-08-04 03:00:00+00:00,22.258501,14.7085,16.048288,10.6,13.0,0.0
2025-08-05 03:00:00+00:00,19.258501,12.5085,14.8257065,4.9999995,11.0,0.0
2025-08-06 03:00:00+00:00,20.4085,12.0585,17.82091,0.70000005,5.0,0.0
2025-08-07 03:00:00+00:00,24.1585,12.7085,10.853866,0.0,0.0,0.0
2025-08-08 03:00:00+00:00,26.8585,15.5085,15.496736,0.0,0.0,0.0
2025-08-09 03:00:00+00:00,28.5585,14.908501,14.438198,0.0,0.0,0.0
2025-08-10 03:00:00+00:00,23.5585,12.5085,18.463821,0.0,0.0,0.0
2025-08-11 03:00:00+00:00,25.2085,12.158501,6.4799995,0.0,0.0,0.0
2025-08-12 03:00:00+00:00,28.8585,14.1085005,11.500296,0.0,0.0,0.0
2025-08-13 03:00:00+00:00,31.5585,16.758501,12.245294,0.0,0.0,0.0
2025-08-14 03:00:00+00:00,32.8085,17.8085,9.059205,0.0,0.0,0.0
2025-08-15 03:00:00+00:00,33.0085,18.5585,16.674063,0.5,1.0,0.0
2025-08-16 03:00:00+00:00,24.758501,13.4585,16.021011,0.0,0.0,0.0
2025-08-17 03:00:00+00:00,23.4585,12.2585,10.387107,0.2,2.0,0.0
2025-08-18 03:00:00+00:00,24.1085,11.658501,9.867218,0.0,0.0,0.0
2025-08-19 03:00:00+00:00,26.6585,14.0085,9.028754,0.0,0.0,0.0
2025-08-20 03:00:00+00:00,24.008501,12.408501,15.472672,0.0,0.0,0.0
2025-08-21 03:00:00+00:00,23.6085,11.5085,17.81909,0.0,0.0,0.0
2025-08-22 03:00:00+00:00,19.6585,11.158501,21.43814,0.1,1.0,0.0
2025-08-23 03:00:00+00:00,17.508501,9.1085005,23.913593,1.1000001,7.0,0.0
2025-08-24 03:00:00+00:00,18.3085,8.4585,17.87718,0.0,0.0,0.0
2025-08-25 03:00:00+00:00,18.7085,9.8585005,17.262177,0.1,1.0,0.0
2025-08-26 03:00:00+00:00,21.0585,9.0085,11.304229,0.0,0.0,0.0
2025-08-27 03:00:00+00:00,27.9585,13.3585005,11.793777,0.0,0.0,0.0
2025-08-28 03:00:00+00:00,21.7085,17.4585,11.525623,9.200001,12.0,0.0
2025-08-29 03:00:00+00:00,20.508501,14.8085,6.8541956,2.3,8.0,0.0
2025-08-30 03:00:00+00:00,22.4085,13.6085005,10.390226,0.2,2.0,0.0
2025-08-31 03:00:00+00:00,24.7085,12.7085,9.54,0.0,0.0,0.0
2025-09-01 03:00:00+00:00,26.5585,14.8085,17.431213,3.9,5.0,0.0
2025-09-02 03:00:00+00:00,20.4585,14.7085,9.793058,10.199999,9.0,0.0
2025-09-03 03:00:00+00:00,23.4085,14.0085,17.94411,0.0,0.0,0.0
2025-09-04 03:00:00+00:00,26.4585,15.908501,12.503199,1.4,1.0,0.0
2025-09-05 03:00:00+00:00,20.008501,13.908501,15.048042,3.9,9.0,0.1
2025-09-06 03:00:00+00:00,20.4085,12.408501,8.209263,0.1,1.0,0.0
2025-09-07 03:00:00+00:00,21.3585,11.908501,10.873252,0.0,0.0,0.0
2025-09-08 03:00:00+00:00,21.9085,11.908501,9.676569,0.0,0.0,0.0
2025-09-09 03:00:00+00:00,24.2085,12.658501,10.993271,0.1,1.0,0.0
2025-09-10 03:00:00+00:00,22.1585,15.1085005,10.4493065,13.6,8.0,0.0
2025-09-11 03:00:00+00:00,22.1085,13.0585,17.287498,1.3000001,6.0,0.0
2025-09-12 03:00:00+00:00,19.0585,10.658501,16.940096,5.4999995,7.0,0.0
2025-09-13 03:00:00+00:00,21.0585,10.3085,15.986595,3.6,3.0,0.0
2025-09-14 03:00:00+00:00,18.0585,11.5085,13.379461,0.6,5.0,0.2
2025-09-15 03:00:00+00:00,21.3085,12.408501,19.623302,5.9,11.0,0.0
2025-09-16 03:00:00+00:00,17.8585,12.1085005,28.859,0.6,5.0,0.0
2025-09-17 03:00:00+00:00,17.8585,11.408501,22.228361,0.2,2.0,0.0
2025-09-18 03:00:00+00:00,19.4085,14.6085005,21.438898,0.5,3.0,0.0
2025-09-19 03:00:00+00:00,22.9585,15.8085,15.017871,0.0,0.0,0.0
2025-09-20 03:00:00+00:00,27.2085,15.2085,12.267762,0.0,0.0,0.0
2025-09-21 03:00:00+00:00,25.4585,11.9585,19.73854,1.7,5.0,0.0
2025-09-22 03:00:00+00:00,15.1085005,7.3085,11.578912,0.3,1.0,0.3
2025-09-23 03:00:00+00:00,15.658501,6.2584996,11.341428,0.1,1.0,0.0
2025-09-24 03:00:00+00:00,15.5585,6.4585,19.240644,0.0,0.0,0.0
2025-09-25 03:00:00+00:00,14.3085,7.7085,23.665035,0.4,3.0,0.0
2025-09-26 03:00:00+00:00,15.158501,10.3085,19.18246,0.0,0.0,0.0
2025-09-27 03:00:00+00:00,17.8085,9.158501,14.410121,0.0,0.0,0.0
2025-09-28 03:00:00+00:00,17.758501,7.6085,11.391313,0.0,0.0,0.0
2025-09-29 03:00:00+00:00,16.1085,6.6085,13.5012,0.0,0.0,0.0
2025-09-30 03:00:00+00:00,13.0585,5.4084997,12.425216,0.0,0.0,0.0
2025-10-01 03:00:00+00:00,12.4585,5.1584997,12.620554,0.1,1.0,0.0
