date; À vista R$; À vista US$;Unnamed: 3;Unnamed: 4;temperature_2m_max;temperature_2m_min;wind_speed_10m_max;rain_sum;precipitation_hours;rain
2016-04-01;386,17;95,40;;;11.188999;1.439;11.090103;0.0;0.0;0.0
2016-05-01;385,40;96,54;;;16.489;5.789;15.1884165;0.0;0.0;0.0
2016-06-01;385,58;95,96;;;21.739;15.639;11.503113;15.8;10.0;0.3
2016-07-01;382,68;94,63;;;26.739;15.589;16.363178;0.0;0.0;0.0
2016-08-01;387,01;95,94;;;20.838999;13.389;17.771753;0.0;0.0;0.0
2016-11-01;383,28;94,66;;;12.139;5.889;18.089775;4.6;13.0;0.0
2016-12-01;382,89;94,78;;;7.539;4.639;32.36398;4.3;16.0;0.4
2016-01-13;389,55;97,36;;;3.039;-0.611;17.106628;3.0000005;14.0;0.0
2016-01-14;385,07;96,41;;;2.589;-1.211;13.281023;0.1;2.0;0.0
2016-01-15;386,20;95,36;;;1.4890001;-1.161;12.261157;0.0;6.0;0.0
2016-01-18;384,96;95,50;;;-3.0609999;-8.711;10.966713;0.0;0.0;0.0
2016-01-19;387,04;95,59;;;-3.011;-12.761001;14.707222;0.0;2.0;0.0
2016-01-20;389,30;94,58;;;-0.211;-6.361;15.696165;0.0;2.0;0.0
2016-01-21;390,61;94,06;;;-1.061;-7.111;13.37825;0.0;0.0;0.0
2016-01-22;395,62;96,33;;;-2.161;-10.811001;15.1884165;0.0;0.0;0.0
2016-01-25;394,54;96,10;;;8.839;4.489;18.751125;0.8000001;3.0;0.1
2016-01-26;396,33;97,50;;;9.339;4.139;21.470612;1.1;2.0;0.0
2016-01-27;398,20;97,53;;;9.789;7.039;22.97522;1.2000002;6.0;0.4
2016-01-28;397,48;97,61;;;9.488999;0.33900002;26.576681;1.3;3.0;0.0
2016-01-29;397,50;98,76;;;8.289;0.68899995;25.068514;0.0;0.0;0.0
2016-01-02;395,70;99,67;;;0.839;-7.561;25.364037;0.0;0.0;0.0
2016-02-02;397,24;99,76;;;10.339;5.189;33.818928;0.8;3.0;0.0
2016-03-02;395,58;100,86;;;9.339;-1.0109999;23.893261;1.1;5.0;0.0
2016-04-02;400,37;102,90;;;14.589;1.139;19.228851;0.0;0.0;0.0
2016-05-02;401,58;102,63;;;17.689;4.789;11.165805;0.0;0.0;0.0
2016-10-02;395,03;100,39;;;18.189;9.389;12.475961;1.4000001;3.0;0.0
2016-11-02;399,97;100,57;;;8.738999;2.9390001;30.248568;1.0;3.0;0.0
2016-12-02;402,88;100,85;;;4.789;-2.3109999;25.96995;0.0;0.0;0.0
2016-02-15;401,52;100,58;;;4.389;0.68899995;18.692286;0.4;3.0;0.0
2016-02-16;400,69;98,59;;;2.739;-1.461;15.072783;0.0;0.0;0.0
2016-02-17;394,99;99,37;;;2.139;-2.161;22.35481;0.1;6.0;0.0
2016-02-18;399,44;98,92;;;5.739;-1.311;12.229406;0.0;0.0;0.0
2016-02-19;398,65;98,70;;;5.389;-2.011;10.787993;0.0;0.0;0.0
2016-02-22;394,94;100,16;;;9.938999;3.139;34.651752;12.400001;21.0;0.4
2016-02-23;393,19;99,29;;;6.989;1.889;20.240196;0.0;0.0;0.0
2016-02-24;383,35;96,95;;;5.389;-2.461;24.50381;0.0;0.0;0.0
2016-02-25;374,45;95,01;;;4.789;-3.411;13.358861;0.4;5.0;0.0
2016-02-26;375,16;93,91;;;4.239;-3.661;16.343367;0.0;0.0;0.0
2016-02-29;373,88;93,56;;;3.889;-1.5109999;21.252197;0.0;0.0;0.0
2016-01-03;372,45;94,43;;;-6.461;-9.761001;22.805367;0.0;0.0;0.0
2016-02-03;370,97;95,32;;;6.689;2.289;27.595825;0.0;0.0;0.0
2016-03-03;368,36;96,58;;;6.989;-2.161;8.699793;0.0;0.0;0.0
2016-04-03;358,37;95,08;;;18.289;3.789;11.966954;0.0;0.0;0.0
2016-07-03;356,02;93,99;;;20.689;11.789;14.345898;1.4000001;2.0;0.0
2016-08-03;357,27;95,19;;;21.338999;13.488999;17.447933;0.4;3.0;0.0
2016-09-03;354,57;95,83;;;25.889;16.588999;15.856356;0.2;1.0;0.0
2016-10-03;356,39;97,86;;;16.439;9.289;21.578989;6.9999995;11.0;0.0
2016-11-03;358,32;99,45;;;6.489;1.039;16.263872;0.0;0.0;0.0
2016-03-14;357,27;98,02;;;6.389;-1.811;11.720751;0.7;2.0;0.0
2016-03-15;356,65;94,95;;;6.539;-0.061;19.453327;1.0;2.0;0.7
2016-03-16;357,63;95,39;;;8.289;-1.611;15.5843;0.0;0.0;0.0
2016-03-17;361,42;99,16;;;9.438999;-1.411;12.074766;0.0;0.0;0.0
2016-03-18;363,32;101,20;;;6.989;-0.311;12.413476;0.0;0.0;0.0
2016-03-21;361,37;100,08;;;8.139;3.039;23.241617;2.3;12.0;0.0
2016-03-22;366,98;102,19;;;8.539;2.339;18.875126;1.4000001;9.0;0.0
2016-03-23;368,61;100,33;;;7.239;0.73899996;14.76439;0.5;4.0;0.0
2016-03-24;367,17;99,50;;;7.639;0.439;11.212135;0.2;2.0;0.0
2016-03-28;370,71;102,15;;;15.139;1.9890001;21.2522;2.0;5.0;0.0
2016-03-29;372,10;102,42;;;10.339;2.839;23.34455;6.7999997;14.0;0.0
2016-03-30;374,29;103,37;;;11.889;2.739;21.829777;1.8000002;5.0;0.0
2016-03-31;375,13;104,09;;;10.488999;3.289;7.7043357;0.8;5.0;0.0
2016-01-04;374,44;104,91;;;-3.911;-8.811001;21.41319;0.0;0.0;0.0
2016-04-04;375,33;104,17;;;18.989;6.439;9.422101;0.0;0.0;0.0
2016-05-04;375,54;102,33;;;13.539;6.189;20.456745;0.6;3.0;0.0
2016-06-04;379,93;104,15;;;25.439;13.589;9.422101;0.0;0.0;0.0
2016-07-04;382,16;103,59;;;21.489;11.389;14.77755;0.0;0.0;0.0
2016-08-04;379,46;105,32;;;26.289;16.838999;18.678415;0.8;3.0;0.1
2016-11-04;376,72;107,76;;;8.539;3.539;14.88242;0.0;0.0;0.0
2016-12-04;379,38;107,99;;;2.289;-3.8109999;7.928178;0.0;0.0;0.0
2016-04-13;378,33;108,40;;;16.739;5.689;9.220499;5.4;13.0;0.0
2016-04-14;376,52;108,13;;;11.938999;3.239;16.055355;4.0;8.0;1.2
2016-04-15;378,93;107,83;;;13.839;2.589;18.899143;4.6;5.0;0.0
2016-04-18;379,71;105,36;;;11.539;1.139;19.469976;0.0;0.0;0.0
2016-04-19;379,75;107,43;;;12.889;5.639;29.957972;0.1;1.0;0.0
2016-04-20;379,31;107,45;;;11.438999;1.839;21.599998;0.0;0.0;0.0
2016-04-22;382,25;106,98;;;12.438999;3.9390001;17.49615;0.0;0.0;0.0
2016-04-25;381,79;107,55;;;8.789;-0.261;19.353138;2.0;7.0;0.0
2016-04-26;382,40;108,54;;;9.238999;2.289;18.59845;4.1;11.0;0.7
2016-04-27;381,80;108,40;;;8.639;2.289;26.478971;2.6000004;12.0;0.0
2016-04-28;381,63;109,16;;;10.289;0.93899995;23.4;3.4;12.0;0.0
2016-04-29;381,25;110,86;;;13.589;0.33900002;21.322214;0.0;0.0;0.0
2016-02-05;379,71;108,77;;;6.539;-0.76100004;16.08761;0.90000004;3.0;0.0
2016-03-05;378,80;106,26;;;8.438999;1.939;16.375053;0.0;0.0;0.0
2016-04-05;383,70;108,58;;;20.338999;6.889;21.542923;0.3;2.0;0.0
2016-05-05;384,20;108,35;;;18.139;5.689;12.074766;0.0;0.0;0.0
2016-06-05;383,80;109,72;;;26.289;14.488999;14.277983;1.3000001;4.0;0.0
2016-09-05;386,37;109,58;;;21.239;12.738999;14.830076;1.4000001;7.0;0.0
2016-10-05;386,50;111,38;;;12.839;8.089;23.828083;4.6999993;16.0;0.0
2016-11-05;388,93;112,86;;;8.938999;3.4390001;14.654254;6.4;11.0;0.0
2016-12-05;390,20;112,45;;;-0.111;-4.011;13.009903;0.0;0.0;0.0
2016-05-13;389,06;110,50;;;21.139;8.688999;19.35314;0.2;1.0;0.0
2016-05-16;389,71;111,47;;;13.938999;6.439;24.251284;0.0;0.0;0.0
2016-05-17;389,36;111,63;;;12.789;7.489;22.553936;0.90000004;5.0;0.0
2016-05-18;386,96;108,70;;;17.939;7.739;13.009903;0.0;0.0;0.0
2016-05-19;388,20;108,77;;;20.889;9.139;9.511088;0.0;0.0;0.0
2016-05-20;388,53;109,76;;;21.689;9.389;18.416384;0.4;2.0;0.0
2016-05-23;386,86;108,03;;;24.989;15.339;17.414474;3.8;7.0;0.0
2016-05-24;385,55;107,66;;;22.939;13.889;18.792551;0.1;1.0;0.0
2016-05-25;387,70;107,78;;;18.539;13.438999;16.055353;1.0;5.0;0.0
2016-05-27;388,09;107,62;;;20.139;11.839;6.989936;0.0;0.0;0.0
2016-05-30;390,03;109,10;;;26.539;15.488999;20.598795;6.9;6.0;0.0
2016-05-31;388,79;107,46;;;24.639;14.938999;11.91812;5.8;10.0;0.0
2016-01-06;389,45;108,39;;;-6.261;-8.161;13.779114;0.0;11.0;0.0
2016-02-06;387,94;108,24;;;10.488999;4.539;15.893093;0.0;0.0;0.0
2016-03-06;387,42;109,85;;;4.389;-1.961;21.707731;8.599999;13.0;0.5
2016-06-06;387,45;110,92;;;24.139;12.289;14.77755;0.0;0.0;0.0
2016-07-06;389,31;112,88;;;19.039;12.488999;35.90086;0.2;2.0;0.0
2016-08-06;389,54;115,56;;;21.588999;14.339;19.917469;0.2;1.0;0.0
2016-09-06;390,16;114,89;;;21.639;11.289;8.217153;0.0;0.0;0.0
2016-10-06;389,54;113,64;;;12.289;10.339;22.238562;1.5;5.0;0.2
2016-06-13;389,71;112,02;;;19.588999;13.089;11.119281;4.3;10.0;0.3
2016-06-14;390,70;111,95;;;20.239;12.639;9.585739;3.3;14.0;0.3
2016-06-15;389,21;112,36;;;19.039;11.938999;11.246759;11.2;11.0;0.0
2016-06-16;389,52;112,28;;;22.289;11.639;12.181624;6.8;8.0;0.0
2016-06-17;389,70;113,88;;;18.889;13.438999;18.792551;20.8;14.0;1.7
2016-06-20;392,88;115,65;;;21.939;11.389;14.587776;0.1;1.0;0.0
2016-06-21;389,71;114,59;;;22.739;14.589;17.731598;1.5000001;7.0;0.2
2016-06-22;393,80;116,65;;;25.239;14.289;10.636766;0.0;0.0;0.0
2016-06-23;395,26;118,02;;;30.439;15.639;15.0038395;0.0;0.0;0.0
2016-06-24;392,47;116,32;;;32.889;19.489;10.041354;0.0;0.0;0.0
2016-06-27;395,19;116,34;;;22.489;13.639;15.379206;0.0;0.0;0.0
2016-06-28;395,19;119,65;;;21.439;14.289;12.620554;0.6;4.0;0.0
2016-06-29;397,58;122,86;;;24.139;14.089;22.392464;5.4;5.0;0.0
2016-06-30;399,25;124,22;;;24.588999;13.738999;17.287498;0.2;1.0;0.0
2016-01-07;399,52;123,65;;;-0.56100005;-7.211;21.385939;0.0;3.0;0.0
2016-04-07;399,69;122,45;;;11.889;2.739;18.875126;0.0;0.0;0.0
2016-05-07;400,27;121,26;;;22.689;9.539;17.399586;0.0;0.0;0.0
2016-06-07;400,19;119,96;;;24.689;11.589;8.209263;0.0;0.0;0.0
2016-07-07;404,23;120,38;;;20.939;11.988999;20.65848;0.0;0.0;0.0
2016-08-07;404,70;123,08;;;23.939;13.389;15.876775;0.0;0.0;0.0
2016-11-07;404,41;122,22;;;6.239;-0.111;12.661564;0.90000004;5.0;0.0
2016-12-07;408,02;124,06;;;3.639;-0.56100005;19.107151;0.3;2.0;0.0
2016-07-13;408,68;124,67;;;21.439;15.289;12.413477;6.0000005;8.0;0.0
2016-07-14;409,52;125,93;;;18.439;14.539;23.34455;4.5;13.0;0.0
2016-07-15;412,41;126,82;;;18.588999;10.988999;26.405453;0.3;3.0;0.0
2016-07-18;411,06;126,52;;;21.139;14.539;19.826164;0.0;0.0;0.0
2016-07-19;412,39;126,62;;;23.389;14.139;15.484185;0.0;0.0;0.0
2016-07-20;413,77;127,35;;;26.139;16.489;11.966954;0.0;0.0;0.0
2016-07-21;414,18;126,12;;;27.838999;17.039;12.43434;0.0;0.0;0.0
2016-07-22;414,95;127,29;;;28.439;16.389;13.684735;0.0;0.0;0.0
2016-07-25;414,93;126,12;;;30.189;18.039;7.7043357;0.0;0.0;0.0
2016-07-26;417,01;127,49;;;27.939;18.939;14.799459;0.8;3.0;0.0
2016-07-27;418,58;128,20;;;27.189;16.939;14.168641;7.4;6.0;0.0
2016-07-28;420,46;127,68;;;25.039;16.789;12.429127;3.1999998;7.0;0.0
2016-07-29;420,84;129,93;;;25.088999;17.489;15.596767;1.2;2.0;0.7
2016-01-08;419,95;128,35;;;3.9390001;0.489;28.385262;0.8;3.0;0.19999999
2016-02-08;421,49;128,98;;;8.938999;4.639;29.568253;5.7999997;14.0;0.0
2016-03-08;421,26;130,10;;;7.039;-2.3109999;7.771331;0.1;1.0;0.0
2016-04-08;421,51;131,76;;;13.238999;1.9890001;12.641076;0.0;0.0;0.0
2016-05-08;421,25;133,10;;;22.189;9.889;21.9718;0.0;0.0;0.0
2016-08-08;421,83;133,28;;;26.989;16.789;21.829777;0.0;0.0;0.0
2016-09-08;421,24;134,28;;;29.189;14.688999;14.88242;0.0;0.0;0.0
2016-10-08;421,91;135,10;;;12.438999;7.589;16.87398;0.9000001;5.0;0.0
2016-11-08;423,93;135,10;;;5.139;0.439;14.277983;0.7;6.0;0.0
2016-12-08;422,39;132,54;;;8.738999;3.489;21.749481;0.0;0.0;0.0
2016-08-15;423,16;133,03;;;20.989;12.238999;14.021525;0.0;0.0;0.0
2016-08-16;423,66;133,02;;;20.989;10.039;17.057314;1.6000001;5.0;0.0
2016-08-17;423,22;131,84;;;21.039;9.039;8.209263;0.0;0.0;0.0
2016-08-18;423,83;130,85;;;21.039;12.938999;13.441071;0.2;1.0;0.0
2016-08-19;425,57;132,58;;;25.588999;12.389;9.387651;0.0;0.0;0.0
2016-08-22;424,15;132,42;;;23.239;14.339;14.77755;0.4;2.0;0.0
2016-08-23;424,23;131,26;;;23.639;15.539;18.129137;0.1;1.0;0.0
2016-08-24;422,99;131,20;;;27.189;14.688999;11.384198;0.0;0.0;0.0
2016-08-25;426,15;132,02;;;29.189;16.689;16.563911;0.0;0.0;0.0
2016-08-26;422,66;129,25;;;32.689003;17.838999;14.561099;0.0;0.0;0.0
2016-08-29;424,65;131,35;;;24.189;14.589;22.81957;0.5;3.0;0.0
2016-08-30;423,02;130,36;;;22.689;13.188999;13.513193;0.0;0.0;0.0
2016-08-31;422,11;130,97;;;25.789;12.988999;12.594856;0.0;0.0;0.0
2016-01-09;422,95;130,22;;;3.639;-3.011;12.096214;0.0;0.0;0.0
2016-02-09;424,93;130,79;;;9.289;5.039;34.01762;6.0;9.0;0.3
2016-05-09;424,95;129,64;;;23.088999;10.938999;20.12461;0.0;0.0;0.0
2016-06-09;426,65;132,95;;;20.389;14.289;16.279802;0.8;6.0;0.1
2016-08-09;424,40;132,17;;;20.289;11.988999;15.683776;0.1;1.0;0.0
2016-09-09;429,40;131,07;;;26.838999;15.488999;14.168641;0.0;0.0;0.0
2016-12-09;429,92;132,49;;;9.339;5.889;20.674158;0.0;0.0;0.0
2016-09-13;428,15;129,15;;;31.039;17.838999;16.45007;0.0;0.0;0.0
2016-09-14;428,65;128,41;;;28.789;17.588999;17.026896;0.0;0.0;0.0
2016-09-15;430,95;130,35;;;25.838999;15.938999;14.934577;0.0;0.0;0.0
2016-09-16;434,65;133,16;;;27.338999;14.889;12.181625;0.2;2.0;0.0
2016-09-19;435,55;133,11;;;18.939;11.539;13.783817;0.0;0.0;0.0
2016-09-20;438,53;134,85;;;18.239;11.039;7.729527;0.0;0.0;0.0
2016-09-21;440,47;137,09;;;18.739;11.488999;10.495713;0.5;4.0;0.0
2016-09-22;443,14;137,66;;;19.588999;9.889;7.9932966;0.0;0.0;0.0
2016-09-23;447,13;138,13;;;21.639;11.289;11.503113;0.0;0.0;0.0
2016-09-26;444,14;136,83;;;21.389;10.639;9.605998;0.0;0.0;0.0
2016-09-27;451,30;139,76;;;21.239;9.039;11.885453;0.0;0.0;0.0
2016-09-28;452,61;140,34;;;21.489;13.639;27.698952;0.0;0.0;0.0
2016-09-29;456,29;140,10;;;24.789;16.389;24.063513;0.0;0.0;0.0
2016-09-30;459,63;141,38;;;20.588999;11.589;18.25026;0.0;0.0;0.0
2016-03-10;458,12;143,16;;;8.238999;0.73899996;15.978486;0.0;0.0;0.0
2016-04-10;461,26;141,71;;;9.938999;5.089;11.246759;1.4000001;7.0;0.0
2016-05-10;467,12;145,02;;;22.889;11.789;19.829433;0.0;0.0;0.0
2016-06-10;468,37;145,28;;;20.989;12.339;22.553934;0.0;0.0;0.0
2016-07-10;473,37;147,24;;;29.639;17.739;16.58346;0.2;1.0;0.0
2016-10-10;473,51;147,79;;;11.738999;4.139;7.9932976;0.0;0.0;0.0
2016-11-10;483,24;151,11;;;3.489;-0.211;13.722565;0.0;0.0;0.0
2016-10-13;487,93;153,49;;;7.589;6.289;18.416384;0.3;2.0;0.2
2016-10-14;495,10;154,57;;;12.589;4.739;24.36325;0.0;0.0;0.0
2016-10-17;499,10;155,77;;;12.938999;6.989;16.279802;0.0;0.0;0.0
2016-10-18;507,09;159,41;;;13.938999;8.539;10.24578;1.4000001;7.0;0.0
2016-10-19;512,36;161,63;;;10.539;7.489;14.113652;10.599999;14.0;0.2
2016-10-20;518,58;165,26;;;10.139;5.589;10.495713;3.3000002;14.0;0.0
2016-10-21;522,91;165,22;;;9.389;4.289;11.592894;2.1000001;9.0;0.3
2016-10-24;526,07;168,67;;;11.188999;4.089;9.793059;7.7000003;13.0;0.0
2016-10-25;529,11;170,24;;;10.039;3.639;8.759178;2.1;6.0;0.2
2016-10-26;531,57;169,13;;;7.589;3.9390001;8.311245;0.2;1.0;0.0
2016-10-27;533,21;169,11;;;11.139;6.439;16.595179;0.0;0.0;0.0
2016-10-28;534,57;167,21;;;12.738999;8.738999;21.398056;1.3000001;5.0;0.0
2016-10-31;538,93;169,21;;;10.039;2.639;11.659777;0.1;1.0;0.0
2016-01-11;536,83;165,69;;;4.039;1.189;12.287555;4.4;9.0;1.1
2016-03-11;540,06;166,89;;;5.539;1.639;13.1041975;0.0;0.0;0.0
2016-04-11;546,37;169,68;;;14.089;5.539;14.081478;0.4;2.0;0.0
2016-07-11;546,33;170,46;;;28.588999;17.539;20.364674;0.2;1.0;0.0
2016-08-11;544,51;171,66;;;18.389;10.089;18.416384;0.5;3.0;0.0
2016-09-11;545,87;169,84;;;28.838999;16.889;14.529915;0.0;0.0;0.0
2016-10-11;547,63;162,84;;;9.389;6.689;15.778518;3.3;14.0;0.1
2016-11-11;550,63;161,57;;;3.6890001;-0.261;13.979872;0.0;0.0;0.0
2016-11-14;552,28;160,50;;;3.339;-3.761;15.509274;0.0;0.0;0.0
2016-11-16;550,89;160,70;;;9.438999;6.739;19.107151;0.70000005;2.0;0.0
2016-11-17;549,11;160,61;;;10.039;8.438999;22.027763;5.7;15.0;0.1
2016-11-18;536,36;158,64;;;13.988999;6.639;29.644857;4.2999997;4.0;0.0
2016-11-21;519,53;154,99;;;11.039;6.889;16.78156;0.0;0.0;0.0
2016-11-22;511,54;152,33;;;11.289;3.139;11.4862;0.0;0.0;0.0
2016-11-23;484,56;142,98;;;8.139;2.739;9.746631;0.1;1.0;0.0
2016-11-24;469,90;138,65;;;7.339;-1.111;12.904882;0.0;0.0;0.0
2016-11-25;470,15;137,75;;;2.6890001;-0.961;7.928177;0.0;0.0;0.0
2016-11-28;473,37;139,93;;;2.589;-4.161;16.92383;0.0;0.0;0.0
2016-11-29;473,03;139,25;;;1.139;-4.011;17.31746;0.0;0.0;0.0
2016-11-30;477,34;140,97;;;4.639;-1.661;26.302181;3.4;11.0;0.0
2016-01-12;475,75;137,06;;;3.489;0.439;14.168641;4.7;17.0;0.2
2016-02-12;478,50;138,13;;;5.289;-2.761;13.207634;0.0;0.0;0.0
2016-05-12;477,14;139,19;;;22.989;12.889;19.862083;1.4;3.0;0.0
2016-06-12;481,90;141,44;;;21.088999;13.039;14.264361;0.3;2.0;0.0
2016-07-12;483,15;141,56;;;25.588999;15.988999;16.394829;0.0;0.0;0.0
2016-08-12;489,56;144,67;;;19.088999;13.688999;13.584932;0.3;2.0;0.0
2016-09-12;489,13;145,27;;;30.989;17.088999;11.874544;0.0;0.0;0.0
2016-12-12;491,06;146,76;;;6.089;-2.511;17.339897;1.0;4.0;0.5
2016-12-13;490,47;147,55;;;4.239;-0.911;10.853866;0.3;2.0;0.0
2016-12-14;490,41;146,79;;;4.889;-1.911;11.304229;0.3;2.0;0.2
2016-12-15;491,25;145,64;;;2.239;-1.461;13.044722;0.0;0.0;0.0
2016-12-16;486,46;143,46;;;2.339;-3.611;12.218805;0.0;0.0;0.0
2016-12-19;486,81;144,37;;;4.489;0.539;8.225035;0.0;0.0;0.0
2016-12-20;486,78;145,44;;;1.689;-1.361;15.463246;0.0;0.0;0.0
2016-12-21;490,69;147,44;;;2.239;-2.261;13.584932;0.0;0.0;0.0
2016-12-22;490,14;148,66;;;2.1890001;-1.411;13.849477;1.1;3.0;0.0
2016-12-23;491,01;150,11;;;4.189;0.639;20.63023;0.0;0.0;0.0
2016-12-26;493,15;150,53;;;9.839;4.889;35.705395;2.0;5.0;0.0
2016-12-27;490,83;149,83;;;7.289;4.589;36.424103;1.4000001;8.0;0.0
2016-12-28;492,44;150,04;;;6.339;4.989;16.199999;1.2;7.0;0.0
2016-12-29;493,13;151,78;;;5.089;-2.261;11.720751;0.0;0.0;0.0
2017-02-01;490,67;149,37;;;0.6585;-4.8915;12.229406;0.0;0.0;0.0
2017-03-01;491,84;151,01;;;7.2584996;1.0085;23.068108;1.8000001;6.0;0.0
2017-04-01;493,44;153,15;;;21.008501;6.8085;16.263872;1.4;2.0;0.0
2017-05-01;493,55;154,33;;;15.4585;4.7085;31.435646;0.0;0.0;0.0
2017-06-01;498,66;154,77;;;21.2085;8.658501;17.31746;0.0;0.0;0.0
2017-09-01;499,12;156,22;;;17.7085;11.2585;11.298495;0.3;3.0;0.0
2017-10-01;499,57;156,41;;;13.9585;10.8585005;13.202726;0.2;2.0;0.0
2017-11-01;499,12;156,76;;;10.7585;8.2085;20.265795;5.8;12.0;0.0
2017-12-01;501,84;158,26;;;3.3585;-0.49150002;13.358861;0.5;5.0;0.0
2017-01-13;504,54;157,03;;;2.6585;-3.1415;25.96995;4.2;15.0;0.0
2017-01-16;506,21;156,43;;;-0.7415;-10.591499;14.05845;0.0;0.0;0.0
2017-01-17;508,29;158,35;;;-0.9415;-10.591499;13.358861;0.0;0.0;0.0
2017-01-18;508,32;157,91;;;-2.6415;-5.9915004;9.290511;0.0;0.0;0.0
2017-01-19;507,04;158,60;;;-1.3915;-3.9415;11.246759;0.0;0.0;0.0
2017-01-20;502,05;157,98;;;1.5085001;-1.2414999;10.703569;0.1;1.0;0.0
2017-01-23;491,22;155,11;;;-1.7414999;-6.8915;10.495713;0.0;2.0;0.0
2017-01-24;491,06;154,96;;;1.0085;-2.5414999;10.086427;0.0;0.0;0.0
2017-01-25;489,14;154,35;;;1.6585001;-1.0914999;9.0;0.0;4.0;0.0
2017-01-26;481,84;151,57;;;2.5085;-3.0414999;15.7908325;0.0;0.0;0.0
2017-01-27;482,07;152,89;;;3.0585;-5.0915003;15.277749;0.0;0.0;0.0
2017-01-30;480,68;154,21;;;2.8085;-1.8414999;20.26899;3.6;16.0;0.0
2017-01-31;474,08;150,64;;;0.8585;-4.2415004;15.141414;0.2;3.0;0.0
2017-01-02;471,58;149,76;;;3.0085;-2.1915;21.349546;0.29999995;10.0;0.0
2017-02-02;468,47;150,25;;;1.1585001;-4.9915004;14.05845;0.0;0.0;0.0
2017-03-02;467,92;150,26;;;7.2584996;3.5085;35.016357;7.100001;17.0;0.1
2017-06-02;464,70;148,75;;;24.258501;9.4585;14.986553;0.0;0.0;0.0
2017-07-02;459,73;147,26;;;18.3085;11.1085005;25.20257;0.5;4.0;0.0
2017-08-02;456,82;146,60;;;24.1085;18.3085;9.693296;0.8;4.0;0.0
2017-09-02;461,26;147,37;;;19.4585;10.6085005;18.64369;0.3;2.0;0.0
2017-10-02;456,27;146,85;;;16.0085;10.408501;24.693481;8.0;13.0;0.0
2017-02-13;458,97;147,53;;;1.6585001;-6.2415004;14.264361;0.0;0.0;0.0
2017-02-14;454,60;146,79;;;4.0085;-5.9915004;11.090103;0.0;0.0;0.0
2017-02-15;443,61;144,69;;;9.408501;-4.6415;11.435313;0.0;0.0;0.0
2017-02-16;439,16;142,72;;;10.9585;-1.9914999;12.522619;1.9000001;6.0;0.0
2017-02-17;433,51;140,20;;;6.6584997;2.1585;22.68;4.2;13.0;0.0
2017-02-20;430,73;139,62;;;9.158501;4.4585;31.863558;3.6999998;10.0;0.0
2017-02-21;431,62;139,77;;;9.5585;3.0585;30.29566;2.8000002;4.0;0.0
2017-02-22;432,12;140,80;;;10.408501;3.9585001;36.429436;7.4;16.0;0.0
2017-02-23;433,71;141,74;;;8.3085;5.3085;37.363766;7.9999995;15.0;0.0
2017-02-24;434,06;139,57;;;5.8585;-0.19150001;40.076588;1.3000001;8.0;0.1
2017-01-03;429,62;138,86;;;4.2584996;0.8585;38.886665;6.7;16.0;0.0
2017-02-03;433,12;137,63;;;3.6585;-1.9415;16.08761;1.4000002;9.0;0.0
2017-03-03;434,05;139,34;;;10.5085;1.2585001;19.191748;0.0;0.0;0.0
2017-06-03;437,60;140,03;;;24.3585;11.9585;17.974781;6.3999996;12.0;0.0
2017-07-03;438,77;140,86;;;20.5585;10.7585;19.803272;1.8;3.0;0.0
2017-08-03;441,42;139,65;;;26.8085;17.8085;22.89611;5.0;6.0;0.0
2017-09-03;441,52;138,28;;;18.7085;9.7085;14.039999;0.2;2.0;0.0
2017-10-03;443,49;141,24;;;15.5585;11.158501;20.674158;1.9000001;5.0;0.5
2017-03-13;446,26;141,58;;;8.5085;-0.99149996;11.753877;0.1;1.0;0.0
2017-03-14;447,32;140,84;;;10.4585;1.5085001;17.902534;0.1;1.0;0.0
2017-03-15;447,93;143,84;;;11.908501;3.6585;23.068108;0.6;5.0;0.1
2017-03-16;450,96;144,58;;;12.1085005;3.1585;17.373497;0.0;0.0;0.0
2017-03-17;451,68;145,75;;;9.908501;4.4084997;23.177402;0.7;3.0;0.0
2017-03-20;452,78;147,53;;;11.658501;9.3085;23.469128;3.2;11.0;0.0
2017-03-21;450,60;146,11;;;12.8085;2.6085;22.476227;4.0;10.0;0.0
2017-03-22;453,23;146,44;;;10.0085;1.0585;15.84;0.0;0.0;0.0
2017-03-23;453,69;144,67;;;7.7085;1.8585;17.57744;2.4999998;8.0;0.0
2017-03-24;454,10;146,15;;;12.3085;0.5085;11.792404;0.0;0.0;0.0
2017-03-27;450,96;144,03;;;15.2085;0.3085;11.298495;0.0;0.0;0.0
2017-03-28;448,24;142,71;;;18.7085;2.6085;14.440443;0.0;0.0;0.0
2017-03-29;447,33;143,47;;;14.8585005;6.4585;30.608469;1.4000001;8.0;0.0
2017-03-30;441,43;140,72;;;16.3085;9.3085;14.561099;0.8000001;4.0;0.1
2017-03-31;438,37;140,19;;;20.9585;8.3085;17.339897;0.0;0.0;0.0
2017-03-04;436,89;140,39;;;15.0085;2.6585;17.906157;0.2;1.0;0.0
2017-04-04;432,12;139,48;;;12.5585;5.2085;15.072783;0.1;1.0;0.0
2017-05-04;426,71;137,47;;;9.8585005;8.158501;19.652176;5.6000004;18.0;0.3
2017-06-04;423,13;134,54;;;17.0585;11.158501;25.478743;10.6;13.0;0.9
2017-07-04;418,44;132,67;;;19.258501;11.3085;22.35481;0.2;2.0;0.0
2017-10-04;417,13;133,06;;;14.0585;10.158501;30.222849;0.5;3.0;0.0
2017-11-04;415,05;131,76;;;11.5585;4.6584997;15.844089;0.0;0.0;0.0
2017-12-04;413,39;131,32;;;4.6584997;0.4585;23.441502;1.4000001;5.0;0.0
2017-04-13;414,64;131,84;;;11.8085;4.6085;28.696312;1.5;5.0;0.0
2017-04-17;411,45;132,60;;;8.908501;1.8085;18.388212;4.8999996;10.0;0.0
2017-04-18;407,82;130,71;;;8.5585;-0.49150002;25.478743;1.0000001;7.0;0.1
2017-04-19;410,89;130,86;;;6.1085;-1.7414999;24.014996;0.90000004;4.0;0.0
2017-04-20;409,64;129,84;;;8.2085;-2.3415;14.88242;0.0;0.0;0.0
2017-04-24;394,42;125,93;;;12.4585;1.3085;26.66188;0.0;0.0;0.0
2017-04-25;390,11;123,76;;;10.5585;1.7585001;26.944744;0.9000001;8.0;0.2
2017-04-26;392,98;123,77;;;10.658501;0.0585;9.83268;0.90000004;5.0;0.0
2017-04-27;397,83;125,30;;;11.0585;-0.5915;13.237039;0.2;2.0;0.0
2017-04-28;391,10;123,26;;;11.5585;1.3585;13.627795;0.6;5.0;0.0
2017-02-05;398,41;126,32;;;3.3085;-0.2915;16.311613;0.2;3.0;0.0
2017-03-05;395,77;125,40;;;11.3085;2.4585001;24.72495;0.3;3.0;0.1
2017-04-05;400,09;125,62;;;13.8585005;5.5084996;23.113008;0.70000005;4.0;0.0
2017-05-05;399,10;125,74;;;12.8585005;8.5585;9.360001;0.1;1.0;0.0
2017-08-05;404,65;126,57;;;22.3085;15.5085;18.25026;3.2;7.0;0.0
2017-09-05;407,11;127,90;;;21.9085;9.7585;16.641972;0.6;3.0;0.0
2017-10-05;403,21;127,40;;;14.4585;7.9084997;60.15879;13.700002;15.0;0.1
2017-11-05;406,22;128,88;;;12.9585;7.0084996;20.88;7.1000004;10.0;0.0
2017-12-05;406,90;130,17;;;7.1085;4.6085;27.359999;1.4000001;8.0;0.3
2017-05-15;407,34;131,06;;;19.1585;9.4585;16.418526;0.2;2.0;0.0
2017-05-16;404,98;130,72;;;17.3085;8.7085;10.514218;1.9;6.0;0.0
2017-05-17;405,87;130,04;;;24.1585;13.8585005;15.580141;0.0;0.0;0.0
2017-05-18;409,14;120,98;;;25.8085;14.0585;18.0;0.0;0.0;0.0
2017-05-19;412,08;126,40;;;27.6585;14.5085;28.054604;0.0;0.0;0.0
2017-05-22;413,65;126,15;;;20.4585;9.7585;10.823973;0.0;0.0;0.0
2017-05-23;410,06;125,67;;;23.4585;10.5585;25.20257;0.6;4.0;0.0
2017-05-24;411,56;125,51;;;16.0585;9.8085;27.871534;0.6;4.0;0.0
2017-05-25;413,79;125,81;;;17.4085;9.5585;19.881649;0.0;0.0;0.0
2017-05-26;419,18;128,31;;;22.4585;11.5585;17.31746;0.0;0.0;0.0
2017-05-29;418,19;127,89;;;28.4085;16.1085;14.24163;0.2;1.0;0.0
2017-05-30;421,34;129,16;;;28.3585;16.6085;16.58346;2.0;6.0;0.0
2017-05-31;425,32;131,39;;;22.8085;9.9585;29.522196;0.5;5.0;0.1
2017-01-06;424,96;130,84;;;-3.3415;-8.9415;13.779114;0.0;0.0;0.0
2017-02-06;427,74;131,57;;;-0.6415;-2.6415;15.844089;0.0;0.0;0.0
2017-05-06;427,55;130,03;;;16.0585;7.8085;14.904173;0.1;1.0;0.0
2017-06-06;428,64;130,72;;;24.4085;12.8585005;19.602652;2.4;8.0;0.0
2017-07-06;425,97;129,99;;;22.7085;12.0085;12.096214;0.1;1.0;0.0
2017-08-06;426,54;130,72;;;20.758501;11.8085;21.659918;0.0;0.0;0.0
2017-09-06;419,56;127,84;;;20.2085;12.8085;27.0024;6.7999997;10.0;0.1
2017-12-06;422,09;127,40;;;6.8085;5.4084997;29.427662;1.3000001;8.0;0.1
2017-06-13;418,55;126,64;;;19.2085;11.658501;30.955812;0.6;4.0;0.0
2017-06-14;416,64;126,68;;;20.6585;11.0585;18.335276;0.0;0.0;0.0
2017-06-16;415,18;126,27;;;20.4585;13.3085;29.749592;4.4;6.0;0.0
2017-06-19;417,46;126,93;;;29.5585;15.8585005;9.659814;0.0;0.0;0.0
2017-06-20;409,97;122,97;;;27.9585;12.908501;21.862406;0.5;2.0;0.0
2017-06-21;407,64;122,41;;;22.9585;12.2585;13.479583;0.0;0.0;0.0
2017-06-22;399,87;120,01;;;27.0585;14.0085;20.390114;33.7;10.0;0.0
2017-06-23;401,27;120,18;;;22.6085;16.758501;32.136932;2.6000001;6.0;1.2
2017-06-26;402,48;121,93;;;19.9585;10.3585005;22.148045;1.9000001;5.0;0.0
2017-06-27;402,64;121,35;;;21.2085;9.7085;15.379206;0.0;0.0;0.0
2017-06-28;402,92;122,65;;;25.4585;13.408501;21.841648;3.7999997;7.0;0.0
2017-06-29;409,36;123,93;;;19.758501;15.2085;30.855171;114.7;20.0;0.0
2017-06-30;407,17;122,94;;;18.1085;14.3085;31.205997;20.5;17.0;2.7
2017-03-07;411,78;124,78;;;4.4585;1.9085001;17.377226;0.8000001;4.0;0.2
2017-04-07;415,45;125,59;;;11.2085;6.8585;28.185955;1.5;4.0;0.1
2017-05-07;412,74;125,30;;;16.4585;5.7584996;14.618837;0.0;0.0;0.0
2017-06-07;415,80;126,04;;;18.258501;11.908501;28.510544;1.8000001;5.0;0.0
2017-07-07;412,06;125,47;;;25.5585;16.4085;14.05845;7.7000003;8.0;0.0
2017-10-07;407,92;125,13;;;11.9585;9.0585;27.288855;7.1000004;16.0;0.0
2017-11-07;406,83;125,03;;;8.6085005;1.8585;17.057314;0.3;3.0;0.0
2017-12-07;408,19;127,32;;;6.3085;3.6585;24.967497;4.8;6.0;0.0
2017-07-13;408,39;127,15;;;18.6085;10.908501;28.082308;0.0;0.0;0.0
2017-07-14;410,11;128,93;;;19.6585;11.9585;8.854829;0.0;0.0;0.0
2017-07-17;409,81;128,79;;;22.1585;11.4585;17.25373;0.0;0.0;0.0
2017-07-18;410,06;129,97;;;22.6085;11.3085;13.779114;0.0;0.0;0.0
2017-07-19;411,48;130,79;;;26.6585;14.1085005;14.77755;0.3;2.0;0.0
2017-07-20;411,83;131,57;;;27.3085;17.8585;13.684735;2.8;4.0;0.0
2017-07-21;413,05;131,63;;;24.6585;18.008501;16.516901;0.4;2.0;0.0
2017-07-24;411,65;130,81;;;23.6085;13.4585;18.64369;14.6;8.0;0.0
2017-07-25;411,90;129,98;;;16.9585;14.7085;16.746773;16.3;14.0;3.1
2017-07-26;414,06;131,87;;;17.008501;14.8585005;26.405453;9.299999;20.0;1.1
2017-07-27;415,26;131,54;;;22.508501;14.0085;17.902534;1.1;4.0;0.0
2017-07-28;415,56;132,64;;;21.4585;14.658501;22.33161;0.3;3.0;0.1
2017-07-31;414,74;133,10;;;26.758501;17.508501;13.202726;0.2;1.0;0.0
2017-01-08;415,10;132,96;;;-1.2915;-4.9915004;9.007196;0.0;1.0;0.0
2017-02-08;415,46;133,07;;;-2.3915;-5.9915004;15.034041;0.0;0.0;0.0
2017-03-08;416,72;133,82;;;9.5585;1.4085001;22.366402;4.4999995;8.0;0.0
2017-04-08;416,39;133,25;;;13.1085005;6.8585;16.904673;0.0;0.0;0.0
2017-07-08;416,65;133,41;;;23.2085;14.6085005;19.592731;0.0;0.0;0.0
2017-08-08;415,89;133,13;;;26.4085;14.2085;23.263912;1.1;3.0;0.0
2017-09-08;410,41;130,33;;;17.258501;12.0585;23.993399;3.2999997;16.0;0.0
2017-10-08;410,20;129,48;;;13.2585;5.7584996;23.219301;1.6000001;5.0;0.0
2017-11-08;408,95;129,01;;;9.0085;5.2584996;19.164719;0.0;0.0;0.0
2017-08-14;410,02;128,49;;;22.508501;13.2585;14.386494;0.3;3.0;0.0
2017-08-15;410,47;129,24;;;26.3585;15.2085;20.969807;0.0;0.0;0.0
2017-08-16;407,95;129,47;;;20.8085;16.1085;13.779114;11.400002;11.0;0.0
2017-08-17;407,15;128,08;;;25.3585;15.7585;17.992796;0.70000005;3.0;0.0
2017-08-18;407,03;129,42;;;25.4585;15.908501;18.671474;7.7999997;11.0;0.0
2017-08-21;406,82;128,41;;;19.008501;12.0585;24.50381;0.1;1.0;0.0
2017-08-22;410,96;129,76;;;17.6085;9.5585;20.87379;0.2;2.0;0.0
2017-08-23;410,10;130,73;;;20.2085;10.3085;10.041354;0.2;2.0;0.0
2017-08-24;408,93;130,07;;;22.1585;9.6085005;16.039202;0.4;4.0;0.0
2017-08-25;409,80;129,97;;;21.9585;12.7585;18.782204;0.4;3.0;0.0
2017-08-28;409,57;129,57;;;21.9085;12.0585;8.404285;0.1;1.0;0.0
2017-08-29;409,15;129,44;;;25.5585;12.7585;16.73516;0.0;0.0;0.0
2017-08-30;407,26;128,92;;;29.3085;14.908501;19.483284;0.0;0.0;0.0
2017-08-31;406,93;129,18;;;25.3585;14.0585;21.599998;1.3000001;8.0;0.1
2017-01-09;406,32;129,28;;;-0.041500002;-2.9415;18.214718;0.0;1.0;0.0
2017-04-09;404,24;128,94;;;16.6085;6.3085;9.422101;0.0;0.0;0.0
2017-05-09;401,49;128,77;;;9.408501;0.0585;16.039202;1.9000001;7.0;0.0
2017-06-09;397,91;128,23;;;27.8085;13.7585;21.647945;3.5;5.0;0.0
2017-08-09;394,58;127,61;;;25.6085;17.6085;15.188415;1.4000001;3.0;1.1
2017-11-09;395,58;127,61;;;7.5084996;5.1584997;17.974781;0.4;2.0;0.0
2017-12-09;396,22;126,63;;;2.7585;0.3585;24.251284;0.0;5.0;0.0
2017-09-13;396,08;126,50;;;18.0585;10.0085;34.62369;2.0;7.0;0.0
2017-09-14;397,25;127,49;;;14.908501;10.8585005;26.7565;1.3000001;9.0;0.0
2017-09-15;402,21;129,12;;;16.3585;8.408501;27.397867;0.1;1.0;0.0
2017-09-18;406,90;129,92;;;16.3585;7.1584997;11.269782;0.70000005;5.0;0.0
2017-09-19;406,79;129,59;;;16.508501;6.6085;11.252519;0.1;1.0;0.0
2017-09-20;405,67;129,52;;;16.3585;8.3085;15.2947035;0.5;3.0;0.0
2017-09-21;406,97;129,44;;;16.9585;9.158501;11.304229;0.1;1.0;0.0
2017-09-22;403,30;129,01;;;17.2085;7.9585;10.296251;0.0;0.0;0.0
2017-09-25;401,49;127,22;;;16.1585;11.7585;14.689589;3.1;8.0;0.1
2017-09-26;399,73;126,14;;;18.0585;11.7585;20.008356;3.0;7.0;0.0
2017-09-27;397,31;124,51;;;18.758501;11.908501;19.211996;0.70000005;5.0;0.0
2017-09-28;393,78;123,79;;;19.0585;12.3085;19.592731;0.1;1.0;0.1
2017-09-29;396,28;125,13;;;19.9085;10.6085005;18.998316;0.0;0.0;0.0
2017-02-10;394,08;124,95;;;1.0585;-5.6915;20.523155;0.0;0.0;0.0
2017-03-10;394,58;125,42;;;8.8085;2.0585;26.089443;0.5;4.0;0.1
2017-04-10;393,47;125,71;;;18.258501;5.8085;27.459293;0.0;0.0;0.0
2017-05-10;390,70;123,87;;;11.5085;3.3085;19.245697;0.5;5.0;0.0
2017-06-10;392,08;124,20;;;21.508501;13.408501;14.372974;0.3;3.0;0.0
2017-09-10;390,89;122,69;;;19.258501;12.2085;14.658676;0.1;1.0;0.0
2017-10-10;390,95;122,98;;;13.658501;9.408501;23.241617;1.4000001;11.0;0.0
2017-11-10;385,37;121,72;;;8.4585;4.5585;27.567635;5.1999993;17.0;0.2
2017-10-13;383,88;121,83;;;15.408501;9.5085;18.751125;0.0;0.0;0.0
2017-10-16;383,10;120,89;;;21.3085;11.0585;13.324863;0.0;0.0;0.0
2017-10-17;377,97;119,31;;;20.9585;10.4585;12.413476;0.0;0.0;0.0
2017-10-18;377,51;119,28;;;17.758501;9.0585;8.647496;0.0;0.0;0.0
2017-10-19;378,01;119,06;;;15.408501;8.2585;14.512064;0.0;0.0;0.0
2017-10-20;378,94;118,90;;;18.258501;10.2585;13.708391;1.9000001;4.0;0.0
2017-10-23;377,42;117,03;;;11.5085;6.5084996;16.09969;0.1;1.0;0.0
2017-10-24;372,86;114,44;;;13.2085;7.1085;16.418526;6.0;10.0;0.0
2017-10-25;372,74;114,94;;;17.0585;10.8585005;29.620802;3.2999997;8.0;1.2
2017-10-26;374,61;114,35;;;14.8585005;10.3585005;21.316135;0.2;2.0;0.0
2017-10-27;374,72;115,48;;;11.908501;9.5585;31.765793;0.5;5.0;0.0
2017-10-30;374,61;114,24;;;8.6085005;2.9585001;29.05983;0.2;2.0;0.0
2017-10-31;372,71;113,80;;;8.6085005;5.2584996;21.068459;0.5;5.0;0.0
2017-01-11;369,84;113,24;;;3.0585;-6.4915004;35.821354;0.6000001;8.0;0.0
2017-03-11;365,51;110,76;;;8.2085;-0.09150001;12.261158;0.0;0.0;0.0
2017-06-11;362,35;111,15;;;27.4085;14.658501;14.48972;1.5;4.0;0.0
2017-07-11;357,90;109,08;;;22.7085;15.5085;14.458382;0.2;1.0;0.0
2017-08-11;357,04;109,56;;;21.0585;14.2585;22.691423;3.8999999;9.0;0.9
2017-09-11;356,63;109,56;;;20.0585;12.158501;24.514387;0.1;1.0;0.0
2017-10-11;355,53;108,43;;;15.658501;12.9585;24.014996;1.5;7.0;0.2
2017-11-13;359,22;109,02;;;7.1584997;0.6585;17.826363;0.4;3.0;0.0
2017-11-14;360,29;108,98;;;6.5585;-0.3915;19.969458;1.0;4.0;0.0
2017-11-16;362,93;110,78;;;9.3085;4.2584996;12.074766;0.6;3.0;0.0
2017-11-17;365,12;112,00;;;8.158501;2.4585001;12.783802;0.90000004;3.0;0.3
2017-11-20;366,37;112,30;;;5.9084997;0.2085;23.770906;2.6999998;16.0;0.0
2017-11-21;365,06;112,33;;;8.3085;2.9585001;12.313894;6.5999994;21.0;0.3
2017-11-22;368,84;114,01;;;9.4585;5.0084996;19.406637;1.7000002;6.0;0.7
2017-11-23;372,21;115,56;;;12.8085;5.2584996;24.75638;0.0;0.0;0.0
2017-11-24;369,11;114,31;;;13.2585;3.7085001;26.826641;2.1000001;7.0;0.1
2017-11-27;372,79;115,85;;;5.2584996;1.9585;28.019936;4.1;12.0;0.0
2017-11-28;375,49;116,94;;;6.7085;1.1085;22.97522;0.2;2.0;0.0
2017-11-29;372,82;114,86;;;4.9585;-1.7915;11.792404;0.0;0.0;0.0
2017-11-30;372,17;113,57;;;3.2585;-1.1915;9.227524;0.1;1.0;0.0
2017-01-12;375,62;115,29;;;3.5585;0.3085;28.112288;0.5;5.0;0.0
2017-04-12;375,98;115,94;;;12.2585;6.1584997;29.070974;12.5;18.0;0.1
2017-05-12;375,80;116,35;;;21.508501;7.5585;18.430452;0.0;0.0;0.0
2017-06-12;373,44;115,22;;;22.2085;14.5085;31.1686;0.4;3.0;0.2
2017-07-12;368,79;112,16;;;19.6085;11.3085;26.260265;10.900001;13.0;0.0
2017-08-12;366,73;111,13;;;17.9085;13.8085;22.66857;1.2;4.0;0.0
2017-11-12;361,93;109,71;;;6.1085;2.1085;16.24394;1.7000003;8.0;0.0
2017-12-12;359,27;107,99;;;6.7085;1.4085001;35.43578;1.8000001;9.0;0.0
2017-12-13;358,00;108,13;;;3.5585;-0.7415;28.449112;2.3;6.0;0.0
2017-12-14;359,05;107,47;;;5.0084996;-0.3915;32.917862;2.6;7.0;0.6
2017-12-15;359,18;108,65;;;1.7585001;-0.8415;13.556282;1.2000002;9.0;0.0
2017-12-18;357,72;108,50;;;2.3585;-3.3915;11.808878;0.0;0.0;0.0
2017-12-19;357,00;108,15;;;2.8585;-0.09150001;13.75558;0.4;3.0;0.0
2017-12-20;356,18;108,23;;;4.5585;-0.1415;14.24163;0.6;4.0;0.0
2017-12-21;355,10;107,28;;;6.9585;2.9585001;17.654688;1.4000001;6.0;0.1
2017-12-22;354,09;106,33;;;6.3085;4.0585;21.868332;0.2;2.0;0.0
2017-12-26;357,92;107,91;;;9.0085;1.6085;27.80403;0.3;1.0;0.0
2017-12-27;356,02;107,53;;;5.2085;-0.24150002;19.881649;0.0;0.0;0.0
2017-12-28;356,02;107,59;;;3.9085;0.8085;20.163212;1.1;8.0;0.0
2018-02-01;355,24;108,97;;;5.7085;-0.1415;20.073025;0.0;0.0;0.0
2018-03-01;355,85;109,76;;;-4.9415;-11.5415;21.605999;0.0;0.0;0.0
2018-04-01;355,15;110,05;;;2.9585001;0.3585;33.851486;2.1000001;16.0;0.0
2018-05-01;354,35;109,67;;;14.408501;4.8085;29.268686;0.0;0.0;0.0
2018-08-01;351,32;108,63;;;31.8085;21.2085;17.782688;2.0;5.0;0.0
2018-09-01;351,90;108,34;;;22.6085;9.4585;18.416384;0.0;0.0;0.0
2018-10-01;348,83;108,07;;;14.0585;3.8085;19.469975;1.7;5.0;0.0
2018-11-01;338,33;104,94;;;13.7085;4.2584996;15.192682;0.0;0.0;0.0
2018-12-01;335,07;104,45;;;6.6085;1.1085;15.84409;0.0;0.0;0.0
2018-01-15;329,26;102,60;;;2.9085;-3.8915;31.1686;0.0;3.0;0.0
2018-01-16;326,96;101,26;;;5.6085;-0.09150001;28.808998;3.4;11.0;0.099999964
2018-01-17;318,38;99,03;;;2.0085;-1.0415;23.411074;0.39999998;10.0;0.0
2018-01-18;320,88;99,93;;;4.9084997;0.108500004;42.577515;6.4999995;13.0;0.0
2018-01-19;318,68;99,62;;;3.7585;-0.4415;16.862455;0.5;4.0;0.0
2018-01-22;316,38;98,62;;;1.7585001;-2.2415;20.421871;0.0;9.0;0.0
2018-01-23;316,48;97,62;;;5.5585;-3.7415;19.694992;1.3000001;5.0;0.0
2018-01-24;317,10;99,81;;;10.4585;6.0084996;25.189713;0.3;3.0;0.1
2018-01-25;316,48;100,82;;;10.1085005;6.3085;22.45315;4.0;11.0;0.0
2018-01-26;318,57;101,26;;;6.7085;5.2584996;13.584932;3.4;9.0;0.3
2018-01-29;316,76;100,05;;;10.0085;4.3585;34.268143;4.2000003;8.0;0.0
2018-01-30;315,46;99,29;;;6.0084996;0.95849997;30.652895;0.70000005;5.0;0.0
2018-01-31;317,13;99,51;;;8.3585005;0.6085;28.660158;5.4;14.0;0.0
2018-01-02;319,08;100,69;;;5.6584997;1.9585;20.364674;3.6000001;8.0;1.4
2018-02-02;316,08;98,41;;;4.9084997;-0.8415;21.437386;1.5000001;7.0;0.0
2018-05-02;318,76;98,23;;;14.408501;4.4585;17.283749;0.0;0.0;0.0
2018-06-02;318,22;98,22;;;24.7085;18.1085;17.917007;6.2999997;8.0;0.0
2018-07-02;320,18;97,67;;;22.9585;8.7085;17.22742;0.0;0.0;0.0
2018-08-02;320,68;97,71;;;31.008501;20.508501;17.25373;4.2999997;3.0;2.6
2018-09-02;320,08;96,76;;;23.5585;14.2585;21.578989;1.7;7.0;0.0
2018-02-14;322,67;99,90;;;3.8085;-5.1915;13.324863;0.0;0.0;0.0
2018-02-15;318,68;98,45;;;3.1085;-4.1415;23.617756;0.0;5.0;0.0
2018-02-16;318,68;99,00;;;6.4084997;-1.2915;22.68;0.0;0.0;0.0
2018-02-19;317,53;98,18;;;4.2085;-1.2915;9.826088;0.0;0.0;0.0
2018-02-20;319,59;98,24;;;3.5585;-3.1915;15.517629;0.0;0.0;0.0
2018-02-21;320,77;98,67;;;3.9085;-3.4415;14.291592;0.0;0.0;0.0
2018-02-22;319,83;98,53;;;2.0085;-2.7914999;10.137692;0.0;0.0;0.0
2018-02-23;320,79;98,98;;;-0.6415;-6.1915;15.696165;0.0;0.0;0.0
2018-02-26;319,43;98,68;;;-2.8915;-11.341499;23.185787;0.0;0.0;0.0
2018-02-27;318,76;98,17;;;-3.9415;-12.091499;18.947083;0.0;1.0;0.0
2018-02-28;314,52;97,13;;;-5.6415;-11.6915;20.721119;0.0;0.0;0.0
2018-01-03;313,35;96,24;;;8.3585005;3.0585;37.39324;14.6;18.0;0.0
2018-02-03;312,60;96,16;;;2.5585;-2.1915;16.489416;0.9000001;11.0;0.1
2018-05-03;307,96;94,85;;;19.3585;5.1584997;23.051247;0.0;0.0;0.0
2018-06-03;307,05;95,72;;;23.508501;16.8085;13.363711;0.7;6.0;0.0
2018-07-03;306,69;94,51;;;27.008501;11.0585;12.181624;0.0;0.0;0.0
2018-08-03;304,69;93,35;;;32.0085;20.6585;13.797913;0.0;0.0;0.0
2018-09-03;305,44;93,98;;;27.7085;16.9585;19.416653;0.0;0.0;0.0
2018-12-03;305,60;93,89;;;12.408501;7.4084997;20.991426;3.6999998;7.0;0.0
2018-03-13;303,25;92,91;;;10.908501;3.3585;21.370783;3.0999994;12.0;0.0
2018-03-14;305,87;93,71;;;4.5084996;0.3585;19.969458;1.3000002;11.0;0.0
2018-03-15;301,40;91,58;;;4.5084996;1.2085;28.1169;0.0;0.0;0.0
2018-03-16;304,36;92,96;;;1.0085;-4.1915;30.007679;0.0;14.0;0.0
2018-03-19;301,58;91,75;;;3.8585;-6.0415;18.94024;0.0;0.0;0.0
2018-03-20;301,92;91,27;;;3.6085;-5.6415;21.9718;0.0;5.0;0.0
2018-03-21;302,90;92,60;;;6.1584997;-5.2415004;17.771753;0.0;3.0;0.0
2018-03-22;304,42;92,19;;;3.4085;0.1585;24.567198;3.3999996;21.0;0.0
2018-03-23;302,70;91,34;;;3.9585001;0.4085;12.031756;0.2;2.0;0.0
2018-03-26;301,60;91,31;;;8.3085;-0.3415;14.512064;0.2;1.0;0.0
2018-03-27;309,14;92,84;;;7.0585;0.70849997;15.315873;0.7;4.0;0.0
2018-03-28;305,79;91,83;;;3.0085;1.1585001;26.999998;6.1999993;21.0;0.0
2018-03-29;308,39;93,42;;;8.4585;0.5085;31.786186;0.8;4.0;0.0
2018-02-04;307,19;92,58;;;1.9585;-4.6915;12.496718;0.0;3.0;0.0
2018-03-04;308,51;92,48;;;3.5585;-9.1915;20.3774;0.0;0.0;0.0
2018-04-04;314,89;94,36;;;19.4585;8.658501;19.734436;1.1;2.0;0.0
2018-05-04;314,84;94,18;;;16.9085;4.7584996;14.84318;0.0;0.0;0.0
2018-06-04;316,53;93,93;;;24.8085;15.3085;15.530151;0.1;1.0;0.0
2018-09-04;317,88;93,47;;;25.3085;15.2085;15.986593;0.0;0.0;0.0
2018-10-04;317,18;93,13;;;14.3585005;8.658501;19.66536;0.0;0.0;0.0
2018-11-04;317,94;94,09;;;11.408501;6.3585;17.654686;0.0;0.0;0.0
2018-12-04;319,35;93,87;;;9.2585;1.2585001;25.96496;0.3;3.0;0.0
2018-04-13;319,32;93,29;;;20.6585;10.0585;25.812277;1.7000002;8.0;0.0
2018-04-16;320,51;93,66;;;14.5585;7.7085;11.983188;2.1000001;12.0;0.0
2018-04-17;321,49;94,45;;;17.9585;6.8085;14.332341;0.0;0.0;0.0
2018-04-18;321,51;95,18;;;22.2085;6.2584996;10.661107;0.0;0.0;0.0
2018-04-19;322,59;95,19;;;22.7085;8.658501;10.009036;0.0;0.0;0.0
2018-04-20;323,59;94,84;;;25.5585;10.7085;14.693999;0.0;0.0;0.0
2018-04-23;324,83;94,21;;;20.758501;9.0085;23.936617;0.7;1.0;0.0
2018-04-24;326,37;94,08;;;16.3085;9.2085;25.620771;2.1;6.0;0.0
2018-04-25;325,77;93,43;;;16.3585;7.6584997;34.569374;1.3000001;8.0;0.2
2018-04-26;326,35;93,81;;;12.9585;5.5585;26.944744;3.4999998;10.0;0.0
2018-04-27;327,43;94,58;;;14.9585;4.9084997;15.84409;0.1;1.0;0.0
2018-04-30;326,93;93,25;;;22.8085;9.6085005;32.048088;0.3;2.0;0.0
2018-02-05;329,28;92,81;;;1.1085;-6.8415003;11.885453;0.0;1.0;0.0
2018-03-05;331,88;94,12;;;9.2085;-3.1415;14.773164;0.2;2.0;0.0
2018-04-05;330,59;93,86;;;14.5085;2.0085;27.852928;0.6;6.0;0.0
2018-07-05;329,83;92,81;;;30.1585;15.408501;18.03237;0.0;0.0;0.0
2018-08-05;326,95;91,56;;;25.8585;17.1585;28.739187;0.3;1.0;0.3
2018-09-05;327,10;90,76;;;24.008501;15.5085;17.429354;0.4;4.0;0.0
2018-10-05;326,88;92,18;;;19.5585;9.3085;13.797913;0.0;0.0;0.0
2018-11-05;326,18;90,53;;;16.0585;8.658501;19.346441;0.0;0.0;0.0
2018-05-14;326,38;90,04;;;23.6085;11.908501;24.490587;0.0;0.0;0.0
2018-05-15;326,97;89,29;;;21.6085;11.5085;23.686249;3.6000001;7.0;0.0
2018-05-16;329,37;89,55;;;20.758501;11.5085;19.93048;0.2;2.0;0.0
2018-05-17;331,95;89,59;;;21.8085;9.8085;24.627789;0.2;1.0;0.0
2018-05-18;334,17;89,28;;;17.3085;9.4585;15.844089;0.0;0.0;0.0
2018-05-21;333,09;90,34;;;23.1585;10.6085005;27.238941;0.0;0.0;0.0
2018-05-22;336,60;92,47;;;23.2085;12.408501;16.92383;0.0;0.0;0.0
2018-05-23;331,38;91,36;;;23.9585;12.2585;19.734436;0.0;0.0;0.0
2018-05-24;333,95;91,59;;;25.1585;14.3085;25.922499;0.0;0.0;0.0
2018-05-25;331,51;90,26;;;25.508501;14.8085;23.042812;0.0;0.0;0.0
2018-05-28;333,78;89,32;;;29.8585;17.9585;18.792551;0.0;0.0;0.0
2018-05-29;333,93;89,14;;;30.7085;19.508501;21.626984;0.0;0.0;0.0
2018-05-30;334,76;89,51;;;30.3585;18.0585;20.808498;0.0;0.0;0.0
2018-01-06;336,04;89,28;;;7.2584996;1.5085001;17.31746;0.0;0.0;0.0
2018-04-06;333,68;89,22;;;11.2085;1.1085;15.807239;0.0;0.0;0.0
2018-05-06;338,75;88,89;;;20.508501;8.158501;14.917212;0.0;0.0;0.0
2018-06-06;337,77;88,47;;;22.8585;12.3585005;23.023119;0.0;0.0;0.0
2018-07-06;342,21;87,30;;;24.4085;12.7585;21.897945;0.1;1.0;0.0
2018-08-06;342,77;92,22;;;28.3085;16.0085;11.4862;0.0;0.0;0.0
2018-11-06;337,83;90,84;;;16.4585;8.8585005;14.291592;0.0;0.0;0.0
2018-12-06;335,42;90,26;;;9.5585;2.9585001;20.364674;1.5;7.0;0.0
2018-06-13;333,50;89,72;;;17.7085;13.4585;17.709658;0.6;4.0;0.0
2018-06-14;333,08;87,72;;;21.258501;12.7085;15.530151;0.0;0.0;0.0
2018-06-15;335,51;90,14;;;21.8585;14.7085;10.24578;0.1;1.0;0.0
2018-06-18;333,84;89,07;;;23.258501;13.408501;18.129137;0.2;2.0;0.0
2018-06-19;333,22;89,02;;;24.3585;16.4085;20.316889;0.2;2.0;0.0
2018-06-20;329,79;87,32;;;26.7085;16.9585;16.42247;0.6;4.0;0.0
2018-06-21;334,49;88,77;;;26.258501;10.658501;32.688713;2.6999998;7.0;0.0
2018-06-22;333,68;88,37;;;17.6085;10.2585;30.602118;2.2999997;7.0;0.0
2018-06-25;331,54;87,66;;;20.4585;10.0085;17.786331;1.3000001;5.0;0.0
2018-06-26;332,52;87,60;;;21.9585;11.5085;17.651016;0.0;0.0;0.0
2018-06-27;334,76;86,91;;;23.1585;12.5585;19.386593;0.1;1.0;0.0
2018-06-28;335,58;86,89;;;26.508501;15.408501;25.212852;0.0;0.0;0.0
2018-06-29;337,22;87,02;;;28.4085;12.5585;25.600533;0.0;0.0;0.0
2018-02-07;336,76;86,11;;;1.3085;-5.9415;10.086427;0.0;0.0;0.0
2018-03-07;337,97;86,82;;;3.5085;-2.3915;14.345898;0.6;9.0;0.0
2018-04-07;337,95;86,39;;;17.4585;3.7085001;23.441502;0.0;0.0;0.0
2018-05-07;337,67;85,86;;;23.1585;8.908501;16.167967;0.0;0.0;0.0
2018-06-07;334,68;85,68;;;26.8085;12.408501;20.265795;0.0;0.0;0.0
2018-09-07;334,26;86,39;;;22.508501;12.2585;15.986593;3.4;8.0;0.0
2018-10-07;336,37;88,56;;;13.5085;3.1085;21.434364;1.2;2.0;0.0
2018-11-07;335,13;86,37;;;15.408501;3.9085;13.627795;0.0;0.0;0.0
2018-12-07;336,86;86,71;;;11.158501;7.1584997;32.789658;9.0;22.0;0.2
2018-07-13;335,43;87,08;;;25.5585;15.2085;18.79255;0.2;1.0;0.0
2018-07-16;336,58;87,18;;;26.3085;13.2085;13.324863;0.0;0.0;0.0
2018-07-17;333,18;86,74;;;27.3085;17.3585;19.602652;0.1;1.0;0.0
2018-07-18;331,60;86,51;;;26.0585;18.008501;22.45315;0.0;0.0;0.0
2018-07-19;332,59;86,03;;;24.7085;13.1085005;19.513195;0.0;0.0;0.0
2018-07-20;333,08;88,09;;;26.3085;12.6085005;14.57889;0.0;0.0;0.0
2018-07-23;332,68;87,87;;;27.4585;17.7085;17.373497;0.0;0.0;0.0
2018-07-24;331,04;88,42;;;28.9085;17.3585;14.186923;0.0;0.0;0.0
2018-07-25;327,84;88,46;;;31.008501;18.008501;13.324863;0.0;0.0;0.0
2018-07-26;325,35;86,97;;;31.258501;18.4585;18.947083;0.0;0.0;0.0
2018-07-27;324,96;87,52;;;31.0585;19.8585;18.792551;0.5;5.0;0.0
2018-07-30;321,29;86,18;;;31.8085;20.508501;15.484185;0.0;0.0;0.0
2018-07-31;319,25;85,04;;;34.8085;21.008501;13.684735;0.0;0.0;0.0
2018-01-08;317,59;84,60;;;1.2585001;-4.5915003;27.047956;0.0;0.0;0.0
2018-02-08;318,79;84,85;;;0.8585;-7.3915;7.754637;0.0;0.0;0.0
2018-03-08;317,69;85,75;;;8.1085005;-1.3414999;24.014996;2.8;9.0;0.0
2018-06-08;318,38;85,38;;;29.0585;14.2085;16.434305;0.0;0.0;0.0
2018-07-08;317,36;84,34;;;25.0585;14.658501;18.388212;1.5000001;7.0;0.0
2018-08-08;314,60;83,45;;;36.658497;21.9085;20.60823;0.0;0.0;0.0
2018-09-08;313,84;82,59;;;21.258501;11.0585;17.992796;0.0;0.0;0.0
2018-10-08;319,24;82,75;;;14.2585;2.9585001;11.119281;0.0;0.0;0.0
2018-08-13;318,69;81,69;;;31.4085;14.7585;21.67487;1.0;1.0;0.0
2018-08-14;320,69;82,95;;;24.7085;17.1585;25.161398;0.90000004;6.0;0.0
2018-08-15;317,09;81,29;;;24.3585;15.2085;20.721119;0.8000001;3.0;0.0
2018-08-16;317,29;81,32;;;29.508501;14.4585;19.734436;0.0;0.0;0.0
2018-08-17;315,92;80,61;;;31.3085;17.2085;21.028437;0.0;0.0;0.0
2018-08-20;318,69;80,52;;;25.4585;16.758501;22.319998;0.2;2.0;0.0
2018-08-21;317,98;79,04;;;23.1585;13.3085;11.720751;0.0;0.0;0.0
2018-08-22;320,05;78,87;;;27.6085;12.6085005;10.483357;0.0;0.0;0.0
2018-08-23;321,44;78,11;;;33.408497;15.3085;15.530151;0.0;0.0;0.0
2018-08-24;320,69;78,14;;;24.3585;14.158501;20.570463;2.3000002;5.0;0.0
2018-08-27;322,05;78,84;;;22.9585;12.908501;26.554728;0.3;3.0;0.0
2018-08-28;322,69;77,87;;;21.6085;12.4585;15.986595;0.1;1.0;0.0
2018-08-29;325,02;78,93;;;26.4585;12.1085005;18.472595;0.0;0.0;0.0
2018-08-30;325,32;78,20;;;19.4085;13.658501;23.039999;5.4999995;11.0;0.0
2018-08-31;321,87;79,12;;;19.8585;10.408501;18.079027;0.1;1.0;0.0
2018-03-09;319,49;77,00;;;8.6085005;-1.3414999;32.561596;0.4;2.0;0.0
2018-04-09;319,25;76,83;;;20.3085;5.3585;14.345898;0.0;0.0;0.0
2018-05-09;317,29;76,79;;;25.758501;13.7085;21.398056;0.0;0.0;0.0
2018-06-09;319,15;77,56;;;30.4585;18.2085;14.917212;0.0;0.0;0.0
2018-10-09;318,69;77,82;;;17.9085;4.3585;10.587917;0.0;0.0;0.0
2018-11-09;320,96;77,15;;;10.2085;5.9585;13.049689;1.4000001;6.0;0.3
2018-12-09;321,61;77,55;;;7.6085;4.6584997;30.009838;4.799999;17.0;0.0
2018-09-13;322,29;76,77;;;15.908501;13.4585;11.119281;3.7999997;13.0;0.0
2018-09-14;318,59;76,49;;;19.6585;12.3085;10.966713;0.1;1.0;0.0
2018-09-17;319,69;77,59;;;26.2085;10.1085005;10.144082;0.0;0.0;0.0
2018-09-18;321,09;77,73;;;29.1085;12.7585;19.296133;0.0;0.0;0.0
2018-09-19;319,58;77,47;;;27.9585;14.9585;14.88242;0.0;0.0;0.0
2018-09-20;318,87;78,23;;;28.6085;15.908501;21.370783;0.0;0.0;0.0
2018-09-21;318,15;78,75;;;30.0585;12.5585;41.425034;4.7;5.0;0.0
2018-09-24;319,49;78,27;;;13.158501;6.1584997;36.12398;0.5;5.0;0.0
2018-09-25;320,42;78,48;;;13.9585;5.0084996;17.49615;0.0;0.0;0.0
2018-09-26;318,69;79,18;;;16.4585;6.3085;24.696102;0.0;0.0;0.0
2018-09-27;316,92;79,49;;;21.9585;12.158501;18.709612;0.0;0.0;0.0
2018-09-28;318,08;78,67;;;15.8585005;7.4585;22.89611;0.0;0.0;0.0
2018-01-10;320,38;79,70;;;5.3585;-0.7415;11.4862;0.2;2.0;0.1
2018-02-10;321,52;81,81;;;2.5085;-3.6915;13.849477;0.0;1.0;0.0
2018-03-10;322,59;82,76;;;8.158501;-1.1915;14.277983;2.6000001;12.0;0.0
2018-04-10;324,95;83,51;;;22.1085;10.908501;20.082708;0.1;1.0;0.0
2018-05-10;327,68;84,78;;;25.258501;13.3585005;20.291357;0.3;2.0;0.0
2018-08-10;327,10;86,97;;;24.7085;16.8085;27.595823;0.0;0.0;0.0
2018-09-10;329,84;88,91;;;26.1085;12.658501;16.434305;0.0;0.0;0.0
2018-10-10;328,13;87,32;;;21.8085;7.0585;18.64369;0.0;0.0;0.0
2018-11-10;329,28;87,34;;;12.7085;5.3585;16.135872;0.0;0.0;0.0
2018-10-15;334,84;89,62;;;21.5585;9.5085;15.315873;0.0;0.0;0.0
2018-10-16;334,01;89,79;;;20.9085;8.8585005;8.225035;0.0;0.0;0.0
2018-10-17;338,05;91,81;;;20.4085;7.2584996;9.72;0.0;0.0;0.0
2018-10-18;341,89;92,18;;;18.8085;7.0585;16.80857;0.70000005;4.0;0.0
2018-10-19;343,16;92,52;;;13.908501;3.5585;10.8955765;0.0;0.0;0.0
2018-10-22;334,94;90,77;;;11.158501;5.2584996;19.66536;1.5;4.0;0.0
2018-10-23;335,17;90,64;;;11.408501;6.1584997;36.73588;7.1999993;16.0;0.0
2018-10-24;336,50;90,12;;;11.2085;6.2085;30.760519;0.90000004;8.0;0.0
2018-10-25;338,32;91,44;;;12.3585005;9.6085005;32.561596;0.90000004;7.0;0.0
2018-10-26;336,57;92,26;;;12.0585;8.908501;22.238562;0.6;3.0;0.0
2018-10-29;332,66;89,69;;;9.8085;4.2085;25.919998;0.0;0.0;0.0
2018-10-30;329,30;89,12;;;19.9585;8.6085005;33.371433;0.3;2.0;0.0
2018-10-31;330,67;89,15;;;12.2585;4.9585;27.598173;0.0;0.0;0.0
2018-01-11;333,08;90,31;;;2.5085;0.6085;9.659814;5.2;12.0;0.2
2018-05-11;332,41;89,38;;;17.3585;12.7085;16.42247;0.8000001;3.0;0.6
2018-06-11;334,03;88,98;;;24.3085;13.8585005;17.309975;0.5;3.0;0.0
2018-07-11;335,66;89,72;;;22.008501;13.408501;17.373497;5.6;11.0;0.0
2018-08-11;334,56;89,38;;;23.3585;12.7585;28.449112;0.2;1.0;0.0
2018-09-11;333,79;89,34;;;25.9085;16.0085;22.057161;1.2;4.0;0.0
2018-12-11;334,39;89,17;;;4.4585;2.4585001;27.055143;4.6;17.0;0.2
2018-11-13;331,86;86,88;;;11.9585;8.158501;18.35647;4.8;11.0;0.0
2018-11-14;333,12;87,94;;;11.1085005;5.7085;16.327497;0.0;0.0;0.0
2018-11-16;334,33;89,49;;;8.408501;1.9585;19.164717;0.0;0.0;0.0
2018-11-19;331,47;88,09;;;4.4084997;2.0585;26.674032;1.4000001;11.0;0.0
2018-11-20;331,86;88,28;;;3.2585;1.2085;31.129074;0.0;1.0;0.0
2018-11-21;329,97;87,18;;;2.0585;0.9085;22.461807;0.0;0.0;0.0
2018-11-22;330,00;86,73;;;2.8085;0.4085;18.430452;0.0;0.0;0.0
2018-11-23;328,47;86,08;;;3.8085;-1.5914999;11.212135;0.0;0.0;0.0
2018-11-26;329,97;84,52;;;4.1085;-2.0915;17.555307;0.0;0.0;0.0
2018-11-27;333,96;85,92;;;1.7085;-3.3915;7.8954163;0.0;0.0;0.0
2018-11-28;331,00;86,18;;;2.7585;-2.4415;22.493519;0.0;0.0;0.0
2018-11-29;329,47;85,51;;;2.3585;-1.5914999;23.333443;0.0;0.0;0.0
2018-11-30;325,58;84,39;;;1.9585;0.1585;20.730501;5.5000005;13.0;0.0
2018-03-12;324,29;84,69;;;9.3585005;4.2085;20.188908;7.0999994;16.0;0.0
2018-04-12;322,01;83,42;;;21.758501;9.8585005;29.07989;0.1;1.0;0.0
2018-05-12;319,22;82,51;;;21.7085;12.8585005;16.299694;0.1;1.0;0.0
2018-06-12;318,91;82,00;;;21.3585;13.2085;16.563911;0.0;0.0;0.0
2018-07-12;317,60;81,81;;;19.3585;15.0085;34.292713;43.900005;15.0;1.8
2018-10-12;316,50;80,68;;;23.9585;11.408501;13.32;0.0;0.0;0.0
2018-11-12;312,68;79,85;;;14.3585005;8.658501;17.731598;0.0;0.0;0.0
2018-12-12;310,19;80,57;;;3.8585;-0.3415;15.281989;0.0;0.0;0.0
2018-12-13;310,10;79,99;;;2.3085;-0.4415;14.658676;0.4;6.0;0.0
2018-12-14;302,39;77,48;;;0.5085;-2.3915;13.722565;0.0;0.0;0.0
2018-12-17;302,69;77,71;;;1.8085;-2.1915;9.028754;0.0;0.0;0.0
2018-12-18;299,14;76,68;;;5.1085;0.0585;15.815435;0.2;2.0;0.0
2018-12-19;303,24;78,28;;;3.1585;-0.041500002;20.592503;0.2;2.0;0.0
2018-12-20;301,42;78,27;;;5.2584996;1.9085001;13.896187;0.7;3.0;0.0
2018-12-21;297,26;76,40;;;10.2085;4.9084997;32.427986;8.6;18.0;0.0
2018-12-26;304,69;77,75;;;7.3585;4.9585;23.535301;0.70000005;5.0;0.0
2018-12-27;303,03;77,74;;;5.7085;4.3085;19.296133;0.4;4.0;0.1
2018-12-28;304,59;78,60;;;7.0585;5.4585;20.172853;0.6;5.0;0.1
2019-02-01;299,84;78,59;;;1.7085;-3.5414999;20.111729;0.9;3.0;0.0
2019-03-01;305,29;81,28;;;5.9084997;2.5085;15.7908325;0.4;4.0;0.0
2019-04-01;304,29;81,93;;;10.0585;-1.4415;20.140705;0.0;0.0;0.0
2019-07-01;301,36;80,82;;;27.6085;15.3585005;24.640942;0.0;0.0;0.0
2019-08-01;304,80;82,16;;;24.1585;14.0585;11.212135;1.4000001;3.0;0.0
2019-09-01;307,51;83,45;;;29.3085;15.6085005;21.194187;0.0;0.0;0.0
2019-10-01;305,29;82,09;;;17.008501;11.5585;24.408424;6.9;18.0;0.0
2019-11-01;305,19;82,15;;;6.7085;-2.0915;19.201874;1.6000001;6.0;0.0
2019-01-14;304,29;82,33;;;3.3085;-0.19150001;35.747112;0.0;1.0;0.0
2019-01-15;301,99;80,99;;;6.6085;1.4085001;31.731092;4.4;17.0;0.0
2019-01-16;304,07;81,54;;;6.9585;3.1585;27.74103;0.0;0.0;0.0
2019-01-17;303,39;81,08;;;6.4585;0.5585;25.6233;4.4999995;14.0;0.0
2019-01-18;305,42;81,29;;;1.7585001;-1.4415;21.710716;0.0;5.0;0.0
2019-01-21;306,78;81,59;;;-1.2414999;-4.5415;14.291592;0.0;0.0;0.0
2019-01-22;306,39;80,69;;;-0.2915;-6.4415;15.137133;0.0;0.0;0.0
2019-01-23;304,69;80,88;;;-2.1915;-7.0915003;19.66536;0.0;0.0;0.0
2019-01-24;306,03;81,17;;;-3.0915;-4.4915004;15.629971;0.0;0.0;0.0
2019-01-25;306,39;81,43;;;-2.4915;-4.4915004;14.759999;0.0;3.0;0.0
2019-01-28;302,70;80,42;;;4.8585;0.008499999;19.586119;2.7999997;12.0;0.3
2019-01-29;300,81;80,78;;;2.8585;-3.6915;21.566975;0.20000002;3.0;0.1
2019-01-30;303,47;81,51;;;2.7585;-3.2914999;25.603062;0.0;0.0;0.0
2019-01-31;302,78;82,93;;;3.4585001;-1.9415;13.207634;0.0;0.0;0.0
2019-01-02;302,70;82,70;;;3.5585;-2.3415;31.072817;0.0;0.0;0.0
2019-04-02;305,23;83,15;;;13.7585;1.8585;21.413193;0.0;0.0;0.0
2019-05-02;305,15;83,31;;;14.1085005;6.8585;28.808998;0.5;3.0;0.0
2019-06-02;305,79;82,62;;;30.5585;15.4585;15.034041;0.0;0.0;0.0
2019-07-02;306,53;82,71;;;22.258501;11.158501;28.829233;0.0;0.0;0.0
2019-08-02;307,69;82,40;;;23.9085;13.7585;11.212135;6.3999996;7.0;0.0
2019-11-02;307,09;81,67;;;14.9585;6.9585;19.242327;1.4000001;5.0;0.9
2019-12-02;304,50;82,14;;;5.3085;1.0085;22.884789;0.70000005;4.0;0.0
2019-02-13;303,90;80,97;;;8.0585;4.1085;25.570139;0.3;3.0;0.0
2019-02-14;304,78;81,43;;;9.7585;-0.54150003;13.627795;0.0;0.0;0.0
2019-02-15;304,97;82,34;;;11.3085;-2.0414999;11.542478;0.0;0.0;0.0
2019-02-18;304,51;81,55;;;13.0585;-0.6915;11.808878;0.0;0.0;0.0
2019-02-19;303,82;81,96;;;9.7085;3.2085001;23.023119;1.2;4.0;0.0
2019-02-20;305,20;81,89;;;9.7085;4.3085;21.288757;0.2;1.0;0.0
2019-02-21;304,88;81,24;;;11.0585;6.2584996;23.084955;4.8;11.0;0.0
2019-02-22;304,70;81,58;;;7.4084997;-3.6415;23.686249;0.0;0.0;0.0
2019-02-25;305,11;81,60;;;12.4585;-1.4914999;14.587776;0.0;0.0;0.0
2019-02-26;306,36;81,74;;;11.158501;0.6085;13.392774;0.0;0.0;0.0
2019-02-27;305,42;81,90;;;14.2085;0.8585;15.226764;0.0;0.0;0.0
2019-02-28;304,60;81,23;;;12.408501;3.8085;21.96;0.0;0.0;0.0
2019-01-03;304,25;80,62;;;2.1585;-3.0414999;21.437386;0.1;4.0;0.0
2019-06-03;307,55;80,13;;;33.608498;18.258501;22.033648;0.0;0.0;0.0
2019-07-03;306,69;78,70;;;18.9585;10.5585;22.206486;0.1;1.0;0.0
2019-08-03;307,19;79,42;;;24.5585;14.8585005;15.408671;0.1;1.0;0.0
2019-11-03;306,11;79,70;;;12.5085;7.7085;16.766108;3.2999997;12.0;0.5
2019-12-03;304,78;79,97;;;5.4084997;-1.4415;17.533146;0.2;2.0;0.0
2019-03-13;303,77;79,79;;;9.9585;3.5085;37.745102;3.8;12.0;0.3
2019-03-14;303,61;78,94;;;8.3585005;3.5085;28.47643;8.099999;15.0;0.1
2019-03-15;300,95;78,82;;;9.4585;6.0585;35.543507;3.2000003;11.0;0.0
2019-03-18;299,45;79,03;;;7.7085;2.8085;36.8486;2.5;7.0;0.0
2019-03-19;299,27;79,09;;;8.2585;-0.6415;20.966715;0.3;2.0;0.0
2019-03-20;299,16;79,78;;;11.6085005;-1.8915;19.13426;0.0;0.0;0.0
2019-03-21;299,39;78,91;;;13.658501;4.9084997;18.391735;0.0;0.0;0.0
2019-03-22;301,25;77,16;;;13.5085;3.6585;11.435313;0.0;0.0;0.0
2019-03-25;301,62;78,16;;;7.8585;1.5085001;27.009598;2.5;7.0;0.0
2019-03-26;300,77;77,78;;;8.3085;2.0585;31.154043;0.1;1.0;0.0
2019-03-27;302,03;76,46;;;9.5085;3.7085001;21.602999;0.8;4.0;0.0
2019-03-28;304,54;77,89;;;10.9585;7.3085;16.831684;2.8;11.0;0.2
2019-03-29;302,45;77,25;;;12.7585;3.5085;11.966954;0.0;0.0;0.0
2019-01-04;296,24;76,49;;;5.4585;-0.9415;23.803596;1.1;7.0;0.0
2019-02-04;292,51;75,86;;;4.7584996;-1.9415;18.86139;0.0;0.0;0.0
2019-03-04;291,94;75,44;;;14.2585;5.9585;40.32161;1.8;6.0;0.0
2019-04-04;290,79;75,49;;;19.3085;7.7584996;18.25026;0.0;0.0;0.0
2019-05-04;287,53;74,37;;;10.3085;1.1085;16.09969;2.1000001;8.0;0.0
2019-08-04;290,48;75,51;;;23.9085;13.8085;17.10284;0.3;3.0;0.0
2019-09-04;292,21;75,80;;;27.0585;13.1085005;22.065973;0.2;1.0;0.0
2019-10-04;286,60;75,07;;;12.658501;4.8585;19.855558;13.700002;15.0;0.0
2019-11-04;284,30;73,69;;;11.9585;7.7085;14.372974;6.9;12.0;0.5
2019-12-04;288,08;74,11;;;6.5585;-1.0914999;16.311613;0.0;0.0;0.0
2019-04-15;289,48;74,80;;;12.5585;1.2585001;17.148247;0.0;0.0;0.0
2019-04-16;290,63;74,58;;;14.7085;1.3585;21.67487;0.0;0.0;0.0
2019-04-17;287,13;73,02;;;16.8585;3.4085;16.954432;0.0;0.0;0.0
2019-04-18;290,11;73,82;;;19.9585;6.5084996;18.733839;0.0;0.0;0.0
2019-04-22;286,21;72,81;;;18.8085;7.1085;32.048088;0.0;0.0;0.0
2019-04-23;286,38;73,02;;;19.6585;10.408501;39.95351;0.4;2.0;0.0
2019-04-24;284,99;71,50;;;22.5585;10.908501;23.199759;0.2;1.0;0.0
2019-04-25;285,38;72,18;;;24.258501;12.8585005;18.36353;0.1;1.0;0.0
2019-04-26;285,30;72,58;;;25.2085;9.7585;23.540806;5.7;7.0;0.0
2019-04-29;285,92;72,55;;;16.758501;5.2085;24.72495;2.9999998;10.0;0.1
2019-04-30;284,26;72,53;;;17.3585;4.7085;18.775301;2.4;2.0;0.0
2019-02-05;279,06;70,47;;;4.2584996;0.2085;19.562946;0.0;3.0;0.0
2019-03-05;278,36;70,72;;;8.7085;2.4585001;37.88048;1.2;9.0;0.0
2019-06-05;272,95;68,98;;;32.8085;19.8085;19.813087;0.0;0.0;0.0
2019-07-05;266,08;67,04;;;20.9585;14.3085;26.309572;1.1;8.0;0.1
2019-08-05;264,86;67,41;;;25.0585;13.8085;14.408997;0.9;2.0;0.0
2019-09-05;265,50;67,23;;;22.1585;10.7085;30.141266;0.3;2.0;0.2
2019-10-05;267,50;67,88;;;11.7085;3.3085;24.344624;4.3999996;10.0;1.2
2019-05-13;270,31;67,86;;;14.658501;4.6085;20.49156;0.1;1.0;0.0
2019-05-14;276,12;69,50;;;13.4585;3.2585;29.387999;0.2;2.0;0.0
2019-05-15;281,05;70,40;;;13.4585;3.2085001;22.450264;1.5;4.0;0.0
2019-05-16;275,82;68,31;;;13.7085;5.5585;22.768398;11.300001;13.0;0.7
2019-05-17;272,01;66,34;;;18.6585;5.4585;13.910169;0.0;0.0;0.0
2019-05-20;277,89;67,74;;;24.6585;12.8085;18.792551;4.6;5.0;0.0
2019-05-21;281,26;69,41;;;22.4585;12.1085005;16.489416;0.4;3.0;0.0
2019-05-22;282,30;69,84;;;14.8585005;9.9585;28.257132;1.4000001;10.0;0.0
2019-05-23;284,88;70,43;;;19.4085;8.5585;21.868332;0.0;0.0;0.0
2019-05-24;287,72;71,68;;;22.2085;8.3585005;16.766108;0.0;0.0;0.0
2019-05-27;284,71;70,60;;;19.508501;13.6085005;23.795427;0.2;2.0;0.0
2019-05-28;287,88;71,67;;;18.9585;8.658501;20.519999;0.0;0.0;0.0
2019-05-29;293,08;73,73;;;16.508501;7.2584996;16.199999;0.0;0.0;0.0
2019-05-30;299,04;75,21;;;22.9585;6.7085;21.603;0.0;0.0;0.0
2019-05-31;299,33;76,24;;;24.008501;13.4585;19.083395;1.4000001;6.0;0.0
2019-03-06;302,02;77,52;;;11.2085;1.3585;23.34455;0.4;2.0;0.0
2019-04-06;302,37;78,37;;;20.008501;7.5585;16.93531;0.0;0.0;0.0
2019-05-06;286,20;73,38;;;11.408501;2.3085;23.535301;0.70000005;4.0;0.0
2019-06-06;295,21;76,10;;;29.8085;14.8585005;20.150354;16.6;14.0;0.0
2019-07-06;294,24;75,99;;;23.258501;12.158501;25.721743;4.0;7.0;0.0
2019-10-06;292,46;75,42;;;10.908501;0.6585;13.217443;0.0;0.0;0.0
2019-11-06;286,87;74,57;;;8.658501;5.2584996;17.533146;4.4999995;16.0;0.1
2019-12-06;287,63;74,55;;;5.8585;0.6585;23.933908;6.6000004;15.0;0.0
2019-06-13;285,91;74,15;;;25.508501;14.7585;10.630672;0.8;3.0;0.0
2019-06-14;287,52;73,86;;;30.3585;14.908501;24.098497;0.3;1.0;0.0
2019-06-17;284,55;72,94;;;26.4085;14.4585;13.049689;0.1;1.0;0.0
2019-06-18;279,70;72,44;;;29.758501;16.8585;19.681828;0.0;0.0;0.0
2019-06-19;278,22;72,21;;;30.9585;18.008501;17.917007;0.5;1.0;0.0
2019-06-21;286,30;74,95;;;24.258501;14.7585;16.746773;0.1;1.0;0.1
2019-06-24;286,21;74,85;;;29.1085;16.258501;16.954432;0.0;0.0;0.0
2019-06-25;291,29;75,64;;;33.658497;19.8085;19.862083;0.0;0.0;0.0
2019-06-26;289,33;75,19;;;36.358498;16.9585;24.967497;0.0;0.0;0.0
2019-06-27;288,90;75,41;;;25.1085;15.408501;21.67487;0.0;0.0;0.0
2019-06-28;294,22;76,70;;;24.3085;13.8585005;12.979984;0.0;0.0;0.0
2019-01-07;294,39;76,56;;;5.4084997;1.2085;24.850431;6.2000003;18.0;0.0
2019-02-07;290,51;75,40;;;6.2085;-1.0914999;20.633371;0.1;1.0;0.0
2019-03-07;296,71;77,65;;;16.1585;7.6085;33.89549;1.5;4.0;0.5
2019-04-07;295,06;77,77;;;18.258501;5.8585;15.617529;0.0;0.0;0.0
2019-05-07;293,38;76,86;;;12.3085;1.7085;13.979871;0.2;2.0;0.1
2019-08-07;289,00;75,93;;;24.3085;16.0085;22.148046;0.9000001;4.0;0.0
2019-09-07;287,25;75,88;;;20.008501;8.908501;12.313894;0.3;2.0;0.0
2019-10-07;285,43;76,05;;;11.158501;0.1585;11.966953;0.0;0.0;0.0
2019-11-07;285,10;76,03;;;10.8085;5.7085;13.363711;0.2;2.0;0.0
2019-12-07;285,43;76,30;;;8.908501;5.9585;29.478264;1.8000002;10.0;0.5
2019-07-15;280,07;74,55;;;18.758501;14.658501;18.448023;0.1;1.0;0.0
2019-07-16;280,16;74,45;;;20.8585;12.908501;23.266697;0.5;4.0;0.0
2019-07-17;283,41;75,40;;;22.9085;12.0085;12.181625;0.0;0.0;0.0
2019-07-18;283,25;75,96;;;25.6585;13.0585;12.849528;0.0;0.0;0.0
2019-07-19;279,80;74,67;;;24.6585;15.2585;17.709658;0.2;1.0;0.0
2019-07-22;278,07;74,39;;;25.1585;15.8585005;18.0036;0.3;2.0;0.0
2019-07-23;276,88;73,38;;;30.258501;17.4085;19.174856;0.0;0.0;0.0
2019-07-24;277,05;73,47;;;32.908497;17.6085;12.682018;0.0;0.0;0.0
2019-07-25;277,80;73,43;;;34.108498;19.508501;18.39878;0.0;0.0;0.0
2019-07-26;273,97;72,71;;;30.8585;20.008501;21.707731;0.0;0.0;0.0
2019-07-29;276,39;73,14;;;33.5085;21.3085;18.430452;2.2;5.0;0.0
2019-07-30;276,03;72,76;;;29.8585;18.7085;16.343367;0.8;4.0;0.0
2019-07-31;274,71;72,33;;;26.4585;15.5085;13.276144;9.7;10.0;0.0
2019-01-08;271,81;70,75;;;5.9084997;1.3085;32.209442;8.599999;24.0;0.4
2019-02-08;274,00;70,55;;;8.2585;1.5085001;24.946726;0.0;0.0;0.0
2019-05-08;273,11;68,95;;;18.008501;2.0585;25.582806;1.7;5.0;0.0
2019-06-08;276,08;69,79;;;22.508501;12.4585;30.758411;0.5;1.0;0.0
2019-07-08;278,20;69,97;;;18.758501;10.8085;23.319553;0.1;1.0;0.0
2019-08-08;278,00;70,83;;;25.8085;15.158501;24.280659;0.1;1.0;0.0
2019-09-08;278,30;70,65;;;20.1585;10.408501;11.753877;0.6;2.0;0.0
2019-12-08;278,36;69,97;;;10.658501;5.6085;29.808346;0.8;3.0;0.0
2019-08-13;278,90;70,38;;;21.9085;11.8585005;25.068514;0.5;4.0;0.0
2019-08-14;281,31;69,68;;;20.9585;11.408501;19.083395;0.0;0.0;0.0
2019-08-15;283,39;70,97;;;22.5585;11.7085;24.482647;0.1;1.0;0.0
2019-08-16;276,44;69,11;;;22.2085;14.908501;18.72;0.1;1.0;0.0
2019-08-19;281,23;69,17;;;23.6085;13.408501;19.809813;0.0;0.0;0.0
2019-08-20;281,45;69,67;;;24.508501;12.7585;10.464797;1.0;6.0;0.0
2019-08-21;283,31;70,41;;;23.3085;11.7585;16.075521;0.0;0.0;0.0
2019-08-22;285,36;70,08;;;26.4085;10.908501;14.113652;0.0;0.0;0.0
2019-08-23;286,61;69,62;;;27.8085;14.0585;12.031756;0.0;0.0;0.0
2019-08-26;287,11;69,17;;;31.008501;18.6085;13.039754;0.0;0.0;0.0
2019-08-27;287,68;69,34;;;30.6085;20.1585;21.9718;0.1;1.0;0.0
2019-08-28;296,98;71,46;;;32.158497;18.3085;14.264361;0.0;0.0;0.0
2019-08-29;292,08;70,16;;;30.1085;17.6085;13.493999;0.4;2.0;0.0
2019-08-30;291,58;70,58;;;29.1085;18.9085;11.542478;0.5;5.0;0.1
2019-02-09;288,89;69,08;;;9.908501;5.5084996;31.853388;2.1;7.0;0.0
2019-03-09;289,21;69,20;;;11.5085;4.1584997;43.71592;10.299998;14.0;0.0
2019-04-09;287,92;70,16;;;11.6085005;2.3085;18.584509;0.0;0.0;0.0
2019-05-09;283,63;69,16;;;16.8085;8.7085;19.255793;1.6000001;11.0;0.2
2019-06-09;280,69;68,91;;;25.8585;12.3085;16.24394;0.0;0.0;0.0
2019-09-09;282,63;68,98;;;14.908501;12.8585005;23.623243;18.1;22.0;0.4
2019-10-09;287,01;70,02;;;15.5585;9.8585005;21.252197;2.8999999;13.0;0.0
2019-11-09;287,17;70,68;;;8.3585005;2.3085;18.94024;2.0;7.0;0.1
2019-12-09;288,53;71,12;;;8.7585;3.4585001;24.567198;0.5;4.0;0.1
2019-09-13;287,81;70,35;;;20.3085;10.5085;29.88217;1.8000001;5.0;0.0
2019-09-16;289,36;70,75;;;16.4085;10.658501;18.0036;0.5;5.0;0.0
2019-09-17;288,53;70,72;;;15.8585005;8.2585;33.1845;2.6999998;6.0;0.0
2019-09-18;288,31;70,13;;;15.7585;7.4585;29.15778;0.0;0.0;0.0
2019-09-19;288,97;69,51;;;16.2085;7.0585;16.610792;0.0;0.0;0.0
2019-09-20;288,56;69,48;;;16.2085;6.5084996;14.512064;0.0;0.0;0.0
2019-09-23;291,08;69,79;;;22.8585;9.7585;15.463244;0.0;0.0;0.0
2019-09-24;291,60;69,88;;;18.8085;12.8085;9.793059;0.1;1.0;0.0
2019-09-25;293,00;70,52;;;17.7085;10.0585;9.585739;4.1000004;12.0;0.0
2019-09-26;292,68;70,36;;;19.758501;9.3585005;14.372974;0.0;0.0;0.0
2019-09-27;295,20;71,05;;;17.3085;12.2085;16.854767;10.099999;13.0;0.0
2019-09-30;294,47;70,94;;;15.5085;11.5585;41.560905;9.2;12.0;0.2
2019-01-10;298,17;71,63;;;1.7085;-0.8415;19.852295;0.0;0.0;0.0
2019-02-10;296,89;71,80;;;8.5585;2.6585;31.222609;8.6;18.0;0.0
2019-03-10;295,71;72,41;;;7.5585;1.8585;29.810522;10.4;15.0;0.0
2019-04-10;290,92;71,64;;;8.7085;1.1085;17.873556;0.0;0.0;0.0
2019-07-10;285,18;69,52;;;21.3085;11.1085005;20.898613;1.4000001;5.0;0.0
2019-08-10;288,51;70,54;;;27.2085;17.9585;26.242987;0.2;1.0;0.2
2019-09-10;287,36;70,19;;;19.3085;9.6085005;29.519999;0.0;0.0;0.0
2019-10-10;286,70;69,55;;;13.8585005;9.5585;23.936617;1.1;5.0;0.7
2019-11-10;283,81;69,48;;;8.0585;0.108500004;9.422101;0.0;0.0;0.0
2019-10-14;286,11;69,33;;;21.258501;13.3085;16.641972;0.0;0.0;0.0
2019-10-15;288,11;69,29;;;20.4585;9.2085;13.551501;0.0;0.0;0.0
2019-10-16;286,06;68,80;;;14.6085005;9.6085005;29.714724;8.4;11.0;0.0
2019-10-17;286,39;68,84;;;17.258501;11.2585;20.140705;1.2;2.0;0.0
2019-10-18;287,35;69,83;;;18.8585;9.2585;21.26744;2.6999998;5.0;0.5
2019-10-21;287,31;69,48;;;18.1085;11.408501;10.144082;0.0;0.0;0.0
2019-10-22;288,61;70,86;;;16.9085;7.4084997;9.826088;0.0;0.0;0.0
2019-10-23;285,70;70,86;;;17.258501;6.2085;15.941944;0.0;0.0;0.0
2019-10-24;283,43;70,22;;;16.7085;11.408501;16.279802;0.0;0.0;0.0
2019-10-25;282,99;70,61;;;17.4585;11.1085005;22.26477;0.0;0.0;0.0
2019-10-28;285,89;71,67;;;11.7085;5.4084997;21.67487;0.2;1.0;0.0
2019-10-29;288,21;72,11;;;9.7085;0.2585;11.966953;0.6;3.0;0.0
2019-10-30;286,97;71,94;;;8.158501;-0.9415;10.086427;0.0;0.0;0.0
2019-10-31;289,71;72,21;;;6.2584996;-2.9415;10.464798;0.0;0.0;0.0
2019-01-11;291,80;72,97;;;5.3085;-0.24150002;21.129883;0.70000005;11.0;0.0
2019-04-11;290,35;72,44;;;6.7085;0.6585;17.339897;0.0;0.0;0.0
2019-05-11;294,71;73,84;;;15.0085;5.3585;19.296133;2.7999997;11.0;0.0
2019-06-11;296,16;72,50;;;28.8085;17.4585;18.11841;7.6;5.0;0.0
2019-07-11;299,10;73,17;;;24.258501;11.158501;13.896187;0.5;2.0;0.0
2019-08-11;303,35;72,99;;;27.3585;17.7085;19.272614;0.3;3.0;0.0
2019-11-11;304,05;73,49;;;6.8585;0.5085;19.930477;0.0;0.0;0.0
2019-12-11;307,02;73,63;;;4.3085;1.1585001;22.007162;0.3;4.0;0.0
2019-11-13;309,70;73,97;;;6.3585;2.7085001;12.605142;0.1;1.0;0.1
2019-11-14;312,13;74,49;;;8.1085005;2.2085001;23.444265;0.0;0.0;0.0
2019-11-18;301,47;71,78;;;12.408501;4.3085;23.857979;1.4;5.0;0.0
2019-11-19;302,42;72,06;;;8.8585005;4.9084997;29.795301;4.2999997;8.0;0.1
2019-11-20;305,57;72,69;;;5.7085;4.9585;10.931203;3.6999993;11.0;1.2
2019-11-21;312,02;74,36;;;9.408501;5.9084997;14.440443;5.2;14.0;0.0
2019-11-22;312,49;74,56;;;10.1085005;6.8585;17.698677;0.0;0.0;0.0
2019-11-25;314,59;74,69;;;5.8585;2.0585;12.605142;0.0;0.0;0.0
2019-11-26;311,46;73,39;;;7.2584996;4.4084997;14.618837;0.2;1.0;0.0
2019-11-27;313,54;73,65;;;8.5585;4.2584996;21.897945;3.1;5.0;0.0
2019-11-28;314,46;74,62;;;11.5085;8.1085005;29.30409;3.6999998;11.0;0.0
2019-11-29;314,21;74,19;;;7.4585;-0.8415;31.37168;0.1;1.0;0.1
2019-02-12;314,79;74,63;;;5.4084997;-0.041500002;26.42753;0.5;4.0;0.0
2019-03-12;314,62;74,77;;;8.408501;1.9085001;27.105392;0.2;2.0;0.0
2019-04-12;310,46;73,83;;;5.0084996;1.4585;18.089775;0.1;1.0;0.0
2019-05-12;311,99;74,53;;;15.7585;5.3085;22.73707;0.1;1.0;0.1
2019-06-12;315,79;76,22;;;33.108498;15.7085;27.416782;1.4000001;5.0;0.0
2019-09-12;315,43;76,32;;;21.3585;14.3085;18.947083;0.3;1.0;0.3
2019-10-12;321,29;77,51;;;19.3585;14.1085005;26.785547;0.0;0.0;0.0
2019-11-12;312,79;75,68;;;8.0085;1.6085;19.161337;0.1;1.0;0.0
2019-12-12;316,29;77,43;;;4.4084997;0.0585;15.7908325;1.0;5.0;0.2
2019-12-13;313,90;76,43;;;2.9585001;-0.5915;21.407139;0.2;2.0;0.0
2019-12-16;316,97;78,05;;;8.0585;3.8085;17.283749;0.90000004;4.0;0.0
2019-12-17;313,49;77,14;;;13.4585;4.3085;28.8;0.4;1.0;0.0
2019-12-18;313,21;77,01;;;14.658501;0.8585;26.865265;0.0;0.0;0.0
2019-12-19;307,61;75,75;;;8.7085;2.6085;17.339897;0.0;0.0;0.0
2019-12-20;306,89;74,91;;;9.5585;3.6085;16.055355;1.2;4.0;0.0
2019-12-23;307,22;75,39;;;7.6584997;4.7085;22.725668;0.8;4.0;0.0
2019-12-26;302,30;74,40;;;5.6584997;2.7585;19.809813;1.3000001;10.0;0.1
2019-12-27;305,08;75,37;;;4.0085;0.2085;16.279802;0.1;1.0;0.1
2019-12-30;303,80;75,65;;;6.9585;1.5085001;21.068459;0.0;0.0;0.0
2020-02-01;304,80;75,76;;;11.5085;7.3585;29.024128;5.6;12.0;0.0
2020-03-01;303,37;74,85;;;9.9585;3.5585;30.551254;1.6000001;6.0;0.0
2020-06-01;302,30;74,26;;;23.4085;8.8585005;23.893261;0.0;0.0;0.0
2020-07-01;300,58;74,03;;;22.7085;16.1085;23.710857;6.8;10.0;0.0
2020-08-01;301,20;74,39;;;28.9085;14.1085005;14.021525;0.0;0.0;0.0
2020-09-01;302,50;74,01;;;18.3585;10.408501;15.778516;0.1;1.0;0.0
2020-10-01;301,30;73,83;;;16.4585;9.5085;10.30883;0.2;2.0;0.0
2020-01-13;293,44;70,93;;;7.3085;2.4585001;22.427162;0.4;3.0;0.0
2020-01-14;298,89;72,39;;;10.6085005;3.9085;27.103;0.1;1.0;0.0
2020-01-15;298,97;71,57;;;12.158501;8.658501;24.379204;0.0;0.0;0.0
2020-01-16;300,80;71,72;;;9.5585;2.8585;13.237039;0.0;0.0;0.0
2020-01-17;302,25;72,64;;;8.3085;2.1585;21.817902;0.4;3.0;0.0
2020-01-20;305,43;72,91;;;3.5085;-1.1915;15.629971;0.0;0.0;0.0
2020-01-21;305,71;72,79;;;5.3585;-0.1415;20.833395;0.0;0.0;0.0
2020-01-22;307,07;73,51;;;5.8085;-0.8915;20.240196;0.2;2.0;0.0
2020-01-23;310,49;74,55;;;5.3585;-1.0914999;11.923557;0.0;0.0;0.0
2020-01-24;310,13;74,09;;;3.3585;-2.3415;14.658676;0.0;0.0;0.0
2020-01-27;305,40;72,63;;;8.3085;1.1085;20.211363;0.8000001;5.0;0.0
2020-01-28;305,89;72,93;;;8.5585;2.0085;32.59939;7.5999994;15.0;0.0
2020-01-29;299,80;71,01;;;5.8585;2.1585;34.57687;2.1;8.0;0.39999998
2020-01-30;305,43;71,68;;;8.158501;3.2085001;27.532352;6.7000003;14.0;0.0
2020-01-31;309,68;72,31;;;11.0585;8.8585005;29.157776;1.6;7.0;0.2
2020-03-02;299,47;70,48;;;9.0585;2.6585;21.2522;3.1;8.0;1.4
2020-04-02;304,96;71,64;;;9.1085005;2.2085001;24.522316;0.0;0.0;0.0
2020-05-02;303,16;71,43;;;15.408501;7.0084996;18.430452;6.2999997;9.0;0.0
2020-06-02;305,72;71,48;;;26.4085;10.4585;19.9954;0.0;0.0;0.0
2020-07-02;307,70;71,24;;;22.9085;16.0085;17.298738;2.1;5.0;0.0
2020-10-02;305,92;70,70;;;16.9585;12.158501;23.177402;0.0;0.0;0.0
2020-11-02;308,46;71,30;;;19.8585;13.8085;21.120682;6.2000003;8.0;0.5
2020-12-02;305,92;70,38;;;2.0585;-3.4415;14.512064;0.0;0.0;0.0
2020-02-13;310,30;71,43;;;5.9084997;0.70849997;24.144167;2.5;8.0;0.0
2020-02-14;309,25;71,92;;;6.5084996;1.6585001;12.9249525;0.2;1.0;0.0
2020-02-17;309,96;71,65;;;11.1085005;6.1584997;28.58545;0.9;2.0;0.0
2020-02-18;309,80;71,09;;;8.0585;4.5585;35.65454;1.4000001;4.0;0.0
2020-02-19;310,02;70,96;;;6.8085;2.5085;25.922499;4.8999996;15.0;0.0
2020-02-20;309,34;70,53;;;6.9585;0.5085;32.142982;4.5;7.0;0.0
2020-02-21;310,57;70,75;;;7.7584996;3.7585;32.23357;1.4000001;3.0;1.1
2020-02-26;309,80;69,79;;;4.4084997;1.3085;18.014393;1.7;8.0;0.0
2020-02-27;312,29;69,86;;;5.7085;0.7585;18.58451;1.5;9.0;0.0
2020-02-28;312,92;69,66;;;7.2085;-0.09150001;27.25559;1.1;8.0;0.0
2020-02-03;313,35;69,87;;;9.8085;5.5585;24.74329;4.0999994;19.0;0.0
2020-03-03;316,46;70,17;;;6.6085;1.7585001;20.858265;1.9;10.0;0.0
2020-04-03;314,68;68,74;;;9.9585;2.3585;25.516865;0.0;0.0;0.0
2020-05-03;312,19;67,17;;;14.5585;6.3085;20.620806;0.2;2.0;0.0
2020-06-03;311,13;67,21;;;23.9585;10.7585;10.739833;0.0;0.0;0.0
2020-09-03;311,00;65,54;;;21.1585;13.2585;19.576189;3.3;7.0;0.0
2020-10-03;314,97;67,82;;;21.6085;12.9585;23.803596;0.8;2.0;0.0
2020-11-03;316,21;66,80;;;13.4585;8.2085;18.486622;0.0;0.0;0.0
2020-12-03;318,04;66,01;;;0.4085;-3.0414999;20.037485;0.0;1.0;0.0
2020-03-13;317,69;65,48;;;9.3085;0.6085;42.015255;2.1;5.0;0.0
2020-03-16;318,39;63,30;;;15.5585;2.4585001;14.003029;0.0;0.0;0.0
2020-03-17;321,57;64,30;;;14.6085005;1.9085001;16.954432;0.0;0.0;0.0
2020-03-18;325,90;62,34;;;15.7085;5.1584997;20.969807;0.0;0.0;0.0
2020-03-19;325,69;63,87;;;13.5085;5.9084997;13.363711;0.1;1.0;0.0
2020-03-20;325,19;64,41;;;8.908501;2.9585001;13.570615;0.0;0.0;0.0
2020-03-23;329,72;64,16;;;4.8585;-4.5915003;13.358861;0.0;0.0;0.0
2020-03-24;332,02;65,20;;;6.4084997;-4.4415;15.124284;0.0;0.0;0.0
2020-03-25;329,64;65,77;;;8.0585;-2.7415;19.08;0.0;0.0;0.0
2020-03-26;328,12;65,57;;;9.8585005;-1.5415;20.532627;0.0;0.0;0.0
2020-03-27;323,52;63,96;;;14.7585;2.5085;14.182355;0.0;0.0;0.0
2020-03-30;324,52;62,71;;;3.1585;-3.9415;22.963936;0.0;6.0;0.0
2020-03-31;327,02;62,94;;;3.8085;-2.6915;12.594856;0.0;0.0;0.0
2020-01-04;326,32;62,04;;;5.3085;0.1585;32.571545;4.0;7.0;0.0
2020-02-04;332,74;63,20;;;6.5084996;2.9085;33.221584;2.6999998;12.0;0.1
2020-03-04;334,26;62,89;;;7.9585;0.6585;17.992796;0.4;4.0;0.0
2020-06-04;331,91;62,60;;;24.6585;13.3585005;24.795612;4.9999995;11.0;0.0
2020-07-04;332,73;63,78;;;25.1085;14.908501;24.651457;2.0;5.0;0.0
2020-08-04;333,73;64,79;;;23.0585;12.2085;16.171976;0.0;0.0;0.0
2020-09-04;324,82;63,69;;;21.4585;15.8585005;15.349684;3.1;11.0;0.2
2020-04-13;328,64;63,48;;;9.658501;1.3585;27.661497;1.1;4.0;0.0
2020-04-14;329,82;63,59;;;9.8085;0.4085;21.94524;0.0;0.0;0.0
2020-04-15;329,82;62,99;;;14.5585;4.5585;24.648829;0.0;0.0;0.0
2020-04-16;331,07;62,95;;;16.758501;4.8085;15.893093;0.0;0.0;0.0
2020-04-17;329,82;62,91;;;15.8585005;4.8085;14.77755;0.0;0.0;0.0
2020-04-20;328,82;61,97;;;14.8085;3.2585;21.218632;0.0;0.0;0.0
2020-04-22;326,32;60,35;;;18.1585;5.7085;16.808569;0.0;0.0;0.0
2020-04-23;330,27;60,01;;;20.4085;5.6085;9.826088;0.0;0.0;0.0
2020-04-24;334,62;59,01;;;21.6085;6.7584996;24.798225;0.0;0.0;0.0
2020-04-27;335,15;58,71;;;21.758501;4.1584997;18.014393;0.0;0.0;0.0
2020-04-28;340,96;62,02;;;22.6085;8.4585;17.10284;0.5;3.0;0.0
2020-04-29;335,04;62,54;;;17.1085;9.0085;12.10157;1.5000001;11.0;0.1
2020-04-30;335,13;61,52;;;17.508501;8.7585;25.460934;0.9000001;4.0;0.0
2020-04-05;340,94;61,55;;;15.0585;0.95849997;19.08;0.0;0.0;0.0
2020-05-05;348,74;62,31;;;11.908501;3.4085;21.252197;0.70000005;5.0;0.0
2020-06-05;350,05;61,40;;;17.3585;9.3085;26.987997;2.2;8.0;0.0
2020-07-05;352,85;60,23;;;26.8585;17.8585;33.651817;1.6000001;9.0;0.1
2020-08-05;353,94;61,58;;;27.5585;11.658501;13.104198;0.0;0.0;0.0
2020-11-05;361,18;61,90;;;10.2085;3.9085;18.175545;0.2;2.0;0.0
2020-12-05;357,12;60,92;;;7.6584997;1.2585001;18.455048;0.0;0.0;0.0
2020-05-13;359,57;60,79;;;13.5585;5.1584997;19.969458;0.4;3.0;0.0
2020-05-14;362,14;62,04;;;14.0585;1.6085;19.930477;0.6;3.0;0.1
2020-05-15;361,74;62,03;;;14.6085005;2.0085;21.767351;0.0;0.0;0.0
2020-05-18;359,54;62,92;;;21.2085;11.5085;22.702845;0.0;0.0;0.0
2020-05-19;360,40;62,85;;;18.7085;9.7085;21.749481;0.0;0.0;0.0
2020-05-20;361,29;63,64;;;20.0585;7.3085;17.462782;0.0;0.0;0.0
2020-05-21;356,21;63,91;;;19.9585;6.9585;18.35647;0.0;0.0;0.0
2020-05-22;356,51;63,89;;;22.5585;10.0585;21.437386;6.7999997;7.0;0.0
2020-05-25;354,22;64,95;;;13.908501;6.7085;22.657131;1.1;7.0;0.0
2020-05-26;354,65;66,41;;;19.2085;6.5585;14.021525;0.2;2.0;0.0
2020-05-27;352,15;66,54;;;20.8085;5.9585;18.057508;1.3;4.0;0.0
2020-05-28;345,85;64,49;;;19.3585;7.8085;22.206486;0.2;2.0;0.0
2020-05-29;344,85;64,58;;;19.6085;7.3085;17.208603;0.0;0.0;0.0
2020-01-06;346,18;64,36;;;5.1085;-0.5915;16.09969;0.0;0.0;0.0
2020-02-06;342,76;65,66;;;5.7085;2.2585;23.857979;0.0;0.0;0.0
2020-03-06;336,74;66,44;;;7.5585;3.0085;18.792551;6.6999993;22.0;0.8
2020-04-06;335,04;65,49;;;20.1085;4.8585;20.724247;0.0;0.0;0.0
2020-05-06;336,96;67,83;;;16.0585;5.3585;20.883102;0.0;0.0;0.0
2020-08-06;335,04;68,78;;;29.8585;15.908501;15.2947035;0.0;0.0;0.0
2020-09-06;333,35;68,35;;;18.1585;10.5585;20.523155;0.1;1.0;0.0
2020-10-06;333,74;67,88;;;16.1585;9.908501;22.657131;1.5;6.0;0.0
2020-12-06;331,52;65,53;;;10.7085;5.6584997;25.20257;0.0;0.0;0.0
2020-06-15;337,13;65,46;;;24.2085;13.0085;16.418526;0.0;0.0;0.0
2020-06-16;336,15;64,34;;;25.5585;12.4585;9.693296;0.0;0.0;0.0
2020-06-17;339,02;64,39;;;27.7085;15.3585005;17.566378;0.0;0.0;0.0
2020-06-18;340,35;63,19;;;25.758501;16.0085;14.4;0.4;3.0;0.0
2020-06-19;338,19;63,75;;;20.6585;15.908501;19.66536;4.1;14.0;0.3
2020-06-22;337,13;64,00;;;25.1585;11.658501;23.469128;0.0;0.0;0.0
2020-06-23;335,85;65,28;;;23.758501;12.658501;16.394829;0.0;0.0;0.0
2020-06-24;339,44;63,85;;;24.6585;12.6085005;17.884428;0.0;0.0;0.0
2020-06-25;338,74;63,63;;;27.4085;17.758501;21.24;0.4;3.0;0.1
2020-06-26;343,60;62,84;;;27.258501;17.4585;16.516901;6.9999995;9.0;0.0
2020-06-29;348,94;64,19;;;23.3085;15.4585;17.377226;0.3;3.0;0.0
2020-06-30;352,57;64,81;;;22.9585;15.2585;29.144438;0.6;1.0;0.0
2020-01-07;347,97;65,52;;;5.1085;-1.2414999;19.803272;0.0;0.0;0.0
2020-02-07;347,77;64,98;;;7.1584997;3.6585;12.55879;0.0;0.0;0.0
2020-03-07;345,49;65,00;;;6.6584997;0.5085;29.758307;1.7000002;11.0;0.1
2020-06-07;342,58;64,13;;;19.4585;9.8085;15.459054;0.6;3.0;0.0
2020-07-07;347,35;64,56;;;19.3085;11.5585;21.313093;0.8;4.0;0.0
2020-08-07;348,85;65,27;;;32.408497;18.508501;14.081478;0.0;0.0;0.0
2020-09-07;348,18;65,25;;;18.2085;9.3085;17.076298;0.0;0.0;0.0
2020-10-07;347,12;65,25;;;15.8085;10.408501;17.713316;4.8;8.0;0.2
2020-07-13;348,48;64,87;;;22.3585;10.908501;11.367109;0.0;0.0;0.0
2020-07-14;350,76;65,67;;;27.008501;12.1085005;16.24394;0.0;0.0;0.0
2020-07-15;348,10;64,68;;;16.9585;12.658501;10.086427;12.7;18.0;0.0
2020-07-16;349,26;65,59;;;20.008501;11.4585;16.65754;2.4999998;11.0;0.2
2020-07-17;356,84;66,25;;;20.7085;11.2585;19.174856;5.1;9.0;0.0
2020-07-20;354,75;66,51;;;24.758501;14.3085;22.657131;2.8;7.0;0.0
2020-07-21;356,51;68,60;;;21.6585;11.7585;16.854767;0.0;0.0;0.0
2020-07-22;357,62;69,88;;;21.258501;11.2085;16.327497;1.0;4.0;0.0
2020-07-23;361,51;69,44;;;22.8585;13.6085005;11.435313;0.3;1.0;0.3
2020-07-24;360,34;69,18;;;27.6585;13.3585005;25.460934;0.0;0.0;0.0
2020-07-27;361,21;69,88;;;24.8085;15.408501;17.072504;0.5;4.0;0.0
2020-07-28;361,76;70,20;;;27.3085;15.408501;22.450264;0.5;5.0;0.0
2020-07-29;362,30;70,08;;;22.4085;12.158501;28.521906;0.0;0.0;0.0
2020-07-30;365,34;70,86;;;23.1585;12.658501;16.215992;0.1;1.0;0.0
2020-07-31;364,04;69,83;;;26.4585;12.908501;14.529915;0.0;0.0;0.0
2020-03-08;366,26;68,70;;;9.8585005;0.7585;20.570463;0.0;0.0;0.0
2020-04-08;379,83;71,69;;;20.9085;5.1584997;12.849528;0.0;0.0;0.0
2020-05-08;372,62;70,33;;;20.4585;5.9585;14.773164;0.0;0.0;0.0
2020-06-08;373,04;69,67;;;20.4085;8.9585;12.522619;0.0;0.0;0.0
2020-07-08;377,56;69,66;;;17.8585;12.408501;16.055353;0.1;1.0;0.1
2020-10-08;379,67;69,56;;;14.7585;9.5085;23.675304;7.0000005;13.0;0.0
2020-11-08;376,84;69,72;;;10.1085005;1.0085;13.75558;0.0;0.0;0.0
2020-12-08;376,98;69,11;;;6.6584997;1.2085;15.379206;0.4;2.0;0.0
2020-08-13;381,08;70,97;;;31.7085;19.258501;15.459054;0.3;2.0;0.0
2020-08-14;386,33;71,15;;;28.258501;19.258501;17.713316;0.0;0.0;0.0
2020-08-17;384,05;69,79;;;30.4085;18.8085;19.161337;0.0;0.0;0.0
2020-08-18;392,33;71,75;;;23.9085;17.7085;15.937878;3.8000002;10.0;0.0
2020-08-19;394,16;71,37;;;26.4585;16.8085;13.450708;0.2;2.0;0.0
2020-08-20;398,74;71,76;;;31.2085;16.508501;18.218275;0.0;0.0;0.0
2020-08-21;403,62;71,97;;;35.5585;20.6085;19.562946;0.0;0.0;0.0
2020-08-24;406,19;72,55;;;22.4585;13.8085;19.966211;0.3;3.0;0.0
2020-08-25;406,32;73,56;;;23.008501;13.7585;19.201874;0.3;3.0;0.0
2020-08-26;411,18;73,41;;;19.508501;16.1585;34.651752;11.800002;20.0;0.9
2020-08-27;410,24;73,66;;;19.2085;12.5585;32.902103;0.5;4.0;0.1
2020-08-28;409,49;75,72;;;21.2085;13.5085;19.346441;2.3;7.0;0.0
2020-08-31;407,32;74,38;;;21.3085;10.7085;14.618837;1.2;2.0;0.0
2020-01-09;411,71;76,41;;;10.158501;6.4585;20.188908;5.4999995;20.0;0.7
2020-02-09;404,32;75,49;;;12.7085;4.4084997;44.71252;4.7;8.0;0.0
2020-03-09;401,08;75,82;;;10.0085;3.1085;13.324863;1.6;8.0;0.0
2020-04-09;400,83;75,54;;;17.6085;2.6585;22.691423;0.0;0.0;0.0
2020-08-09;399,41;74,53;;;35.2085;21.9585;20.87379;0.4;3.0;0.0
2020-09-09;397,83;75,22;;;24.1585;13.2085;21.41319;1.3000001;3.0;0.0
2020-10-09;399,98;75,24;;;15.0085;10.5585;21.194187;1.4000001;8.0;0.0
2020-11-09;398,92;74,79;;;7.1085;5.1085;15.034041;0.0;0.0;0.0
2020-09-14;388,72;73,66;;;28.1585;12.158501;9.085988;0.0;0.0;0.0
2020-09-15;385,33;72,90;;;30.3085;16.3085;15.575981;0.0;0.0;0.0
2020-09-16;384,63;73,40;;;28.9085;14.2585;20.393293;0.3;2.0;0.0
2020-09-17;385,22;73,54;;;18.3585;6.5084996;17.238699;0.2;2.0;0.0
2020-09-18;385,53;71,83;;;19.0585;5.5585;9.3876505;0.0;0.0;0.0
2020-09-21;384,53;71,17;;;24.008501;8.408501;11.043261;0.0;0.0;0.0
2020-09-22;388,90;71,16;;;25.9085;10.6085005;11.503113;0.0;0.0;0.0
2020-09-23;393,58;70,57;;;26.4085;13.908501;12.57426;0.0;0.0;0.0
2020-09-24;396,55;71,89;;;21.9085;13.4585;23.688984;0.0;0.0;0.0
2020-09-25;401,91;72,49;;;14.9585;11.0085;15.815435;11.500001;12.0;0.1
2020-09-28;399,44;70,89;;;17.4085;7.6085;12.979984;0.0;0.0;0.0
2020-09-29;398,29;70,67;;;17.7085;9.1085005;8.854829;0.0;0.0;0.0
2020-09-30;396,33;70,55;;;18.1585;7.7085;9.028754;0.0;0.0;0.0
2020-01-10;392,33;69,41;;;10.6085005;5.2085;23.893261;2.4;11.0;0.2
2020-02-10;395,28;69,87;;;8.8085;3.5085;44.067295;14.200001;18.0;4.8
2020-05-10;392,28;70,54;;;23.6585;10.5085;22.734219;0.3;2.0;0.0
2020-06-10;393,06;70,19;;;21.508501;11.4585;19.486609;4.1;5.0;0.0
2020-07-10;391,14;69,63;;;25.2085;11.0085;29.69727;8.400001;8.0;0.0
2020-08-10;393,16;70,36;;;30.9585;21.258501;15.124284;0.0;0.0;0.0
2020-09-10;393,92;71,21;;;18.508501;10.158501;16.42247;0.0;0.0;0.0
2020-10-13;391,70;70,27;;;12.0085;3.0085;26.642431;0.4;2.0;0.0
2020-10-14;397,28;70,91;;;10.6085005;9.5585;33.092598;13.800002;22.0;0.4
2020-10-15;398,92;71,08;;;12.0085;8.908501;29.175552;0.2;2.0;0.0
2020-10-16;402,02;71,22;;;11.3085;7.2085;17.654686;1.2;9.0;0.0
2020-10-19;402,37;71,80;;;11.3585005;5.0084996;15.4800005;0.0;0.0;0.0
2020-10-20;397,33;70,98;;;11.8585005;5.2085;20.948164;1.4000001;7.0;0.0
2020-10-21;399,41;71,23;;;16.2085;10.4585;24.703974;2.3;5.0;0.4
2020-10-22;401,98;71,81;;;19.1085;12.7085;22.771244;0.1;1.0;0.0
2020-10-23;402,55;71,53;;;16.6585;11.2585;12.313894;7.6;9.0;0.0
2020-10-26;403,90;71,80;;;12.6085005;8.1085005;13.708391;2.5;8.0;0.0
2020-10-27;407,10;71,75;;;12.6085005;7.5585;21.758419;0.0;0.0;0.0
2020-10-28;412,09;71,76;;;13.1085005;8.7585;21.077686;0.0;0.0;0.0
2020-10-29;412,13;71,66;;;11.0585;7.0585;26.27753;2.2000003;10.0;0.3
2020-10-30;413,82;71,99;;;13.6085005;8.3585005;23.266697;12.0;24.0;0.5
2020-03-11;410,36;71,35;;;12.158501;7.4585;26.302181;0.70000005;3.0;0.2
2020-04-11;405,62;71,64;;;14.2085;0.5585;9.227524;0.0;0.0;0.0
2020-05-11;409,12;73,76;;;9.4585;1.1585001;26.319422;7.8;12.0;0.0
2020-06-11;407,90;75,71;;;20.0585;13.3085;13.202726;6.7;13.0;1.4
2020-09-11;397,55;73,43;;;21.4585;9.0585;10.24578;0.0;0.0;0.0
2020-10-11;399,19;74,21;;;11.2585;4.6584997;19.319628;0.1;1.0;0.0
2020-11-11;407,51;75,27;;;7.3585;4.6085;10.296251;0.1;1.0;0.0
2020-12-11;410,65;75,13;;;1.3585;-0.8915;20.393293;0.0;0.0;0.0
2020-11-13;416,36;76,02;;;10.7585;5.5585;13.217443;0.0;0.0;0.0
2020-11-16;421,48;77,59;;;11.6085005;8.6085005;19.576189;2.1;5.0;0.6
2020-11-17;415,24;77,79;;;10.7585;7.1085;19.469976;2.6999998;7.0;0.0
2020-11-18;417,32;78,08;;;12.0585;8.5085;20.316889;0.0;0.0;0.0
2020-11-19;412,32;77,62;;;12.0585;3.2085001;29.620802;0.5;2.0;0.0
2020-11-20;408,82;76,10;;;5.8585;-0.1415;20.172853;0.2;2.0;0.0
2020-11-23;409,82;75,38;;;8.408501;2.2085001;25.630886;0.0;0.0;0.0
2020-11-24;407,13;75,60;;;6.5585;0.008499999;15.463246;0.0;0.0;0.0
2020-11-25;406,75;76,48;;;4.1584997;-0.3415;14.404499;0.0;0.0;0.0
2020-11-26;409,57;76,84;;;7.3085;0.6085;15.192682;0.1;1.0;0.0
2020-11-27;414,15;77,72;;;6.8585;2.4585001;8.0899935;0.2;2.0;0.0
2020-11-30;412,90;77,13;;;3.0085;-0.4415;14.471821;0.0;0.0;0.0
2020-01-12;408,90;78,12;;;7.1085;0.7585;25.318008;0.2;1.0;0.0
2020-02-12;406,12;77,43;;;5.9585;2.6585;42.51202;0.2;1.0;0.0
2020-03-12;401,82;78,22;;;12.4585;4.1584997;44.8153;3.0000002;5.0;0.3
2020-04-12;398,01;77,61;;;21.8085;2.6585;15.2947035;0.0;0.0;0.0
2020-07-12;393,01;77,33;;;19.758501;10.0585;18.043148;0.0;0.0;0.0
2020-08-12;395,28;77,07;;;30.6585;18.8585;15.124284;0.0;0.0;0.0
2020-09-12;395,20;76,25;;;25.9085;9.8085;21.603;0.0;0.0;0.0
2020-10-12;393,92;78,21;;;11.408501;4.9084997;13.009903;0.4;3.0;0.0
2020-11-12;393,92;77,96;;;9.908501;6.3585;15.192682;0.6;5.0;0.1
2020-12-14;398,68;78,02;;;7.0084996;2.7585;18.0;0.0;0.0;0.0
2020-12-15;398,46;78,30;;;7.5585;3.3585;15.941944;0.0;0.0;0.0
2020-12-16;404,64;78,94;;;8.7085;3.1585;17.786331;0.0;0.0;0.0
2020-12-17;403,01;79,41;;;8.0085;2.2585;18.751125;1.0;2.0;0.0
2020-12-18;404,42;79,50;;;7.6085;1.4085001;14.081477;0.0;0.0;0.0
2020-12-21;404,82;79,01;;;6.1584997;3.2085001;21.288757;1.4000001;4.0;0.0
2020-12-22;404,82;78,38;;;12.658501;6.0084996;29.024128;10.6;14.0;0.9
2020-12-23;404,75;77,85;;;9.8585005;5.8585;21.313093;3.8000002;9.0;0.0
2020-12-28;407,10;77,70;;;4.3585;1.0585;19.652176;0.90000004;6.0;0.0
2020-12-29;410,82;79,25;;;3.9585001;0.108500004;18.892282;0.3;3.0;0.0
2020-12-30;410,32;79,12;;;4.6085;-0.4415;14.458382;0.0;0.0;0.0
2021-04-01;407,55;77,47;;;16.9585;2.9585001;25.006397;1.0;6.0;0.0
2021-05-01;417,32;79,29;;;12.6085005;6.1085;10.390226;0.1;1.0;0.0
2021-06-01;415,52;78,65;;;22.8585;8.8085;17.447933;0.0;0.0;0.0
2021-07-01;413,38;76,74;;;17.6085;14.6085005;24.36591;26.0;15.0;1.2
2021-08-01;414,82;76,59;;;21.6585;14.408501;14.241629;0.8;5.0;0.0
2021-11-01;419,36;76,37;;;12.2585;8.4585;14.182355;6.1000004;16.0;0.0
2021-12-01;416,49;78,10;;;8.3585005;2.3585;38.26175;5.5999994;12.0;0.1
2021-01-13;417,07;78,69;;;3.0085;-0.2915;30.154163;0.9000001;10.0;0.0
2021-01-14;412,82;79,34;;;2.6585;-0.6915;22.963936;0.0;0.0;0.0
2021-01-15;416,32;78,76;;;-0.24150002;-3.6415;19.966211;0.0;4.0;0.0
2021-01-18;416,82;78,76;;;2.4085;-3.7415;20.780453;3.0;10.0;0.0
2021-01-19;415,60;77,68;;;6.7085;1.2585001;25.671307;6.4;15.0;0.0
2021-01-20;415,97;78,21;;;7.8085;2.5085;23.363974;0.0;0.0;0.0
2021-01-21;416,18;77,70;;;12.408501;5.4585;33.137604;0.4;3.0;0.0
2021-01-22;418,98;76,57;;;10.2085;-1.1415;33.709534;0.0;0.0;0.0
2021-01-25;420,73;76,38;;;2.4585001;-1.6915;15.158522;0.1;1.0;0.0
2021-01-26;416,52;78,18;;;2.5585;-2.3915;18.089775;0.1;1.0;0.0
2021-01-27;418,00;77,45;;;3.8085;-0.09150001;15.496736;0.2;4.0;0.0
2021-01-28;422,48;77,72;;;3.5085;-4.1915;19.255793;0.6;3.0;0.3
2021-01-29;422,35;77,03;;;-0.4415;-5.0415;14.618837;0.0;12.0;0.0
2021-01-02;422,91;77,58;;;2.6585;-0.99149996;16.08761;0.0;0.0;0.0
2021-02-02;422,09;78,78;;;1.4585;-0.1415;13.708391;1.4;8.0;0.0
2021-03-02;425,40;79,34;;;10.658501;-2.7914999;9.422101;0.0;0.0;0.0
2021-04-02;425,91;78,09;;;11.658501;2.3085;25.264202;0.1;1.0;0.0
2021-05-02;424,72;78,86;;;11.7085;5.1085;21.749481;10.899999;23.0;0.1
2021-08-02;422,57;78,66;;;21.7085;13.7085;25.210283;0.0;0.0;0.0
2021-09-02;423,48;78,68;;;20.9085;10.8585005;15.496736;0.0;0.0;0.0
2021-10-02;420,96;78,26;;;19.5585;9.2585;22.33161;0.0;0.0;0.0
2021-11-02;422,18;78,30;;;11.0085;3.8085;10.636766;1.5000001;8.0;0.2
2021-12-02;424,28;78,89;;;3.2085001;-2.6415;30.396025;0.0;0.0;0.0
2021-02-17;425,09;78,43;;;7.1584997;0.8085;21.26744;1.2;4.0;0.0
2021-02-18;429,54;78,96;;;10.2085;1.9585;20.12461;1.3;4.0;0.0
2021-02-19;428,51;79,25;;;9.3085;-1.1415;25.40743;2.3999999;4.0;1.2
2021-02-22;436,17;80,15;;;11.3085;0.4585;12.181625;0.0;0.0;0.0
2021-02-23;444,17;81,47;;;16.508501;2.2085001;13.044722;0.0;0.0;0.0
2021-02-24;447,31;82,33;;;17.8585;6.3085;13.207634;0.0;0.0;0.0
2021-02-25;452,08;82,11;;;17.758501;6.0084996;15.072783;0.2;1.0;0.0
2021-02-26;455,22;81,57;;;9.1085005;3.8585;18.671474;3.9;7.0;0.5
2021-01-03;458,31;81,86;;;0.8085;-0.24150002;21.67786;0.40000004;22.0;0.0
2021-02-03;460,16;81,23;;;8.0085;0.7585;24.033876;13.300001;20.0;0.3
2021-03-03;465,61;80,95;;;13.3585005;-2.6415;15.273505;0.0;0.0;0.0
2021-04-03;447,89;79,09;;;8.9585;-1.5415;21.96295;0.4;3.0;0.0
2021-05-03;450,44;79,11;;;10.6085005;4.3085;25.2924;0.7;5.0;0.0
2021-08-03;451,22;78,22;;;20.9085;12.7085;10.538843;2.9;9.0;0.0
2021-09-03;454,97;78,59;;;22.6585;10.2585;18.888851;0.0;0.0;0.0
2021-10-03;462,47;81,77;;;21.8585;15.0085;22.805367;0.1;1.0;0.0
2021-11-03;450,36;81,35;;;10.4585;3.5585;12.43434;0.2;1.0;0.0
2021-12-03;449,42;80,77;;;3.0585;-1.2915;26.242987;0.6;9.0;0.0
2021-03-15;449,34;79,60;;;7.7085;1.8585;21.603;5.2999997;14.0;0.1
2021-03-16;450,43;80,28;;;6.9585;-0.99149996;26.260265;0.6;4.0;0.3
2021-03-17;453,47;81,22;;;5.2584996;-3.2415;15.542662;0.9;4.0;0.0
2021-03-18;447,47;80,50;;;6.7085;-3.0414999;11.681987;2.1;11.0;0.0
2021-03-19;443,59;80,83;;;4.0585;-3.9915001;27.475807;0.5;7.0;0.0
2021-03-22;442,66;80,29;;;9.4585;-0.4415;15.893093;0.0;0.0;0.0
2021-03-23;439,24;79,66;;;7.6085;3.4085;15.315873;0.0;0.0;0.0
2021-03-24;439,38;78,28;;;11.3085;1.2585001;14.77755;0.0;0.0;0.0
2021-03-25;444,96;78,52;;;14.408501;0.5585;12.074766;0.0;0.0;0.0
2021-03-26;456,46;79,44;;;15.0585;3.3585;11.113451;1.0;4.0;0.0
2021-03-29;456,16;79,10;;;17.7085;7.8085;19.652176;0.1;1.0;0.0
2021-03-30;446,46;77,69;;;19.9585;6.4585;13.138765;0.0;0.0;0.0
2021-03-31;448,15;79,68;;;21.7085;4.3585;11.631956;0.0;0.0;0.0
2021-01-04;439,06;76,95;;;1.2585001;-0.2915;17.414474;0.4;17.0;0.0
2021-05-04;437,69;77,17;;;14.158501;6.7085;35.9153;1.0;5.0;0.0
2021-06-04;441,50;78,87;;;23.1585;13.4585;18.218275;0.1;1.0;0.1
2021-07-04;444,51;78,69;;;24.508501;15.158501;14.003028;0.0;0.0;0.0
2021-08-04;444,51;79,76;;;21.5585;14.8085;16.343367;1.0;3.0;0.8
2021-09-04;454,08;79,97;;;18.3585;9.9585;11.165805;0.2;2.0;0.0
2021-12-04;454,19;79,33;;;2.6585;0.9085;17.31746;1.0;9.0;0.20000002
2021-04-13;455,69;79,93;;;8.6085005;-0.6415;18.079027;0.4;4.0;0.0
2021-04-14;456,63;80,48;;;7.8585;-0.19150001;17.713316;0.4;4.0;0.0
2021-04-15;452,88;80,53;;;7.1085;0.8085;25.630886;1.6;8.0;0.0
2021-04-16;449,06;80,39;;;10.2585;2.8585;20.345573;0.4;3.0;0.1
2021-04-19;445,97;80,18;;;16.6085;3.4085;12.768586;0.3;2.0;0.0
2021-04-20;449,51;80,89;;;16.8085;3.0085;12.261158;0.0;0.0;0.0
2021-04-22;448,72;82,15;;;10.3585005;3.4085;27.698954;0.8000001;7.0;0.0
2021-04-23;452,74;82,39;;;12.2585;3.9085;25.488914;0.0;0.0;0.0
2021-04-26;452,24;82,86;;;9.1085005;-2.0915;15.192682;0.0;0.0;0.0
2021-04-27;455,60;83,37;;;11.8585005;-1.7414999;16.645864;0.0;0.0;0.0
2021-04-28;459,41;85,65;;;16.6085;2.6585;16.65754;0.0;0.0;0.0
2021-04-29;454,51;84,89;;;16.1585;7.6584997;23.990698;2.4;5.0;0.0
2021-04-30;455,97;83,91;;;11.1085005;6.0084996;21.218632;0.3;3.0;0.0
2021-03-05;455,97;84,10;;;5.5084996;-3.4415;16.299694;0.0;1.0;0.0
2021-04-05;459,69;84,61;;;6.2584996;-0.3415;32.744175;4.0;8.0;0.0
2021-05-05;467,47;87,12;;;12.4585;4.8585;35.178837;2.2;5.0;0.0
2021-06-05;465,47;88,14;;;27.258501;13.3585005;16.73516;0.0;0.0;0.0
2021-07-05;460,46;88,18;;;22.8585;15.6085005;13.397612;0.90000004;3.0;0.0
2021-10-05;458,96;87,74;;;15.7585;11.0085;17.610588;10.2;13.0;0.2
2021-11-05;461,62;88,37;;;9.7085;7.0585;21.96;2.3999999;7.0;0.6
2021-12-05;459,50;86,76;;;1.5085001;-0.54150003;12.819235;0.0;6.0;0.0
2021-05-13;459,54;86,72;;;13.3585005;10.5085;20.018072;9.0;23.0;0.7
2021-05-14;457,74;86,86;;;12.3585005;5.7584996;23.933908;1.9000001;10.0;0.1
2021-05-17;455,41;86,48;;;17.5585;8.408501;12.031756;1.0;5.0;0.0
2021-05-18;462,21;88,11;;;14.8585005;6.9585;18.709612;1.5000001;9.0;0.0
2021-05-19;462,87;87,09;;;16.1585;7.2584996;19.05281;1.5000001;8.0;0.2
2021-05-20;463,59;87,92;;;16.0085;7.8085;18.486622;0.4;4.0;0.0
2021-05-21;465,46;87,03;;;19.3085;9.2085;26.987997;0.5;3.0;0.0
2021-05-24;460,46;86,52;;;20.3585;7.2584996;23.000591;0.7;2.0;0.0
2021-05-25;463,14;86,78;;;15.158501;8.3585005;25.711662;2.3;6.0;0.2
2021-05-26;467,18;88,00;;;15.2585;8.4585;23.966375;4.0;10.0;0.0
2021-05-27;468,14;89,12;;;15.2585;8.1085005;26.749235;4.9999995;10.0;0.0
2021-05-28;476,77;91,37;;;15.8085;7.5084996;16.870138;0.5;5.0;0.0
2021-05-31;476,32;91,16;;;20.3085;5.7085;10.495713;0.0;0.0;0.0
2021-01-06;483,45;93,77;;;2.2585;0.6585;17.208603;2.3;18.0;0.2
2021-02-06;484,40;95,13;;;-0.19150001;-5.5415;29.478264;0.0;0.0;0.0
2021-04-06;478,59;95,05;;;5.9585;-1.4914999;25.068514;0.6999999;6.0;0.0
2021-07-06;480,51;95,40;;;28.6085;15.908501;24.546085;3.2;6.0;0.0
2021-08-06;479,95;95,27;;;23.8085;15.5085;17.072504;3.6999998;11.0;0.3
2021-09-06;481,95;95,06;;;22.008501;12.658501;9.227524;0.0;0.0;0.0
2021-10-06;483,45;95,47;;;16.0585;6.7085;14.48972;0.1;1.0;0.0
2021-11-06;483,45;94,42;;;11.3085;7.1085;26.282465;0.4;4.0;0.0
2021-06-14;479,95;94,63;;;25.758501;9.5585;11.183201;0.0;0.0;0.0
2021-06-15;480,79;95,34;;;24.5585;12.7085;14.799459;1.2;4.0;0.0
2021-06-16;482,68;95,67;;;27.2085;12.2585;15.876775;0.0;0.0;0.0
2021-06-17;479,95;95,53;;;32.658497;18.508501;18.626305;0.0;0.0;0.0
2021-06-18;484,94;95,65;;;33.4585;20.0585;19.33639;0.0;0.0;0.0
2021-06-21;484,49;96,47;;;30.8585;19.0585;19.586119;2.5;2.0;2.3
2021-06-22;483,58;97,42;;;21.1585;13.6085005;17.786331;0.0;0.0;0.0
2021-06-23;484,94;97,67;;;20.6585;13.7585;12.43434;0.7;4.0;0.0
2021-06-24;486,61;99,21;;;20.4585;14.2585;12.849528;3.7;12.0;0.0
2021-06-25;492,72;99,50;;;22.9085;13.908501;10.495713;0.1;1.0;0.0
2021-06-28;497,16;100,93;;;29.8585;16.508501;12.594856;0.0;0.0;0.0
2021-06-29;493,12;99,86;;;29.1585;18.758501;12.879752;2.1999998;4.0;0.0
2021-06-30;500,44;100,63;;;19.1585;16.1085;23.441502;42.500004;24.0;0.1
2021-01-07;501,44;99,33;;;1.7085;0.4585;18.511143;0.70000005;10.0;0.0
2021-02-07;506,44;100,32;;;-5.6415;-8.091499;32.97293;0.1;18.0;0.0
2021-05-07;502,72;98,90;;;8.9585;3.5585;23.710857;6.4999995;12.0;0.0
2021-06-07;513,27;98,71;;;26.3585;13.408501;11.440979;0.0;0.0;0.0
2021-07-07;521,64;99,66;;;21.8085;16.258501;10.315115;9.900001;8.0;1.8
2021-08-07;524,03;99,74;;;23.3585;15.2085;15.9134655;3.6;5.0;0.0
2021-09-07;526,60;100,52;;;21.4085;12.0085;10.44;0.0;0.0;0.0
2021-12-07;527,94;102,12;;;1.0085;-2.4415;22.553936;0.0;0.0;0.0
2021-07-13;520,85;100,72;;;28.258501;17.3585;15.7908325;0.6;2.0;0.0
2021-07-14;531,30;104,75;;;26.6585;15.9585;17.418196;0.70000005;3.0;0.0
2021-07-15;530,57;103,53;;;25.1585;16.258501;11.726277;0.6;3.0;0.0
2021-07-16;533,69;104,24;;;28.0585;17.258501;14.291592;1.2;5.0;0.0
2021-07-19;537,79;102,32;;;19.6585;13.0585;15.484185;0.1;1.0;0.0
2021-07-20;549,48;105,28;;;20.1585;13.9585;13.755579;0.2;2.0;0.0
2021-07-21;553,43;106,78;;;21.4085;14.9585;14.587776;0.5;4.0;0.0
2021-07-22;565,84;108,63;;;21.9085;15.2085;12.429127;0.8;4.0;0.3
2021-07-23;566,81;108,65;;;23.9585;14.4585;14.408997;1.5;4.0;0.0
2021-07-26;583,57;112,77;;;28.6085;19.0585;12.24;0.2;2.0;0.0
2021-07-27;598,57;115,60;;;26.3085;17.758501;18.218275;0.2;2.0;0.0
2021-07-28;602,43;117,80;;;24.0585;17.0585;17.595861;1.9000002;6.0;0.0
2021-07-29;599,93;118,17;;;23.9085;13.8585005;29.795301;0.4;2.0;0.0
2021-07-30;580,56;111,71;;;25.7085;14.3585005;26.983194;0.0;0.0;0.0
2021-02-08;577,71;111,89;;;-8.7415;-12.1414995;27.70831;0.0;17.0;0.0
2021-03-08;594,93;114,78;;;5.2085;-4.4915004;10.464797;0.0;0.0;0.0
2021-04-08;601,82;115,98;;;7.3085;0.9085;30.216421;0.099999994;3.0;0.0
2021-05-08;603,11;115,92;;;13.5585;3.4085;16.327497;0.0;0.0;0.0
2021-06-08;601,73;114,81;;;25.9085;13.3585005;15.281989;0.0;0.0;0.0
2021-09-08;612,91;117,01;;;23.9085;10.8585005;10.315115;0.0;0.0;0.0
2021-10-08;622,91;119,84;;;15.8085;5.6584997;13.441071;0.0;0.0;0.0
2021-11-08;622,41;119,05;;;10.2585;7.7085;21.96;1.8000003;10.0;0.0
2021-12-08;626,02;119,15;;;0.5085;-2.3915;23.0653;0.0;2.0;0.0
2021-08-13;631,18;120,39;;;28.6585;16.4085;17.727943;0.0;0.0;0.0
2021-08-16;632,91;119,73;;;23.8085;12.8585005;27.038372;3.7;6.0;0.0
2021-08-17;637,18;120,95;;;18.2085;13.408501;37.226505;1.6000001;10.0;0.0
2021-08-18;646,78;120,67;;;19.1585;13.3085;26.82906;0.5;4.0;0.0
2021-08-19;649,35;119,89;;;20.7085;15.7085;24.850431;0.3;3.0;0.0
2021-08-20;652,13;121,26;;;20.5585;12.7585;19.592731;3.5;11.0;0.0
2021-08-23;652,68;121,50;;;20.7085;12.9585;26.339111;2.6000001;4.0;1.1
2021-08-24;667,68;126,96;;;20.6085;8.5085;22.26768;0.0;0.0;0.0
2021-08-25;666,90;128,00;;;22.3085;8.158501;24.881702;3.9;7.0;0.0
2021-08-26;674,35;128,45;;;16.6585;12.0085;18.79255;8.5;18.0;0.2
2021-08-27;683,65;131,57;;;16.1585;11.7585;18.532133;5.7000003;16.0;0.5
2021-08-30;683,79;131,83;;;17.1085;12.7085;20.268991;4.0;13.0;0.0
2021-08-31;691,01;133,53;;;19.758501;11.658501;23.73271;0.8;6.0;0.0
2021-01-09;708,90;137,01;;;2.4085;0.008499999;10.587918;0.2;2.0;0.0
2021-02-09;721,71;139,19;;;-6.9915004;-14.1414995;11.013882;0.0;6.0;0.0
2021-03-09;724,34;139,73;;;5.6085;-4.0915003;9.585739;0.0;0.0;0.0
2021-06-09;733,23;141,69;;;26.258501;12.0085;8.161764;0.0;0.0;0.0
2021-08-09;734,09;138,17;;;23.1585;13.408501;17.22742;0.6;4.0;0.0
2021-09-09;735,73;138,63;;;25.8585;12.7585;13.392774;0.0;0.0;0.0
2021-10-09;735,73;139,71;;;14.3585005;3.8085;16.167967;0.0;0.0;0.0
2021-09-13;737,67;141,02;;;19.3585;12.2585;16.1198;0.4;4.0;0.0
2021-09-14;745,89;141,78;;;21.5585;11.5085;15.137133;0.0;0.0;0.0
2021-09-15;758,64;144,72;;;24.7085;14.8085;19.523155;5.8;8.0;0.0
2021-09-16;757,89;143,68;;;18.508501;14.408501;19.839235;0.2;2.0;0.0
2021-09-17;762,89;144,40;;;17.0585;12.158501;20.771093;0.2;2.0;0.0
2021-09-20;771,55;144,19;;;15.2085;7.2584996;7.8625183;0.0;0.0;0.0
2021-09-21;782,11;148,07;;;15.5085;9.9585;19.386593;1.3000001;7.0;0.0
2021-09-22;786,88;148,44;;;16.6585;10.9585;17.713316;0.0;0.0;0.0
2021-09-23;794,00;149,58;;;19.1085;10.908501;33.21573;1.5;4.0;0.0
2021-09-24;811,86;151,86;;;17.258501;11.7085;27.691935;0.1;1.0;0.0
2021-09-27;812,64;151,05;;;21.4085;15.5085;14.57889;0.1;1.0;0.0
2021-09-28;822,58;151,49;;;17.2085;11.5585;16.055355;1.0;3.0;0.0
2021-09-29;818,49;150,85;;;16.4085;9.408501;18.278645;9.3;9.0;0.0
2021-09-30;825,86;151,90;;;14.658501;8.5585;24.675106;0.9;4.0;0.0
2021-01-10;830,32;154,82;;;1.5085001;-0.5915;17.873556;0.0;1.0;0.0
2021-04-10;833,75;152,93;;;9.6085005;4.4084997;17.87718;6.499999;17.0;0.0
2021-05-10;827,36;151,28;;;28.0585;12.7085;20.523157;0.0;0.0;0.0
2021-06-10;833,36;151,85;;;27.4585;16.0585;15.827721;0.2;2.0;0.0
2021-07-10;836,06;151,93;;;23.4085;15.0085;21.349546;0.8;2.0;0.7
2021-08-10;834,41;151,44;;;21.9585;13.5085;16.323528;5.7;9.0;0.0
2021-11-10;831,06;150,23;;;8.3585005;0.8085;9.422101;0.1;1.0;0.0
2021-10-13;833,86;151,31;;;11.7085;4.1584997;14.689589;0.4;3.0;0.0
2021-10-14;828,86;150,16;;;12.8085;8.5585;22.26768;1.7000002;8.0;0.1
2021-10-15;811,68;148,66;;;13.7585;5.7085;29.69727;3.6000001;5.0;0.0
2021-10-18;799,31;144,96;;;15.4585;8.408501;14.372974;0.1;1.0;0.1
2021-10-19;774,87;138,69;;;15.8585005;7.4084997;19.164717;1.6;2.0;0.0
2021-10-20;752,65;135,69;;;18.8585;12.908501;35.565372;4.8;3.0;0.0
2021-10-21;753,38;133,25;;;16.4085;6.1085;47.873234;7.9999995;10.0;1.3
2021-10-22;755,43;133,94;;;10.2585;5.4585;42.518116;4.7999997;6.0;0.0
2021-10-25;759,87;137,01;;;11.3585005;2.5585;13.684735;0.0;0.0;0.0
2021-10-26;772,37;138,74;;;13.6085005;6.5585;21.434364;0.2;2.0;0.0
2021-10-27;767,65;137,82;;;14.8585005;8.2585;20.523157;0.0;0.0;0.0
2021-10-28;765,71;136,05;;;15.2585;6.6085;15.141414;0.0;0.0;0.0
2021-10-29;771,04;136,52;;;14.0585;5.0084996;13.084402;0.0;0.0;0.0
2021-01-11;776,53;136,93;;;2.0585;0.008499999;26.959166;0.099999994;6.0;0.0
2021-03-11;778,33;139,11;;;10.2085;2.9585001;32.97097;7.299999;18.0;0.0
2021-04-11;782,13;139,29;;;18.9085;3.8085;23.507753;1.7000002;9.0;0.0
2021-05-11;781,28;141,79;;;27.1585;12.5585;18.998316;8.400001;8.0;0.0
2021-08-11;784,46;141,37;;;21.758501;12.908501;14.934577;0.0;0.0;0.0
2021-09-11;791,46;144,35;;;22.6585;16.3085;13.358861;0.6;4.0;0.0
2021-10-11;794,83;144,65;;;13.658501;3.7085001;18.947083;0.2;2.0;0.0
2021-11-11;801,19;148,42;;;7.6584997;0.4085;9.504273;0.0;0.0;0.0
2021-12-11;802,10;147,04;;;0.4085;-4.2915;13.237038;0.1;1.0;0.0
2021-11-16;804,27;146,44;;;8.2085;2.0585;12.7279215;0.0;0.0;0.0
2021-11-17;815,08;147,50;;;7.3585;4.8085;22.553934;0.3;3.0;0.0
2021-11-18;809,10;145,29;;;9.658501;5.5084996;27.44513;2.1999998;7.0;0.0
2021-11-19;812,60;145,00;;;12.0585;9.8585005;27.0024;0.5;5.0;0.0
2021-11-22;808,83;144,69;;;5.7085;-0.49150002;15.617529;0.0;0.0;0.0
2021-11-23;819,82;146,19;;;7.1085;2.5085;18.089775;0.4;3.0;0.0
2021-11-24;822,32;147,03;;;7.5585;4.9084997;13.039754;0.2;2.0;0.0
2021-11-25;818,64;147,16;;;4.9585;0.95849997;18.043148;0.0;0.0;0.0
2021-11-26;820,82;146,58;;;5.5585;0.5585;15.990646;0.2;4.0;0.0
2021-11-29;812,83;144,76;;;3.0085;-0.1415;15.941944;1.0;7.0;0.0
2021-11-30;815,82;144,47;;;5.7085;0.8085;33.81126;4.2999997;12.0;0.1
2021-01-12;825,93;145,79;;;2.2085001;-0.19150001;26.36616;4.4;16.0;0.100000024
2021-02-12;830,81;146,99;;;-3.2914999;-14.5415;15.575981;0.0;0.0;0.0
2021-03-12;834,51;147,00;;;9.5585;4.3085;29.601109;2.3999999;11.0;0.0
2021-06-12;836,69;147,15;;;20.3585;12.0585;26.787966;3.5;10.0;0.0
2021-07-12;838,70;149,29;;;25.2085;17.3085;16.946787;3.2;9.0;0.1
2021-08-12;834,36;150,66;;;26.508501;12.8085;10.739833;0.0;0.0;0.0
2021-09-12;839,81;150,50;;;21.5585;13.7085;16.039202;0.2;2.0;0.0
2021-10-12;830,89;148,03;;;11.8085;4.5084996;23.233252;3.3999996;8.0;0.0
2021-12-13;828,67;146,07;;;7.4585;3.4085;9.885262;0.6;5.0;0.0
2021-12-14;829,22;145,71;;;7.6085;5.9585;13.358861;0.2;2.0;0.1
2021-12-15;831,28;145,25;;;8.8585005;6.4585;19.829433;0.2;2.0;0.0
2021-12-16;829,78;146,22;;;8.7085;3.5085;17.068707;0.3;1.0;0.0
2021-12-17;830,78;146,21;;;6.2584996;4.1085;17.713316;0.0;0.0;0.0
2021-12-20;825,41;143,85;;;3.8085;-3.9415;16.299694;0.0;2.0;0.0
2021-12-21;826,28;144,03;;;0.5585;-1.6915;8.473393;0.0;1.0;0.0
2021-12-22;828,11;146,05;;;-0.19150001;-3.7415;13.479583;0.0;0.0;0.0
2021-12-23;829,78;146,53;;;1.9085001;-3.1415;16.516901;1.8;11.0;0.0
2021-12-27;831,21;147,48;;;-0.4415;-5.4915004;21.120682;0.0;2.0;0.0
2021-12-28;827,64;146,82;;;2.0585;-3.7914999;20.945072;1.1;5.0;0.0
2021-12-29;827,92;145,40;;;4.0585;0.5585;10.182337;0.2;2.0;0.0
2021-12-30;828,35;148,58;;;12.1085005;4.3085;23.749088;1.7000002;10.0;0.0
2022-03-01;829,17;146,47;;;6.7085;-3.6415;14.707222;0.0;0.0;0.0
2022-04-01;826,80;145,38;;;7.0585;-0.8915;28.394392;0.0;0.0;0.0
2022-05-01;826,30;145,91;;;16.4085;7.3085;13.979871;0.0;0.0;0.0
2022-06-01;826,47;145,35;;;19.008501;8.658501;22.505037;1.6;7.0;0.0
2022-07-01;828,00;146,99;;;26.1085;12.158501;25.38702;4.8;10.0;0.0
2022-10-01;826,94;145,79;;;13.4585;7.6085;25.294964;2.6;3.0;0.0
2022-11-01;832,02;149,13;;;17.258501;7.9585;14.799459;0.9;3.0;0.0
2022-12-01;836,67;151,16;;;0.8585;-0.54150003;12.979984;0.0;12.0;0.0
2022-01-13;827,58;149,95;;;5.4585;3.2585;23.051247;0.0;0.0;0.0
2022-01-14;827,92;149,93;;;6.9084997;-0.1415;32.48788;0.1;1.0;0.0
2022-01-17;829,58;150,18;;;5.8585;-1.2915;36.016193;2.0;6.0;0.0
2022-01-18;825,30;148,54;;;5.6085;-1.2414999;17.377226;0.0;0.0;0.0
2022-01-19;827,20;151,39;;;4.5585;1.1585001;28.817993;0.2;2.0;0.0
2022-01-20;824,80;152,43;;;2.4085;-1.6915;31.534437;0.19999999;3.0;0.0
2022-01-21;827,58;151,65;;;3.7585;-3.3915;20.870687;1.7;7.0;0.0
2022-01-24;825,80;150,06;;;5.5585;3.7585;11.609651;0.0;0.0;0.0
2022-01-25;830,50;152,67;;;4.1584997;3.3585;15.941944;0.0;0.0;0.0
2022-01-26;835,35;154,49;;;3.7085001;2.1085;23.18579;0.5;4.0;0.0
2022-01-27;829,24;152,80;;;5.9585;3.2585;36.551968;1.0;7.0;0.0
2022-01-28;828,35;153,60;;;6.2584996;1.7085;33.47032;0.4;2.0;0.0
2022-01-31;819,80;154,59;;;3.4085;-1.4415;16.327497;0.4;6.0;0.0
2022-01-02;817,08;155,04;;;11.7085;7.7085;29.168886;3.8000002;9.0;0.0
2022-02-02;817,73;154,73;;;6.2584996;0.108500004;39.6752;0.3;3.0;0.0
2022-03-02;822,73;155,44;;;6.5084996;-4.2415004;10.08;0.0;0.0;0.0
2022-04-02;822,28;154,39;;;5.0084996;-3.3915;27.257967;0.0;0.0;0.0
2022-07-02;823,48;156,56;;;25.6085;12.0585;15.484185;0.0;0.0;0.0
2022-08-02;828,53;157,66;;;27.1585;15.3085;9.6932955;0.0;0.0;0.0
2022-09-02;830,41;159,08;;;20.7085;11.9585;17.414476;0.0;0.0;0.0
2022-10-02;827,28;158,30;;;16.1085;10.0585;26.220753;0.2;2.0;0.0
2022-11-02;822,96;157,47;;;14.908501;4.4084997;24.884306;0.4;1.0;0.0
2022-02-14;823,42;157,83;;;12.408501;3.4085;22.346113;0.1;1.0;0.0
2022-02-15;823,87;159,02;;;8.7585;4.4084997;25.1614;0.5;2.0;0.0
2022-02-16;824,96;160,87;;;11.908501;5.4084997;41.556225;10.699999;21.0;0.4
2022-02-17;821,60;158,95;;;9.8585005;4.5084996;49.74387;2.5;10.0;0.4
2022-02-18;819,78;159,55;;;10.3085;3.0585;42.035297;3.8999999;8.0;0.0
2022-02-21;819,23;160,44;;;8.6085005;2.5085;42.730953;3.2000003;12.0;0.9
2022-02-22;817,05;161,31;;;7.4585;3.4085;31.956972;3.8999999;11.0;0.0
2022-02-23;812,06;162,31;;;9.0085;1.2085;32.688713;0.0;0.0;0.0
2022-02-24;802,01;156,73;;;10.408501;1.2085;34.03095;0.70000005;4.0;0.0
2022-02-25;804,78;156,42;;;6.3585;1.1585001;32.789658;1.5;5.0;0.0
2022-02-03;782,26;153,08;;;6.3085;1.0585;16.78156;3.0999994;13.0;0.0
2022-03-03;773,10;153,88;;;3.0585;-5.0415;13.0447235;0.0;0.0;0.0
2022-04-03;767,95;151,20;;;6.8585;-2.7914999;20.774214;0.0;0.0;0.0
2022-07-03;750,68;147,80;;;28.8585;15.3085;21.178896;0.0;0.0;0.0
2022-08-03;749,77;148,29;;;33.0585;17.2085;9.726664;0.0;0.0;0.0
2022-09-03;751,44;149,96;;;21.3585;11.7585;23.377836;0.0;0.0;0.0
2022-10-03;746,44;148,75;;;15.2585;10.1085005;29.301876;0.0;0.0;0.0
2022-11-03;758,52;150,14;;;12.408501;5.1085;19.586119;0.0;0.0;0.0
2022-03-14;755,32;147,27;;;12.0585;0.8085;16.704155;1.4000001;5.0;0.0
2022-03-15;758,40;147,15;;;11.908501;3.6085;13.479583;0.1;1.0;0.0
2022-03-16;766,13;150,07;;;11.0585;2.6585;15.986595;0.0;0.0;0.0
2022-03-17;766,13;152,07;;;12.3085;2.9585001;18.671474;0.2;2.0;0.0
2022-03-18;769,74;153,52;;;12.0585;2.1085;15.141414;0.0;0.0;0.0
2022-03-21;768,63;155,22;;;12.658501;0.4585;19.734436;0.0;0.0;0.0
2022-03-22;773,49;157,25;;;15.408501;-0.4415;12.475961;0.0;0.0;0.0
2022-03-23;769,24;159,00;;;16.9085;-0.4415;13.363711;0.0;0.0;0.0
2022-03-24;764,74;158,43;;;14.7585;-1.8414999;12.245293;0.0;0.0;0.0
2022-03-25;767,02;161,44;;;15.8585005;-0.7415;13.584932;0.0;0.0;0.0
2022-03-28;766,41;160,67;;;15.1085005;3.5585;15.905319;0.0;0.0;0.0
2022-03-29;769,74;161,68;;;11.8085;0.5585;21.42227;0.0;0.0;0.0
2022-03-30;784,28;164,01;;;8.2085;0.5085;20.163212;0.0;0.0;0.0
2022-03-31;805,29;169,14;;;6.4585;-1.2414999;26.183659;0.0;3.0;0.0
2022-01-04;807,75;173,00;;;7.1085;3.0585;16.24394;2.3;11.0;0.0
2022-04-04;813,50;176,39;;;7.8085;0.5085;42.438793;6.4;14.0;0.0
2022-05-04;811,97;174,36;;;19.2085;7.0585;10.464797;1.9000001;5.0;0.0
2022-06-04;806,12;170,79;;;22.5585;9.408501;17.873556;0.0;0.0;0.0
2022-07-04;809,75;170,65;;;24.758501;14.6085005;19.134262;0.0;0.0;0.0
2022-08-04;817,25;173,70;;;37.158497;20.258501;17.709658;0.0;0.0;0.0
2022-11-04;826,25;176,44;;;11.1085005;8.1085005;13.363711;9.900001;19.0;0.0
2022-12-04;822,25;175,77;;;2.1585;0.008499999;15.175612;0.0;0.0;0.0
2022-04-13;820,75;175,15;;;20.5585;5.5084996;16.992609;0.0;0.0;0.0
2022-04-14;822,53;175,30;;;16.9085;7.0084996;14.408997;4.7;6.0;0.0
2022-04-18;809,20;173,72;;;14.658501;0.7585;13.779114;0.0;0.0;0.0
2022-04-19;819,25;175,32;;;13.4585;3.0585;24.063513;0.0;0.0;0.0
2022-04-20;821,75;177,68;;;14.0585;5.3085;21.96295;0.1;1.0;0.0
2022-04-22;821,97;171,35;;;13.2085;4.3085;25.570139;0.6;4.0;0.0
2022-04-25;820,37;168,35;;;13.7085;3.0085;17.811815;0.0;0.0;0.0
2022-04-26;809,75;162,27;;;16.2085;2.0085;14.973576;0.0;0.0;0.0
2022-04-27;806,57;162,48;;;16.4085;5.2584996;12.181624;0.0;0.0;0.0
2022-04-28;799,76;161,96;;;16.508501;3.6085;13.044722;0.0;0.0;0.0
2022-04-29;791,98;160,06;;;18.4085;2.9085;10.661107;0.0;0.0;0.0
2022-02-05;790,30;155,97;;;5.4084997;2.2085001;32.91983;1.0;6.0;0.0
2022-03-05;789,75;159,06;;;4.4585;-4.5415;11.709688;0.1;1.0;0.0
2022-04-05;789,19;160,70;;;8.658501;4.6584997;26.420174;3.1999998;17.0;0.1
2022-05-05;783,75;155,85;;;18.3585;6.7584996;13.905509;13.1;3.0;4.3
2022-06-05;770,84;151,95;;;27.3585;9.0585;19.813087;0.3;1.0;0.0
2022-09-05;763,14;148,01;;;23.9585;14.408501;20.532627;0.0;0.0;0.0
2022-10-05;755,47;147,41;;;19.008501;9.3585005;19.022177;0.0;0.0;0.0
2022-11-05;756,52;147,24;;;11.5585;4.3085;14.205182;0.0;0.0;0.0
2022-12-05;755,11;146,74;;;3.2585;0.8585;14.934577;2.3;5.0;0.5
2022-05-13;752,61;148,91;;;18.5585;9.4585;30.978832;0.1;1.0;0.0
2022-05-16;758,44;150,33;;;24.5585;9.6085005;18.837322;0.0;0.0;0.0
2022-05-17;756,07;152,99;;;21.2085;12.908501;20.268991;11.900001;6.0;0.0
2022-05-18;751,56;150,70;;;24.258501;11.6085005;20.799152;0.0;0.0;0.0
2022-05-19;747,47;152,11;;;28.5585;13.5585;23.233253;0.0;0.0;0.0
2022-05-20;747,74;153,57;;;24.4085;14.0585;33.168877;8.1;7.0;0.0
2022-05-23;732,75;152,24;;;22.0585;9.2085;26.474077;0.1;1.0;0.0
2022-05-24;733,25;152,09;;;21.9085;9.4585;25.729298;0.2;2.0;0.0
2022-05-25;727,75;151,27;;;19.8585;9.7585;20.00512;0.1;1.0;0.0
2022-05-26;726,41;152,58;;;20.4085;13.9585;32.76198;1.6;4.0;0.0
2022-05-27;723,84;152,77;;;17.8585;8.8585005;32.039997;2.2000003;11.0;0.1
2022-05-30;717,25;150,97;;;15.7585;8.158501;16.62249;0.0;0.0;0.0
2022-05-31;708,25;149,07;;;18.258501;7.8085;9.178235;0.0;0.0;0.0
2022-01-06;707,75;147,48;;;2.8085;-2.9415;21.767351;0.0;0.0;0.0
2022-02-06;695,76;145,13;;;7.5084996;2.3585;35.965782;9.0;23.0;0.4
2022-03-06;693,76;145,02;;;2.2085001;-1.7414999;13.450708;0.0;0.0;0.0
2022-06-06;691,58;144,05;;;25.1585;14.5085;15.03835;1.2;5.0;0.0
2022-07-06;692,26;142,12;;;20.2085;14.8085;22.206486;0.3;1.0;0.0
2022-08-06;693,40;142,06;;;22.3585;11.9585;16.055355;0.0;0.0;0.0
2022-09-06;690,32;140,57;;;21.8585;14.408501;23.084955;0.0;0.0;0.0
2022-10-06;693,51;139,23;;;17.508501;5.4084997;25.570139;0.4;2.0;0.0
2022-06-13;689,76;134,64;;;20.758501;10.408501;24.863466;0.6;3.0;0.0
2022-06-14;691,98;134,63;;;19.3585;8.4585;19.319628;0.1;1.0;0.0
2022-06-15;692,26;137,76;;;24.7085;10.2085;12.682018;0.0;0.0;0.0
2022-06-17;691,43;134,52;;;24.9585;12.2085;13.009903;0.0;0.0;0.0
2022-06-20;696,57;134,34;;;17.1585;11.3085;18.03237;3.7;11.0;0.0
2022-06-21;699,29;135,76;;;23.6085;11.3085;19.67195;0.0;0.0;0.0
2022-06-22;706,41;136,64;;;26.758501;12.158501;15.876775;0.0;0.0;0.0
2022-06-23;698,25;133,53;;;29.6085;13.4585;17.782688;0.0;0.0;0.0
2022-06-24;698,25;132,80;;;31.8085;18.5585;24.023088;1.2;4.0;0.0
2022-06-27;698,08;133,53;;;34.4585;19.1085;22.59699;3.0;3.0;0.0
2022-06-28;699,25;132,79;;;24.8085;16.1585;19.201874;3.7999997;6.0;0.3
2022-06-29;706,75;136,02;;;25.0585;15.658501;15.745627;2.0;3.0;0.0
2022-06-30;709,24;135,61;;;27.2085;17.7085;13.797912;0.90000004;3.0;0.7
2022-01-07;703,65;132,21;;;2.5585;-1.3915;20.724247;0.9000001;8.0;0.0
2022-04-07;709,30;133,18;;;14.4585;6.1584997;43.534702;13.300001;14.0;0.0
2022-05-07;705,31;130,81;;;22.008501;8.658501;18.919704;0.90000004;3.0;0.0
2022-06-07;707,26;130,61;;;23.508501;13.0085;18.692286;0.0;0.0;0.0
2022-07-07;708,26;132,53;;;20.9585;13.2585;21.980644;17.400002;17.0;0.6
2022-08-07;706,76;134,24;;;23.6085;11.2085;12.849528;0.0;0.0;0.0
2022-11-07;706,76;131,66;;;13.9585;6.9084997;24.912935;0.3;2.0;0.0
2022-12-07;710,76;130,70;;;3.6085;-1.0914999;23.051247;0.8000001;8.0;0.0
2022-07-13;713,26;131,94;;;30.508501;16.2085;25.210283;0.0;0.0;0.0
2022-07-14;711,98;131,02;;;24.8585;12.9585;26.250393;0.0;0.0;0.0
2022-07-15;711,76;131,64;;;20.2085;12.3085;25.872454;0.2;2.0;0.0
2022-07-18;718,64;132,52;;;28.3085;13.3585005;10.08;0.0;0.0;0.0
2022-07-19;719,25;132,70;;;34.9585;16.0585;14.05845;0.0;0.0;0.0
2022-07-20;717,75;131,43;;;37.7085;21.0585;17.566378;0.0;0.0;0.0
2022-07-21;721,39;131,38;;;28.8085;19.508501;19.513195;3.8;6.0;0.0
2022-07-22;718,63;130,64;;;24.4085;16.258501;18.532133;0.2;2.0;0.0
2022-07-25;722,31;134,41;;;35.108498;18.3585;23.598541;5.7999997;6.0;0.0
2022-07-26;718,66;134,23;;;24.4085;12.9585;23.675304;0.3;3.0;0.0
2022-07-27;720,25;137,22;;;20.4585;10.8085;19.296133;0.0;0.0;0.0
2022-07-28;716,42;138,81;;;22.508501;10.158501;14.84318;0.0;0.0;0.0
2022-07-29;715,38;138,16;;;27.758501;14.3585005;22.406927;0.0;0.0;0.0
2022-01-08;715,73;138,04;;;2.7585;-1.5914999;20.188908;0.0;0.0;0.0
2022-02-08;715,93;135,59;;;8.408501;3.3085;28.696312;2.3;16.0;0.0
2022-03-08;721,40;136,76;;;8.5585;-3.6915;7.754637;0.0;0.0;0.0
2022-04-08;723,06;138,60;;;8.908501;2.7585;30.718357;1.8000001;7.0;0.0
2022-05-08;719,22;139,17;;;19.3085;6.6085;16.563911;0.0;0.0;0.0
2022-08-08;719,72;140,74;;;26.7085;13.7085;16.23596;0.0;0.0;0.0
2022-09-08;719,72;140,11;;;19.508501;13.158501;18.35647;13.6;11.0;0.0
2022-10-08;724,09;142,17;;;15.8585005;6.8585;24.609364;0.4;3.0;0.0
2022-11-08;728,47;141,12;;;15.7085;8.9585;17.462784;0.0;0.0;0.0
2022-12-08;731,38;144,34;;;3.1085;-1.4415;18.837324;0.6;7.0;0.0
2022-08-15;729,22;143,18;;;29.5585;19.008501;18.875126;0.8;4.0;0.0
2022-08-16;732,44;142,30;;;29.3085;17.758501;11.304229;0.0;0.0;0.0
2022-08-17;736,21;142,35;;;32.158497;17.3585;14.81259;0.0;0.0;0.0
2022-08-18;737,71;142,58;;;32.4585;20.6085;15.192682;2.1;3.0;0.0
2022-08-19;737,44;142,50;;;24.8585;18.9085;17.58481;10.200001;14.0;1.2
2022-08-22;743,04;143,94;;;22.8085;14.3585005;13.746156;0.0;0.0;0.0
2022-08-23;741,71;145,43;;;25.1585;15.5085;16.78156;0.0;0.0;0.0
2022-08-24;748,21;146,45;;;26.6585;15.408501;15.530151;0.1;1.0;0.0
2022-08-25;751,37;146,58;;;27.3085;18.1085;13.570615;3.6;10.0;0.0
2022-08-26;747,21;147,26;;;26.9585;18.6585;12.783802;17.699999;9.0;3.3
2022-08-29;744,71;148,17;;;21.7085;12.8585005;18.64369;0.1;1.0;0.0
2022-08-30;744,21;145,64;;;20.9585;12.408501;13.513193;0.6;6.0;0.0
2022-08-31;749,71;144,12;;;21.3585;12.5085;17.25373;0.3;2.0;0.0
2022-01-09;745,35;142,38;;;3.6585;-1.3915;21.028437;0.7;6.0;0.0
2022-02-09;749,72;144,82;;;9.408501;6.8085;24.472057;0.1;1.0;0.0
2022-05-09;753,05;146,14;;;21.1585;6.2584996;13.004922;0.0;0.0;0.0
2022-06-09;755,13;144,05;;;21.0585;13.8585005;15.84409;1.3000001;3.0;0.0
2022-08-09;750,35;144,05;;;27.3085;15.1085005;17.49615;0.0;0.0;0.0
2022-09-09;750,22;145,67;;;20.9585;12.7085;12.7279215;0.2;2.0;0.0
2022-12-09;750,28;147,37;;;1.1085;-3.2914999;8.209263;0.0;0.0;0.0
2022-09-13;749,22;144,39;;;19.8585;11.9585;15.517629;3.8;6.0;0.0
2022-09-14;744,72;143,77;;;18.7085;11.5585;15.281989;0.0;0.0;0.0
2022-09-15;745,22;142,14;;;17.8585;10.908501;23.623243;0.4;2.0;0.0
2022-09-16;746,72;142,04;;;16.5585;9.5085;29.15778;5.4;9.0;0.0
2022-09-19;745,28;144,35;;;15.5085;7.2584996;22.42427;4.0;4.0;0.0
2022-09-20;747,22;144,78;;;14.8585005;6.2085;17.826363;3.3;6.0;0.0
2022-09-21;746,09;144,39;;;16.258501;5.6584997;11.592894;0.3;3.0;0.0
2022-09-22;747,72;146,24;;;15.908501;3.9085;9.504273;0.0;0.0;0.0
2022-09-23;741,72;141,25;;;16.258501;3.6585;11.119281;0.0;0.0;0.0
2022-09-26;745,83;138,40;;;16.5585;8.1085005;24.33664;0.4;3.0;0.0
2022-09-27;746,09;138,68;;;12.8085;6.5084996;19.171478;5.8999996;15.0;0.2
2022-09-28;744,22;139,19;;;12.1085005;4.9585;12.10157;1.5;6.0;0.4
2022-09-29;741,09;137,29;;;13.8585005;3.6085;9.19939;0.2;2.0;0.0
2022-09-30;737,73;137,15;;;16.0585;3.5085;13.039754;0.1;1.0;0.0
2022-03-10;722,66;139,59;;;7.7085;-1.5914999;22.104116;0.0;0.0;0.0
2022-04-10;716,11;138,35;;;8.3085;1.4585;27.595823;1.7;7.0;0.0
2022-05-10;713,38;137,88;;;26.008501;9.7585;18.626305;0.0;0.0;0.0
2022-06-10;698,39;134,20;;;24.9585;13.1085005;17.873556;0.0;0.0;0.0
2022-07-10;696,75;133,35;;;19.6585;12.2585;26.459387;0.3;3.0;0.1
2022-10-10;686,39;132,43;;;16.9585;6.2085;19.242327;0.0;0.0;0.0
2022-11-10;684,76;129,93;;;13.3585005;8.0085;21.841648;0.2;1.0;0.2
2022-10-13;667,76;126,49;;;16.508501;4.7584996;18.35647;0.0;0.0;0.0
2022-10-14;656,58;123,23;;;16.508501;7.5084996;14.05845;4.0;6.0;0.0
2022-10-17;646,77;122,15;;;23.9085;12.3085;18.089775;0.0;0.0;0.0
2022-10-18;638,66;121,40;;;16.1085;10.658501;13.684735;18.800001;10.0;0.1
2022-10-19;625,28;118,60;;;13.8585005;4.0585;15.629971;0.1;1.0;0.0
2022-10-20;614,78;117,68;;;13.4585;3.6585;22.59699;1.3000001;3.0;0.0
2022-10-21;605,78;117,67;;;15.408501;8.0585;15.277749;0.3;2.0;0.0
2022-10-24;604,29;114,25;;;19.6585;12.5585;28.460497;0.0;0.0;0.0
2022-10-25;604,79;113,79;;;16.2085;7.4084997;24.29133;0.3;3.0;0.1
2022-10-26;590,35;109,87;;;17.008501;6.3085;10.883676;0.0;0.0;0.0
2022-10-27;580,25;109,50;;;19.4085;9.5085;12.43434;0.0;0.0;0.0
2022-10-28;580,79;109,29;;;21.758501;13.2085;18.556595;0.0;0.0;0.0
2022-10-31;587,01;113,45;;;17.1585;10.6085005;14.869351;0.0;0.0;0.0
2022-01-11;574,79;112,44;;;-0.54150003;-4.8415003;12.4811535;0.0;0.0;0.0
2022-03-11;555,52;108,65;;;6.8585;-2.8415;27.231804;0.0;0.0;0.0
2022-04-11;557,79;110,80;;;11.0085;0.9085;19.13426;0.0;0.0;0.0
2022-07-11;548,30;106,36;;;22.6585;11.6085005;16.563911;0.4;3.0;0.0
2022-08-11;551,29;106,65;;;29.6585;16.3585;13.684735;0.0;0.0;0.0
2022-09-11;553,13;106,82;;;19.6085;10.408501;15.815435;1.0;7.0;0.0
2022-10-11;556,46;103,11;;;15.1085005;7.0585;13.1041975;0.0;0.0;0.0
2022-11-11;560,79;105,00;;;12.658501;5.2085;17.399586;0.0;0.0;0.0
2022-11-14;550,67;103,30;;;10.908501;4.4585;17.566378;0.0;0.0;0.0
2022-11-16;554,79;103,04;;;6.9585;3.5085;24.48;0.3;3.0;0.0
2022-11-17;558,13;102,77;;;5.4084997;0.9085;34.268143;2.7;7.0;0.0
2022-11-18;557,92;103,97;;;0.70849997;-5.4415;22.668568;0.2;4.0;0.2
2022-11-21;564,37;106,26;;;0.8585;-3.2914999;17.654688;0.0;1.0;0.0
2022-11-22;573,88;106,65;;;2.5085;-2.4915;21.437386;0.0;0.0;0.0
2022-11-23;583,42;108,60;;;6.1584997;-0.6915;14.186923;0.0;0.0;0.0
2022-11-24;579,78;109,15;;;4.3585;-2.3915;8.891343;0.0;0.0;0.0
2022-11-25;590,78;109,20;;;6.3585;1.8085;10.041354;4.8;8.0;0.0
2022-11-28;595,28;110,94;;;5.0084996;2.7085001;24.703974;0.2;2.0;0.0
2022-11-29;601,59;113,70;;;5.1584997;2.9085;13.627795;1.2;3.0;0.0
2022-11-30;609,77;117,04;;;5.0084996;-0.8415;13.905509;0.4;2.0;0.3
2022-01-12;627,27;120,51;;;3.1585;-2.4915;18.175545;0.0;0.0;0.0
2022-02-12;633,65;122,14;;;4.8585;-3.2914999;16.766108;0.0;0.0;0.0
2022-05-12;634,76;120,22;;;19.258501;10.3085;32.44996;0.5;3.0;0.1
2022-06-12;649,20;123,21;;;25.6585;14.5585;17.193533;0.70000005;3.0;0.0
2022-07-12;659,75;126,63;;;27.1585;11.408501;23.469128;0.0;0.0;0.0
2022-08-12;665,31;127,65;;;29.7085;15.7085;16.595179;0.0;0.0;0.0
2022-09-12;675,37;128,89;;;20.258501;9.7085;12.641076;0.1;1.0;0.0
2022-12-12;683,75;128,40;;;0.108500004;-3.5414999;18.581022;0.0;5.0;0.0
2022-12-13;694,24;130,59;;;-1.4415;-6.9415;13.556282;0.0;2.0;0.0
2022-12-14;709,11;133,27;;;-2.1415;-10.4415;11.720751;0.0;0.0;0.0
2022-12-15;704,74;132,42;;;-2.0414999;-10.1414995;10.028439;0.0;0.0;0.0
2022-12-16;700,24;132,17;;;-1.7915;-8.3914995;10.086427;0.0;0.0;0.0
2022-12-19;699,74;131,83;;;3.4085;-4.2415004;23.219301;8.400001;9.0;0.0
2022-12-20;699,18;134,25;;;7.6085;2.9085;20.948164;0.8;6.0;0.0
2022-12-21;700,85;134,86;;;6.8085;3.1585;15.315873;2.5;5.0;0.5
2022-12-22;696,82;134,60;;;7.2085;3.2085001;15.745627;1.6000001;10.0;0.0
2022-12-23;698,24;135,21;;;6.3585;3.9585001;15.484185;9.8;14.0;0.2
2022-12-26;696,56;133,75;;;10.1085005;3.1085;21.349546;0.3;3.0;0.0
2022-12-27;694,24;131,39;;;5.7085;1.7585001;30.903435;0.0;0.0;0.0
2022-12-28;698,74;133,02;;;8.3585005;3.3585;24.826954;2.8;13.0;0.0
2022-12-29;697,74;132,15;;;12.3085;6.9084997;28.28464;0.8;5.0;0.0
2023-02-01;693,31;129,35;;;5.5585;1.9585;34.828953;4.2000003;9.0;0.0
2023-03-01;690,46;126,74;;;7.3585;-5.7915;9.178235;0.0;0.0;0.0
2023-04-01;694,74;127,38;;;9.3085;2.1085;23.708124;5.9;20.0;0.1
2023-05-01;693,08;129,26;;;17.4085;2.8585;16.267857;0.0;0.0;0.0
2023-06-01;693,08;132,19;;;21.7085;10.3585005;17.58481;0.0;0.0;0.0
2023-09-01;695,57;132,36;;;20.4585;11.158501;17.581125;0.0;0.0;0.0
2023-10-01;684,74;131,63;;;19.9585;13.408501;16.516901;0.3;2.0;0.0
2023-11-01;673,08;129,79;;;14.4585;6.5084996;18.792551;0.2;1.0;0.2
2023-12-01;675,20;132,55;;;-2.8415;-7.6915;8.78872;0.0;0.0;0.0
2023-01-13;672,68;132,05;;;10.1085005;6.5585;27.66384;1.7;6.0;0.0
2023-01-16;665,38;129,17;;;6.7584996;1.8085;24.063513;0.0;0.0;0.0
2023-01-17;664,20;130,03;;;4.2584996;-4.0415;27.210379;0.6;4.0;0.0
2023-01-18;666,25;129,14;;;1.8085;-4.0415;10.163227;0.39999998;6.0;0.0
2023-01-19;667,61;129,01;;;2.0585;-3.4915;17.906157;0.0;1.0;0.0
2023-01-20;669,75;128,72;;;1.9085001;-4.0415;16.746773;0.0;0.0;0.0
2023-01-23;676,18;130,13;;;2.6085;-2.9915;11.720751;0.0;0.0;0.0
2023-01-24;674,75;131,10;;;2.0585;-2.3415;9.290511;0.0;0.0;0.0
2023-01-25;676,62;133,30;;;1.7085;-0.3415;8.587338;0.0;0.0;0.0
2023-01-26;679,75;134,02;;;-0.041500002;-1.0914999;8.891343;0.0;0.0;0.0
2023-01-27;687,74;134,56;;;3.1085;-2.7914999;20.073025;0.2;3.0;0.0
2023-01-30;696,96;136,34;;;4.8085;2.0585;33.510952;5.4000006;12.0;0.0
2023-01-31;703,63;138,56;;;5.5084996;1.6585001;33.50128;4.7999997;10.0;0.0
2023-01-02;698,76;137,28;;;14.408501;7.0084996;22.771244;2.0;6.0;0.0
2023-02-02;688,27;136,67;;;5.8085;-1.7414999;34.763775;2.0;9.0;0.0
2023-03-02;682,77;132,86;;;5.4084997;-3.1415;10.390226;0.0;0.0;0.0
2023-06-02;694,76;134,23;;;19.7085;7.1085;22.66857;0.3;2.0;0.0
2023-07-02;702,89;135,20;;;21.758501;14.5085;33.127823;1.4;2.0;0.0
2023-08-02;702,26;135,34;;;22.508501;14.6085005;24.482647;7.5;9.0;0.0
2023-09-02;697,26;132,31;;;21.8585;10.2085;10.483357;0.6;3.0;0.0
2023-10-02;691,27;132,35;;;24.6585;13.158501;11.988594;0.0;0.0;0.0
2023-02-13;689,77;133,11;;;7.5585;2.2085001;14.386494;0.1;1.0;0.0
2023-02-14;693,27;133,29;;;7.0084996;-1.9415;7.928177;0.0;0.0;0.0
2023-02-15;688,66;132,03;;;7.8085;-2.2914999;12.096214;0.0;0.0;0.0
2023-02-16;693,52;132,86;;;10.158501;-1.0415;16.199999;0.4;3.0;0.0
2023-02-17;694,05;134,45;;;12.0085;5.7085;37.254345;3.3;14.0;0.1
2023-02-22;701,43;135,70;;;9.9585;3.8585;17.533146;0.0;0.0;0.0
2023-02-23;699,76;136,35;;;10.7085;3.2085001;19.486609;1.0000001;6.0;0.0
2023-02-24;698,93;134,25;;;4.0085;1.2085;27.07669;2.7;11.0;0.0
2023-02-27;694,76;133,74;;;3.9085;-3.9915001;11.212135;0.0;6.0;0.0
2023-02-28;694,21;132,96;;;4.7584996;-5.3415003;9.47012;0.0;0.0;0.0
2023-01-03;693,06;133,38;;;6.8085;1.1585001;18.72;0.0;0.0;0.0
2023-02-03;694,73;133,50;;;8.1085005;1.2085;40.25727;6.5;12.0;0.8
2023-03-03;691,40;133,01;;;3.9085;-2.7415;20.957443;0.0;0.0;0.0
2023-06-03;692,59;134,07;;;19.6085;7.1085;13.441071;0.0;0.0;0.0
2023-07-03;679,74;130,94;;;21.4585;14.3585005;28.348713;0.0;0.0;0.0
2023-08-03;668,24;129,93;;;23.3085;16.3585;32.777794;1.5000001;6.0;0.0
2023-09-03;658,49;128,26;;;20.5585;12.3585005;17.339897;0.0;0.0;0.0
2023-10-03;650,75;124,78;;;24.4085;12.158501;27.459293;8.2;7.0;0.0
2023-03-13;639,33;121,36;;;15.3585005;6.7085;28.8;5.0;10.0;0.0
2023-03-14;622,03;118,35;;;13.7085;0.8085;33.270313;5.4;4.0;0.0
2023-03-15;609,35;115,10;;;6.5084996;-1.4415;22.33161;0.5;5.0;0.0
2023-03-16;615,32;117,36;;;8.6085005;-2.0915;19.67195;0.0;0.0;0.0
2023-03-17;610,32;115,72;;;13.0585;3.0085;20.380579;0.3;2.0;0.0
2023-03-20;606,85;115,74;;;11.7585;6.3085;20.929596;1.4000001;4.0;0.0
2023-03-21;616,12;117,51;;;11.1085005;6.4084997;12.959999;3.1;4.0;0.0
2023-03-22;619,76;118,77;;;15.8585005;8.0585;25.984919;0.70000005;4.0;0.0
2023-03-23;629,75;119,07;;;14.908501;9.158501;27.792374;3.8999999;8.0;0.0
2023-03-24;640,25;122,00;;;15.8585005;7.3585;31.452133;1.7000002;8.0;0.3
2023-03-27;648,75;124,50;;;6.2584996;-0.041500002;27.103;0.70000005;11.0;0.0
2023-03-28;648,25;125,48;;;7.0084996;-0.7415;28.775238;0.0;2.0;0.0
2023-03-29;646,41;125,74;;;10.5585;1.0085;22.183128;0.3;1.0;0.0
2023-03-30;644,75;126,40;;;16.8085;7.2085;25.277023;5.4;6.0;0.0
2023-03-31;638,64;125,99;;;13.3085;7.3085;22.545315;8.4000025;15.0;0.0
2023-03-04;644,78;127,08;;;6.1085;-0.99149996;25.076267;0.70000005;7.0;0.0
2023-04-04;644,78;126,75;;;5.8085;-3.4415;13.450708;0.0;0.0;0.0
2023-05-04;651,14;128,84;;;17.2085;3.3585;15.042659;0.0;0.0;0.0
2023-06-04;653,28;129,11;;;22.7085;7.0084996;10.30883;0.0;0.0;0.0
2023-10-04;656,14;129,42;;;17.3585;12.1085005;30.960001;0.3;3.0;0.0
2023-11-04;659,78;131,77;;;11.158501;6.7085;24.74329;1.8000001;4.0;0.0
2023-12-04;660,19;133,53;;;-0.79150003;-5.0915003;18.86139;0.0;0.0;0.0
2023-04-13;672,95;136,58;;;12.7585;5.6085;16.78156;0.1;1.0;0.0
2023-04-14;664,28;135,07;;;8.7585;6.1085;21.24305;10.6;22.0;0.1
2023-04-17;664,15;134,58;;;11.2085;3.9085;17.339897;3.2;7.0;0.0
2023-04-18;667,47;134,16;;;13.6085005;3.3585;21.915693;0.1;1.0;0.0
2023-04-19;676,65;133,30;;;11.5085;3.3585;26.758923;4.2999997;9.0;0.0
2023-04-20;665,23;131,68;;;14.908501;4.1085;19.829433;1.2;6.0;0.0
2023-04-24;680,22;134,97;;;15.9585;7.3585;25.772078;0.6;3.0;0.0
2023-04-25;672,95;132,76;;;10.5085;3.0085;24.821732;0.0;0.0;0.0
2023-04-26;677,95;134,17;;;9.8085;2.4585001;23.587555;0.5;5.0;0.0
2023-04-27;670,68;134,59;;;10.158501;1.7585001;17.015474;0.4;4.0;0.0
2023-04-28;668,11;133,92;;;15.5085;2.5585;18.86139;0.2;1.0;0.0
2023-02-05;672,01;133,15;;;1.3085;-5.7415004;12.4811535;0.0;0.0;0.0
2023-03-05;668,07;133,86;;;3.9585001;-0.5915;26.596178;0.1;7.0;0.0
2023-04-05;667,92;133,77;;;7.2584996;-2.2415;12.620554;1.3000001;7.0;0.0
2023-05-05;664,29;134,36;;;18.5585;8.6085005;28.71437;5.5;5.0;0.0
2023-08-05;669,28;133,48;;;21.1085;13.9585;11.013882;1.2;4.0;0.0
2023-09-05;667,01;133,72;;;26.8585;14.158501;14.934577;0.0;0.0;0.0
2023-10-05;670,85;135,50;;;16.3085;10.908501;32.169178;1.0;6.0;0.0
2023-11-05;661,56;133,84;;;12.408501;8.1085005;31.700449;10.800001;13.0;0.9
2023-12-05;662,66;134,50;;;-0.19150001;-2.3915;20.46941;0.5;9.0;0.0
2023-05-15;667,01;136,29;;;20.008501;8.2585;16.418526;0.0;0.0;0.0
2023-05-16;667,74;135,20;;;16.0585;6.2584996;21.734581;0.0;0.0;0.0
2023-05-17;675,19;136,71;;;15.0585;5.2584996;21.252197;0.1;1.0;0.0
2023-05-18;676,82;136,21;;;15.3085;4.5084996;17.884428;0.0;0.0;0.0
2023-05-19;684,73;136,92;;;18.1585;7.2584996;20.275383;0.0;0.0;0.0
2023-05-22;691,73;139,21;;;25.3085;14.5085;20.523157;0.0;0.0;0.0
2023-05-23;690,98;138,97;;;22.4585;9.658501;27.567635;2.6000001;6.0;0.0
2023-05-24;686,40;138,61;;;15.4585;9.2085;15.39184;0.70000005;7.0;0.0
2023-05-25;696,23;138,20;;;18.758501;7.5084996;14.565548;0.0;0.0;0.0
2023-05-26;696,40;139,56;;;18.758501;6.6584997;17.58481;0.0;0.0;0.0
2023-05-29;691,73;138,01;;;21.1085;8.1085005;15.137133;0.0;0.0;0.0
2023-05-30;698,23;138,51;;;21.6085;7.3085;16.676977;0.0;0.0;0.0
2023-05-31;700,64;137,95;;;24.1085;8.7585;10.97262;0.0;0.0;0.0
2023-01-06;710,44;141,72;;;10.0585;4.2584996;22.314194;0.5;4.0;0.0
2023-02-06;711,10;143,45;;;0.7585;-5.9415;14.8257065;0.0;5.0;0.0
2023-05-06;710,19;144,14;;;10.9585;6.3585;18.59845;6.7000003;10.0;0.6
2023-06-06;712,92;145,11;;;25.4585;14.8585005;14.982228;0.4;2.0;0.0
2023-07-06;711,73;144,51;;;22.3085;11.2085;16.595179;0.4;4.0;0.0
2023-09-06;725,84;148,86;;;28.4085;13.0585;10.086427;0.0;0.0;0.0
2023-12-06;721,40;148,25;;;0.6085;-0.8915;15.379206;0.6;9.0;0.1
2023-06-13;721,81;148,43;;;23.6585;11.658501;22.545315;0.0;0.0;0.0
2023-06-14;720,19;149,17;;;23.7085;11.3585005;19.66536;0.0;0.0;0.0
2023-06-15;725,29;150,98;;;22.8585;13.7585;13.527572;1.9000001;4.0;0.0
2023-06-16;729,23;151,36;;;19.9085;11.8085;21.915691;27.2;14.0;0.0
2023-06-19;727,73;152,37;;;27.1085;14.8085;16.62249;0.6;2.0;0.0
2023-06-20;726,95;151,70;;;25.4585;16.2085;14.764389;1.7;5.0;0.0
2023-06-21;709,74;148,79;;;27.8085;18.3085;22.884789;3.2999997;5.0;2.9
2023-06-22;703,37;147,21;;;27.258501;17.7085;22.35481;4.0;5.0;0.0
2023-06-23;691,96;144,73;;;18.758501;15.4585;21.605999;26.2;17.0;1.3
2023-06-26;698,07;146,47;;;29.3085;15.3585005;23.950148;4.4;3.0;0.0
2023-06-27;692,24;144,34;;;20.508501;13.408501;26.674032;1.0;7.0;0.0
2023-06-28;679,75;140,33;;;22.1085;12.5085;24.881702;0.0;0.0;0.0
2023-06-29;657,26;135,35;;;24.8585;11.908501;11.304229;0.8;2.0;0.0
2023-06-30;644,31;134,43;;;21.6085;15.408501;14.84318;7.3999996;9.0;0.1
2023-03-07;634,77;132,13;;;4.7584996;-0.8915;27.381308;2.3;10.0;0.0
2023-04-07;633,24;130,97;;;5.6584997;-0.99149996;15.192682;1.7000002;12.0;0.0
2023-05-07;646,44;133,42;;;15.0585;5.7085;21.67487;0.0;0.0;0.0
2023-06-07;650,68;132,09;;;28.3585;15.8085;15.546833;0.0;0.0;0.0
2023-07-07;657,77;135,37;;;27.4585;11.0585;9.3669195;0.0;0.0;0.0
2023-10-07;661,99;135,51;;;17.508501;11.8585005;30.911821;13.0;17.0;0.0
2023-11-07;660,77;136,02;;;11.908501;6.3085;24.962307;0.0;0.0;0.0
2023-12-07;657,49;136,47;;;1.0585;-0.2915;11.770403;0.0;0.0;0.0
2023-07-13;654,27;136,59;;;25.6085;14.3585005;25.952478;0.1;1.0;0.0
2023-07-14;651,59;135,92;;;25.9085;13.8585005;16.645864;0.0;0.0;0.0
2023-07-17;651,44;135,29;;;26.4085;14.0085;26.368616;0.1;1.0;0.0
2023-07-18;647,55;134,68;;;24.3585;13.6085005;16.87398;0.0;0.0;0.0
2023-07-19;652,77;136,42;;;25.3085;13.3585005;17.826363;0.3;1.0;0.0
2023-07-20;643,66;134,04;;;22.2085;11.6085005;21.53089;1.2;5.0;0.0
2023-07-21;646,13;135,32;;;21.1085;12.9585;16.203999;1.4;3.0;0.0
2023-07-24;651,99;137,70;;;27.5585;15.3585005;26.562046;6.6;6.0;0.0
2023-07-25;650,88;136,94;;;21.9085;13.2085;19.09358;0.0;0.0;0.0
2023-07-26;645,77;136,50;;;19.9085;12.0585;18.733839;0.3;1.0;0.0
2023-07-27;650,88;137,23;;;20.008501;12.0085;18.888851;13.1;15.0;0.0
2023-07-28;642,77;135,86;;;22.4585;15.7085;22.392462;25.700005;13.0;1.2
2023-07-31;642,27;135,76;;;20.1585;15.0585;25.72174;9.599999;18.0;0.4
2023-01-08;644,75;134,58;;;8.3085;4.9585;16.65754;1.3000001;7.0;0.0
2023-02-08;650,25;135,36;;;1.5085001;-5.9915004;15.256526;0.0;0.0;0.0
2023-03-08;654,12;133,79;;;3.6085;-1.9415;14.658676;0.6;10.0;0.0
2023-04-08;658,64;135,27;;;11.6085005;2.3585;15.509274;0.1;1.0;0.0
2023-07-08;657,25;134,24;;;30.1085;14.8085;19.35314;0.0;0.0;0.0
2023-08-08;665,25;135,85;;;19.8085;12.3085;33.24498;4.7000003;8.0;0.0
2023-09-08;667,25;135,95;;;28.8585;15.8085;14.512064;0.0;0.0;0.0
2023-10-08;667,67;136,82;;;14.3085;9.7085;12.72283;1.2;3.0;0.1
2023-11-08;666,62;135,99;;;10.8085;6.0084996;25.49908;1.4;2.0;0.0
2023-08-14;662,25;133,25;;;29.3085;16.3585;13.281023;1.5;3.0;0.0
2023-08-15;653,50;130,99;;;29.7085;19.2085;14.471821;20.699999;8.0;0.0
2023-08-16;649,76;130,32;;;26.8585;18.758501;17.76081;0.6;4.0;0.0
2023-08-17;648,09;130,09;;;25.508501;17.6585;19.914217;1.5;6.0;0.0
2023-08-18;644,34;129,62;;;29.3585;18.4085;25.171696;0.6;4.0;0.1
2023-08-21;646,58;129,86;;;26.8585;17.5585;14.618837;0.0;0.0;0.0
2023-08-22;649,30;131,52;;;25.7085;15.8585005;12.031756;0.0;0.0;0.0
2023-08-23;648,39;133,58;;;26.6085;15.658501;16.23596;0.0;0.0;0.0
2023-08-24;648,26;133,03;;;28.1085;15.5085;13.441071;0.0;0.0;0.0
2023-08-25;646,98;132,80;;;29.4585;19.5585;15.815435;6.0;8.0;0.0
2023-08-28;645,31;132,32;;;19.3085;12.8085;17.163355;0.0;0.0;0.0
2023-08-29;648,76;133,65;;;16.6085;13.5585;12.594856;4.999999;20.0;0.0
2023-08-30;645,76;132,74;;;19.8085;13.3085;11.753877;0.1;1.0;0.0
2023-08-31;655,17;132,36;;;18.3085;11.4585;26.649727;2.1000001;9.0;0.6
2023-01-09;654,28;132,50;;;8.0585;3.9085;19.70815;4.1;4.0;0.0
2023-04-09;654,28;132,61;;;12.4585;0.0585;10.495713;0.0;0.0;0.0
2023-05-09;647,56;130,03;;;18.0585;7.4084997;26.208397;0.0;0.0;0.0
2023-06-09;648,28;129,99;;;28.508501;15.3585005;20.730501;0.0;0.0;0.0
2023-08-09;649,78;130,35;;;19.9585;11.8585005;16.93531;0.3;3.0;0.0
2023-11-09;647,56;131,19;;;11.658501;6.6584997;21.897945;0.3;2.0;0.0
2023-12-09;642,78;129,75;;;4.6584997;1.0585;21.980644;4.2000003;7.0;0.0
2023-09-13;645,40;131,29;;;23.8085;15.0085;30.293522;1.2000002;7.0;0.0
2023-09-14;642,78;131,85;;;20.758501;10.6085005;11.753876;0.0;0.0;0.0
2023-09-15;647,05;132,86;;;22.9585;10.8585005;18.723461;0.0;0.0;0.0
2023-09-18;651,14;134,17;;;27.8085;17.2085;20.598795;0.5;2.0;0.0
2023-09-19;651,44;133,63;;;20.6585;15.9585;27.055143;0.1;1.0;0.0
2023-09-20;647,98;133,05;;;24.6585;15.408501;21.26744;0.0;0.0;0.0
2023-09-21;648,28;131,47;;;27.9085;14.3085;16.746773;0.2;1.0;0.0
2023-09-22;644,49;130,73;;;19.7085;13.5085;18.671474;3.6;10.0;0.1
2023-09-25;649,29;130,61;;;21.508501;9.158501;14.113652;0.0;0.0;0.0
2023-09-26;644,79;129,22;;;24.0585;11.9585;12.72283;0.0;0.0;0.0
2023-09-27;644,79;127,63;;;25.9585;12.3585005;12.57426;0.0;0.0;0.0
2023-09-28;645,90;128,23;;;25.758501;14.5085;10.829958;0.0;0.0;0.0
2023-09-29;645,34;128,32;;;23.4085;13.7085;23.199759;1.4;3.0;0.0
2023-02-10;647,50;127,79;;;5.9585;-1.1915;22.66857;0.0;0.0;0.0
2023-03-10;648,53;125,81;;;9.7585;0.5085;26.368616;11.400001;17.0;0.9
2023-04-10;643,78;124,98;;;15.4585;1.9085001;21.829777;0.0;0.0;0.0
2023-05-10;651,65;125,95;;;21.5585;9.5585;23.686249;0.0;0.0;0.0
2023-06-10;646,44;125,28;;;28.9085;15.0585;20.456745;0.1;1.0;0.0
2023-09-10;641,86;125,00;;;30.2085;13.4585;10.163227;0.0;0.0;0.0
2023-10-10;637,86;125,98;;;16.8585;10.908501;17.106628;1.0;6.0;0.2
2023-11-10;631,92;125,08;;;10.8085;4.3585;19.406637;0.2;2.0;0.0
2023-10-13;636,45;124,99;;;21.008501;12.6085005;31.75355;2.1;6.0;0.0
2023-10-16;631,92;125,36;;;10.4585;3.5585;20.598795;0.4;4.0;0.0
2023-10-17;631,32;125,44;;;10.4585;0.4585;9.957108;0.0;0.0;0.0
2023-10-18;633,87;125,37;;;11.7585;0.2085;21.897945;0.0;0.0;0.0
2023-10-19;643,24;127,40;;;8.3585005;6.4084997;23.143827;5.6999993;18.0;0.0
2023-10-20;652,27;129,55;;;7.2584996;5.1584997;30.625402;6.2999997;15.0;0.1
2023-10-23;658,52;131,15;;;14.908501;8.2085;16.946787;0.3;2.0;0.0
2023-10-24;658,11;131,70;;;14.2085;9.8085;17.782688;9.000001;10.0;0.0
2023-10-25;654,36;130,87;;;13.4585;9.0585;16.919998;2.7;4.0;0.0
2023-10-26;651,31;130,45;;;11.408501;8.3585005;16.78156;3.8999996;7.0;1.2
2023-10-27;647,05;129,02;;;10.9585;8.5585;12.7279215;8.700001;16.0;0.0
2023-10-30;636,70;126,28;;;15.3585005;11.0585;21.203358;1.4000001;3.0;0.0
2023-10-31;647,96;128,69;;;12.8585005;7.1584997;34.387066;2.3999996;10.0;0.7
2023-01-11;639,36;128,49;;;8.0085;4.4084997;25.600533;7.3;11.0;0.0
2023-03-11;641,44;130,93;;;3.4085;-0.3915;28.28464;0.20000005;9.0;0.100000024
2023-06-11;646,57;132,20;;;26.3585;14.2585;19.296133;0.0;0.0;0.0
2023-07-11;643,12;132,08;;;29.6585;16.258501;20.94507;0.0;0.0;0.0
2023-08-11;650,28;132,58;;;24.758501;11.0085;11.720751;0.0;0.0;0.0
2023-09-11;657,56;133,41;;;30.1085;14.2085;9.021574;0.0;0.0;0.0
2023-10-11;652,06;132,77;;;22.6085;14.0585;23.933908;0.1;1.0;0.0
2023-11-13;658,11;134,09;;;9.908501;1.7085;25.14852;4.5000005;5.0;0.0
2023-11-14;653,12;134,25;;;12.7085;8.908501;36.088093;2.2;10.0;0.0
2023-11-16;667,78;137,18;;;8.6085005;1.0585;24.640942;2.0;5.0;0.2
2023-11-17;655,93;133,73;;;5.7584996;2.0585;26.200977;0.0;0.0;0.0
2023-11-20;664,28;136,91;;;11.0085;6.3585;13.044722;17.1;21.0;0.6
2023-11-21;659,78;134,62;;;5.6584997;-1.6915;18.057508;0.0;0.0;0.0
2023-11-22;664,78;135,67;;;2.9085;-4.0915003;26.596178;1.8;2.0;0.0
2023-11-23;666,28;135,78;;;10.8085;4.0585;42.18303;3.1;9.0;0.0
2023-11-24;667,00;136,21;;;5.0585;0.3085;34.597477;0.5999999;6.0;0.0
2023-11-27;670,61;136,91;;;1.6585001;-2.5414999;22.702845;0.1;14.0;0.0
2023-11-28;681,02;139,78;;;0.1585;-5.4915004;19.855558;0.0;8.0;0.0
2023-11-29;675,93;138,25;;;0.8085;-2.7415;23.806318;0.0;13.0;0.0
2023-11-30;697,49;141,74;;;-1.0914999;-7.8915;10.829958;0.0;0.0;0.0
2023-01-12;697,05;142,98;;;9.8585005;6.3585;31.259941;5.7;14.0;0.3
2023-04-12;686,45;138,70;;;14.6085005;-0.09150001;23.132626;2.9;6.0;0.0
2023-05-12;697,78;141,57;;;21.7085;12.1085005;23.828083;0.0;0.0;0.0
2023-06-12;704,22;143,57;;;25.4585;12.908501;20.150354;0.0;0.0;0.0
2023-07-12;700,78;142,70;;;27.6585;16.5585;28.04305;0.1;1.0;0.0
2023-08-12;709,22;144,00;;;26.9585;16.9085;21.980644;6.0;2.0;0.0
2023-11-12;710,23;143,92;;;7.9084997;3.4085;15.893093;1.1;5.0;0.0
2023-12-12;741,58;149,36;;;6.7085;2.8585;18.374111;1.5000001;9.0;0.0
2023-12-13;759,30;154,05;;;5.0084996;3.2585;19.734436;10.200003;14.0;0.4
2023-12-14;774,75;157,92;;;3.3585;1.2085;14.512064;0.3;3.0;0.1
2023-12-15;772,26;156,20;;;6.2085;-0.24150002;16.981165;0.5;3.0;0.0
2023-12-18;770,32;156,92;;;7.1085;5.1085;21.829777;0.0;0.0;0.0
2023-12-19;775,26;159,49;;;7.3585;6.4585;21.194187;9.099999;17.0;0.0
2023-12-20;772,84;157,69;;;6.4585;4.0585;33.449017;10.2;15.0;0.2
2023-12-21;788,39;161,32;;;8.7585;3.5585;38.90666;11.300001;16.0;0.1
2023-12-22;770,32;158,47;;;4.4084997;1.1085;39.67847;0.8;7.0;0.0
2023-12-26;766,91;158,91;;;9.7085;3.3085;32.561596;11.800001;10.0;3.4
2023-12-27;760,60;157,38;;;6.9084997;1.6585001;21.434364;0.0;0.0;0.0
2023-12-28;759,05;156,44;;;10.158501;7.4084997;25.922499;0.0;0.0;0.0
2024-02-01;760,25;154,77;;;7.8085;4.3585;29.175552;2.0;6.0;0.7
2024-03-01;762,74;155,31;;;12.1085005;3.4085;11.928989;0.2;1.0;0.0
2024-04-01;758,08;154,30;;;19.4085;8.5085;31.303444;0.2;2.0;0.0
2024-05-01;755,86;155,14;;;24.9085;14.7085;26.405453;0.0;0.0;0.0
2024-08-01;767,92;157,62;;;26.6085;16.5585;14.404499;0.0;0.0;0.0
2024-09-01;782,95;159,75;;;24.758501;13.3585005;15.986595;0.8;1.0;0.0
2024-10-01;789,74;161,37;;;13.2585;8.408501;24.369234;13.000001;15.0;0.0
2024-11-01;792,51;162,47;;;12.908501;9.158501;25.563803;0.3;2.0;0.0
2024-12-01;792,01;163,17;;;3.2585;-1.6915;13.733186;0.0;0.0;0.0
2024-01-15;792,01;162,80;;;2.2585;-4.1915;35.281837;0.3;8.0;0.0
2024-01-16;823,72;167,12;;;1.1085;-3.9915001;22.38378;0.0;7.0;0.0
2024-01-17;818,23;166,00;;;-0.1415;-4.5415;15.5843;0.0;7.0;0.0
2024-01-18;805,98;163,35;;;0.5085;-5.1415;16.42247;0.0;0.0;0.0
2024-01-19;805,84;163,49;;;1.8585;-3.5915;25.20257;0.0;0.0;0.0
2024-01-22;814,73;163,27;;;8.8585005;3.9585001;33.697998;3.3999999;10.0;0.0
2024-01-23;823,47;166,16;;;7.5585;2.5085;30.735231;4.3999996;4.0;0.0
2024-01-24;827,45;167,74;;;10.408501;6.0084996;42.218346;1.3000001;8.0;0.2
2024-01-25;819,73;166,58;;;8.3585005;3.4085;34.76377;0.2;2.0;0.0
2024-01-26;831,22;169,22;;;9.1085005;2.1585;34.131718;3.5;5.0;0.0
2024-01-29;831,80;168,01;;;8.2585;-0.1415;15.034041;0.0;0.0;0.0
2024-01-30;847,84;171,49;;;8.3085;1.0085;20.268991;0.1;1.0;0.0
2024-01-31;854,71;172,77;;;7.6085;1.6085;22.553936;0.1;1.0;0.0
2024-01-02;843,63;171,64;;;8.5585;2.5085;21.068459;14.4;17.0;0.0
2024-02-02;842,88;169,70;;;8.8585005;3.8585;29.59235;1.7000003;11.0;0.0
2024-05-02;840,75;168,79;;;24.258501;14.9585;25.809765;0.0;0.0;0.0
2024-06-02;834,75;168,26;;;22.1085;13.2585;23.510508;9.200001;9.0;0.0
2024-07-02;838,09;168,73;;;16.8585;12.2585;21.96;0.8000001;7.0;0.0
2024-08-02;840,25;168,35;;;21.0585;14.658501;14.81259;0.0;0.0;0.0
2024-09-02;850,25;171,49;;;26.3585;12.658501;14.205182;0.0;0.0;0.0
2024-02-14;837,53;168,52;;;9.408501;2.4585001;20.46941;4.7;7.0;0.0
2024-02-15;842,25;169,50;;;13.3085;8.8585005;14.799459;0.6;4.0;0.0
2024-02-16;848,25;170,81;;;15.6085005;8.0085;18.861387;3.3;7.0;0.0
2024-02-19;846,83;170,66;;;8.6085005;6.7085;29.354902;4.8999996;16.0;0.2
2024-02-20;846,25;171,65;;;8.7085;6.3585;26.141552;1.2000002;11.0;0.0
2024-02-21;856,11;173,30;;;10.7085;6.9585;26.64;1.8000002;7.0;0.5
2024-02-22;843,09;170,32;;;11.4585;8.158501;30.154163;5.1000004;9.0;0.0
2024-02-23;833,76;167,15;;;10.0585;1.7585001;26.576681;0.0;0.0;0.0
2024-02-26;836,00;167,97;;;10.5585;0.5585;17.58481;0.0;0.0;0.0
2024-02-27;837,25;169,66;;;7.0084996;3.3585;19.9954;0.0;0.0;0.0
2024-02-28;833,99;167,77;;;5.3585;-0.9415;11.620809;0.0;0.0;0.0
2024-02-29;840,75;169,06;;;9.3585005;-1.3915;18.671474;0.0;0.0;0.0
2024-01-03;845,75;170,76;;;10.6085005;7.0084996;27.841293;5.0999994;14.0;0.0
2024-04-03;853,75;172,58;;;11.5085;8.3585005;25.582806;4.7;14.0;0.0
2024-05-03;860,25;173,65;;;22.4585;12.2085;15.7908325;1.6;5.0;0.0
2024-06-03;863,38;174,60;;;17.4585;13.0085;16.071491;0.2;2.0;0.0
2024-07-03;889,32;180,17;;;17.5585;12.408501;18.03237;0.4;4.0;0.1
2024-08-03;878,38;176,38;;;24.4585;14.0085;8.759178;1.6999999;3.0;0.0
2024-11-03;869,24;174,72;;;10.0085;0.108500004;12.979984;0.0;0.0;0.0
2024-12-03;877,24;176,40;;;7.3085;3.8085;13.288341;1.3000001;5.0;0.0
2024-03-13;869,74;174,86;;;13.408501;2.0085;15.575981;0.0;0.0;0.0
2024-03-14;878,97;176,08;;;14.3585005;7.8585;15.124284;0.3;3.0;0.1
2024-03-15;888,20;177,82;;;17.2085;7.2085;17.477621;0.0;0.0;0.0
2024-03-18;903,07;179,64;;;6.0585;-2.4915;14.372974;0.0;0.0;0.0
2024-03-19;901,40;179,53;;;8.6085005;-2.4915;16.595179;0.0;0.0;0.0
2024-03-20;900,99;181,21;;;15.9585;1.3085;10.239453;0.1;1.0;0.0
2024-03-21;909,73;182,68;;;14.2085;6.6085;20.150354;6.6;11.0;0.7
2024-03-22;913,83;182,77;;;13.0585;7.1584997;19.513195;5.6999993;14.0;0.0
2024-03-25;917,01;184,29;;;9.3585005;0.3585;19.855558;1.4000001;8.0;0.3
2024-03-26;926,74;185,94;;;12.908501;0.8585;23.090569;0.0;0.0;0.0
2024-03-27;955,19;191,80;;;17.0585;5.0084996;18.472595;0.0;0.0;0.0
2024-03-28;952,42;190,10;;;13.408501;5.3085;33.971867;1.5000001;6.0;0.0
2024-01-04;955,72;188,69;;;7.2085;-2.1915;33.1376;2.1999998;12.0;0.2
2024-02-04;992,21;196,13;;;9.4585;5.3085;32.048088;4.4;9.0;0.0
2024-03-04;1.024,70;203,35;;;12.4585;5.8585;18.511143;0.3;3.0;0.0
2024-04-04;1.037,42;205,51;;;14.2085;8.8085;23.051247;6.1;7.0;0.0
2024-05-04;1.032,47;203,84;;;19.1085;11.0085;11.384199;6.9999995;3.0;0.0
2024-08-04;1.034,70;205,75;;;22.8085;14.8085;19.586119;5.8;12.0;0.0
2024-09-04;1.027,42;205,12;;;33.7085;20.008501;23.4;0.0;0.0;0.0
2024-10-04;1.040,19;204,84;;;14.5085;8.0085;22.242203;0.8;4.0;0.0
2024-11-04;1.050,15;206,36;;;10.908501;7.1584997;11.409785;0.0;0.0;0.0
2024-12-04;1.073,43;209,45;;;4.9084997;2.3585;11.341428;0.3;3.0;0.0
2024-04-15;1.104,67;213,01;;;13.2585;4.9084997;30.36403;5.2000003;11.0;0.2
2024-04-16;1.113,17;211,59;;;9.5085;2.7585;30.302078;1.9000001;10.0;0.0
2024-04-17;1.160,43;221,67;;;10.408501;1.6085;14.799459;0.9000001;8.0;0.0
2024-04-18;1.146,33;218,51;;;10.6085005;0.9085;15.941944;0.9000001;6.0;0.0
2024-04-19;1.155,43;222,41;;;7.7584996;4.6584997;26.459387;6.799999;17.0;0.0
2024-04-22;1.148,23;221,92;;;6.2085;-1.3915;14.345898;1.4000001;10.0;0.0
2024-04-23;1.146,66;223,56;;;8.2585;-0.8415;11.592895;0.0;0.0;0.0
2024-04-24;1.169,66;227,25;;;10.5085;1.3085;14.830076;0.6;5.0;0.1
2024-04-25;1.181,92;228,83;;;9.158501;1.1085;16.62249;2.1000001;9.0;0.0
2024-04-26;1.160,91;226,92;;;13.2085;1.9585;20.948164;0.1;1.0;0.0
2024-04-29;1.158,83;226,64;;;19.9585;11.4585;17.654688;0.3;2.0;0.0
2024-04-30;1.134,67;218,63;;;26.4085;11.408501;19.453327;0.0;0.0;0.0
2024-02-05;1.026,35;200,73;;;9.7085;8.0585;32.33193;8.6;13.0;0.8
2024-03-05;970,33;191,39;;;7.0585;-1.1415;16.645864;0.0;0.0;0.0
2024-06-05;955,61;188,34;;;20.258501;12.1085005;22.530937;2.3000002;6.0;0.0
2024-07-05;904,22;178,28;;;20.4585;11.7585;25.620771;0.0;0.0;0.0
2024-08-05;902,22;177,11;;;22.1585;12.5585;15.137133;0.1;1.0;0.0
2024-09-05;934,21;181,61;;;30.8585;21.258501;31.75355;0.0;0.0;0.0
2024-10-05;940,27;182,33;;;14.4585;5.9585;14.731437;0.1;1.0;0.0
2024-05-13;948,56;184,12;;;22.758501;10.0585;18.584509;0.0;0.0;0.0
2024-05-14;948,60;184,88;;;24.1085;12.0085;22.127556;0.0;0.0;0.0
2024-05-15;945,72;184,10;;;25.7085;14.3585005;28.820242;0.0;0.0;0.0
2024-05-16;949,26;185,04;;;25.508501;14.8585005;32.854805;0.0;0.0;0.0
2024-05-17;977,21;191,46;;;24.8585;13.0085;29.620802;0.0;0.0;0.0
2024-05-20;977,21;191,27;;;19.8585;11.2585;14.77755;11.9;6.0;0.0
2024-05-21;1.011,97;197,84;;;25.508501;12.9585;25.099514;0.6;3.0;0.0
2024-05-22;1.077,18;209,00;;;25.6085;15.4585;21.26744;12.400001;10.0;0.0
2024-05-23;1.056,35;204,92;;;21.7085;13.908501;18.014393;0.5;4.0;0.1
2024-05-24;1.075,79;207,96;;;23.2085;13.908501;16.418526;15.1;11.0;0.0
2024-05-27;1.068,77;206,65;;;22.6085;15.1085005;13.905509;11.6;7.0;0.0
2024-05-28;1.138,50;220,64;;;17.9085;10.4585;18.03237;3.4;8.0;0.3
2024-05-29;1.169,23;224,72;;;21.8585;10.4585;20.907913;1.3000001;4.0;0.0
2024-05-31;1.149,20;218,60;;;22.3585;13.408501;11.726277;0.0;0.0;0.0
2024-03-06;1.198,61;229,05;;;7.1584997;-0.8415;14.512064;0.5;3.0;0.0
2024-04-06;1.215,52;229,86;;;21.8585;11.3085;13.910169;0.1;1.0;0.0
2024-05-06;1.236,04;233,30;;;18.5585;8.408501;15.937878;0.0;0.0;0.0
2024-06-06;1.247,17;237,33;;;19.4085;11.1085005;18.59845;0.2;1.0;0.0
2024-07-06;1.212,60;228,10;;;29.6585;15.3085;25.49908;0.1;1.0;0.0
2024-10-06;1.208,02;225,59;;;12.6085005;5.4585;15.0038395;0.0;0.0;0.0
2024-11-06;1.194,69;222,93;;;6.4585;2.0585;5.6002855;0.0;0.0;0.0
2024-12-06;1.212,18;224,15;;;6.7584996;2.6585;19.576189;9.500001;11.0;0.1
2024-06-13;1.212,68;225,70;;;17.4085;8.158501;15.496736;0.4;2.0;0.0
2024-06-14;1.193,78;222,02;;;18.5585;10.7085;19.201874;1.1;5.0;0.0
2024-06-17;1.195,94;220,49;;;24.0585;13.158501;18.472595;1.8000001;7.0;0.0
2024-06-18;1.200,59;220,94;;;26.0585;12.7085;13.32;5.7999997;10.0;0.0
2024-06-19;1.209,68;222,04;;;19.508501;10.5585;18.391735;1.9000001;8.0;0.0
2024-06-20;1.225,68;226,35;;;22.2085;10.158501;11.841756;0.0;0.0;0.0
2024-06-21;1.206,91;221,65;;;27.5585;15.2585;17.238699;5.5999994;6.0;0.0
2024-06-24;1.250,67;231,86;;;23.4585;12.2585;11.709688;0.1;1.0;0.0
2024-06-25;1.219,23;223,67;;;25.758501;14.2585;18.806337;0.0;0.0;0.0
2024-06-26;1.206,68;218,80;;;28.758501;16.9585;18.448023;0.0;0.0;0.0
2024-06-27;1.215,18;220,86;;;28.9585;20.2085;14.693999;13.099999;3.0;0.0
2024-06-28;1.222,46;218,76;;;27.508501;14.6085005;23.000591;4.0;2.0;0.0
2024-01-07;1.218,38;216,10;;;-0.3415;-7.7415004;22.59699;0.0;2.0;0.0
2024-02-07;1.231,06;217,77;;;6.3585;-2.4915;25.417631;3.9999998;9.0;1.0
2024-03-07;1.223,63;219,96;;;7.6085;-1.4914999;18.72346;0.0;0.0;0.0
2024-04-07;1.229,63;224,22;;;22.1585;13.5085;16.700275;0.0;0.0;0.0
2024-05-07;1.235,99;226,08;;;15.8585005;8.3585005;22.657131;0.3;3.0;0.0
2024-08-07;1.257,54;229,60;;;28.8085;15.9585;14.869351;0.0;0.0;0.0
2024-09-07;1.288,50;237,82;;;30.9085;16.8085;16.704155;0.0;0.0;0.0
2024-10-07;1.260,53;232,87;;;16.0085;6.5585;15.172409;0.1;1.0;0.0
2024-11-07;1.285,86;236,20;;;6.4084997;3.8585;8.461914;0.0;0.0;0.0
2024-12-07;1.292,34;237,91;;;5.8085;4.4585;15.244842;4.0;14.0;0.1
2024-07-15;1.273,51;233,80;;;29.008501;16.6085;15.30741;0.0;0.0;0.0
2024-07-16;1.285,11;236,54;;;27.1585;15.8085;18.335276;1.3000001;3.0;0.0
2024-07-17;1.289,11;235,02;;;23.7085;15.1085005;22.768398;0.1;1.0;0.0
2024-07-18;1.295,44;232,16;;;26.0585;14.6085005;12.413476;0.0;0.0;0.0
2024-07-19;1.279,61;228,54;;;28.4085;15.5085;12.72283;0.0;0.0;0.0
2024-07-22;1.299,22;233,09;;;24.7085;13.408501;27.51116;0.70000005;5.0;0.0
2024-07-23;1.302,61;232,94;;;27.3085;13.2085;17.309975;2.8;9.0;0.0
2024-07-24;1.273,99;225,21;;;23.4585;14.3585005;21.096123;0.2;2.0;0.0
2024-07-25;1.294,61;229,50;;;23.008501;12.908501;13.37825;0.0;0.0;0.0
2024-07-26;1.278,50;225,80;;;25.6585;14.2085;18.847641;1.3;2.0;0.0
2024-07-29;1.278,25;227,08;;;23.1085;12.3585005;19.134262;0.0;0.0;0.0
2024-07-30;1.274,62;226,64;;;26.258501;11.6085005;7.6367526;0.0;0.0;0.0
2024-07-31;1.271,28;224,53;;;28.4085;15.2585;13.339445;0.0;0.0;0.0
2024-01-08;1.279,63;223,05;;;-3.8415;-9.2915;21.915691;0.0;0.0;0.0
2024-02-08;1.285,19;225,04;;;4.8085;-1.7915;21.647945;3.6000001;13.0;0.0
2024-05-08;1.260,09;219,72;;;17.6585;6.2085;17.174677;0.0;0.0;0.0
2024-06-08;1.294,17;228,98;;;23.7085;8.8085;20.46941;0.0;0.0;0.0
2024-07-08;1.307,48;232,44;;;25.008501;14.3585005;17.595861;0.0;0.0;0.0
2024-08-08;1.326,89;238,05;;;23.4085;14.8585005;17.477621;0.5;1.0;0.0
2024-09-08;1.287,13;233,51;;;31.508501;20.3085;17.429354;0.0;0.0;0.0
2024-12-08;1.322,07;240,25;;;4.6584997;2.3085;14.206323;1.6;8.0;0.1
2024-08-13;1.295,25;237,36;;;29.9085;15.3085;18.511143;0.0;0.0;0.0
2024-08-14;1.306,77;238,72;;;32.9585;19.008501;19.930477;3.4;6.0;0.0
2024-08-15;1.295,74;236,36;;;28.008501;17.4085;17.313717;0.3;3.0;0.0
2024-08-16;1.324,62;242,20;;;29.1585;17.1085;21.461555;0.0;0.0;0.0
2024-08-19;1.330,07;245,85;;;22.8585;13.2085;15.192682;0.0;0.0;0.0
2024-08-20;1.346,11;246,18;;;27.258501;13.4585;15.30741;0.5;4.0;0.0
2024-08-21;1.355,17;247,52;;;23.008501;14.2585;28.387545;0.4;2.0;0.0
2024-08-22;1.344,61;240,58;;;24.758501;14.2585;20.696085;0.0;0.0;0.0
2024-08-23;1.375,16;251,08;;;30.508501;17.1085;27.748037;0.0;0.0;0.0
2024-08-26;1.378,89;251,26;;;25.008501;12.9585;10.195057;0.0;0.0;0.0
2024-08-27;1.423,48;258,77;;;26.758501;12.8085;13.779114;0.0;0.0;0.0
2024-08-28;1.440,70;259,63;;;30.258501;16.3085;19.083395;0.0;0.0;0.0
2024-08-29;1.433,34;255,09;;;34.158497;20.6585;9.826088;0.0;0.0;0.0
2024-08-30;1.483,95;262,65;;;28.008501;15.8085;18.844202;2.4;5.0;0.0
2024-02-09;1.417,94;252,66;;;7.9585;1.2585001;23.441502;12.5;18.0;0.20000002
2024-03-09;1.464,60;259,36;;;9.3585005;-0.1415;26.208397;0.8;5.0;0.0
2024-04-09;1.488,34;264,03;;;25.508501;10.8585005;28.948118;1.2;6.0;0.0
2024-05-09;1.476,68;264,68;;;18.758501;5.1584997;10.086427;0.0;0.0;0.0
2024-06-09;1.465,60;261,95;;;20.758501;9.908501;23.4;0.0;0.0;0.0
2024-09-09;1.483,82;265,73;;;19.6585;14.658501;28.883131;7.5;12.0;0.0
2024-10-09;1.484,09;262,35;;;19.3585;13.3585005;21.43814;2.1999998;8.0;0.5
2024-11-09;1.493,68;264,32;;;7.5084996;-0.09150001;14.545515;0.0;0.0;0.0
2024-12-09;1.506,81;268,12;;;4.4585;1.8585;16.055355;1.1;4.0;0.5
2024-09-13;1.520,49;273,27;;;15.0585;9.3585005;24.86868;8.000001;14.0;0.0
2024-09-16;1.530,03;277,43;;;18.9585;12.6085005;25.346148;4.6;6.0;0.8
2024-09-17;1.526,40;278,29;;;24.7085;14.0585;19.483284;0.0;0.0;0.0
2024-09-18;1.518,33;278,85;;;25.3585;13.8085;17.429354;0.0;0.0;0.0
2024-09-19;1.502,80;276,91;;;23.7085;14.408501;22.007162;0.1;1.0;0.0
2024-09-20;1.468,87;266,15;;;22.8585;12.3585005;21.841648;0.0;0.0;0.0
2024-09-23;1.509,99;272,86;;;24.258501;9.4585;10.691453;0.0;0.0;0.0
2024-09-24;1.524,99;279,30;;;17.6585;11.908501;21.461555;11.900001;9.0;0.0
2024-09-25;1.513,21;276,23;;;19.1585;13.0585;20.099642;2.3999999;4.0;0.0
2024-09-26;1.533,03;281,44;;;19.4585;14.5585;32.379993;5.3;9.0;0.1
2024-09-27;1.504,58;276,73;;;19.4085;12.8085;36.022495;0.8000001;4.0;0.0
2024-09-30;1.512,35;277,19;;;15.1085005;6.3585;28.515089;0.0;0.0;0.0
2024-01-10;1.511,53;276,94;;;-1.7915;-8.7415;9.346143;0.0;0.0;0.0
2024-02-10;1.441,37;264,62;;;12.4585;6.7085;17.555305;4.7999997;6.0;0.7
2024-03-10;1.410,68;257,75;;;11.9585;3.1585;29.620802;0.0;0.0;0.0
2024-04-10;1.411,65;258,54;;;13.5585;6.1085;24.933735;0.0;0.0;0.0
2024-07-10;1.358,43;247,71;;;30.8085;18.5585;19.161337;5.3;7.0;0.0
2024-08-10;1.359,58;245,77;;;26.2085;15.5585;20.532627;0.0;0.0;0.0
2024-09-10;1.375,73;246,41;;;19.008501;14.2085;22.702845;0.1;1.0;0.0
2024-10-10;1.397,07;250,15;;;18.6085;7.2085;37.489296;2.6;11.0;0.5
2024-11-10;1.394,96;248,08;;;3.5585;-0.041500002;10.094454;0.1;1.0;0.0
2024-10-14;1.424,95;255,23;;;11.8585005;6.5084996;21.281145;0.6;3.0;0.0
2024-10-15;1.430,89;252,94;;;12.0085;4.9084997;16.451052;0.0;0.0;0.0
2024-10-16;1.444,22;254,94;;;13.7585;4.9084997;26.211487;0.0;0.0;0.0
2024-10-17;1.428,89;252,14;;;16.1585;8.4585;22.717823;0.0;0.0;0.0
2024-10-18;1.428,02;250,93;;;17.5585;9.2585;18.584509;0.0;0.0;0.0
2024-10-21;1.388,80;243,56;;;18.8085;13.3585005;17.14919;3.1;7.0;0.0
2024-10-22;1.401,71;245,83;;;18.008501;7.9084997;27.074896;0.0;0.0;0.0
2024-10-23;1.408,20;247,49;;;14.5085;4.1085;11.173057;0.0;0.0;0.0
2024-10-24;1.393,74;245,55;;;13.8585005;4.8085;17.873554;0.0;0.0;0.0
2024-10-25;1.409,57;246,90;;;16.4085;7.0585;10.534229;0.0;0.0;0.0
2024-10-28;1.440,33;252,38;;;15.8585005;6.9585;17.352036;0.8000001;7.0;0.0
2024-10-29;1.433,13;248,63;;;14.5085;11.908501;16.372087;0.2;1.0;0.2
2024-10-30;1.440,33;249,88;;;14.8585005;10.0585;18.47084;0.0;0.0;0.0
2024-10-31;1.450,80;250,96;;;14.3585005;9.1085005;21.887583;0.0;0.0;0.0
2024-01-11;1.416,10;241,24;;;-0.19150001;-5.2415004;17.727943;0.0;0.0;0.0
2024-04-11;1.424,18;246,65;;;15.7585;6.0084996;20.88;0.0;0.0;0.0
2024-05-11;1.467,09;255,10;;;19.258501;10.2585;16.323528;0.3;3.0;0.0
2024-06-11;1.439,60;253,41;;;17.008501;9.158501;31.682047;1.5000001;7.0;0.0
2024-07-11;1.490,04;262,15;;;25.758501;17.8085;16.299694;3.5999997;7.0;0.0
2024-08-11;1.490,02;259,00;;;25.1085;13.2585;18.057508;0.0;0.0;0.0
2024-11-11;1.496,87;259,38;;;7.7085;1.1585001;11.620809;0.4;4.0;0.0
2024-12-11;1.526,82;264,71;;;3.3585;0.6585;8.461914;0.0;0.0;0.0
2024-11-13;1.554,96;268,19;;;7.8585;2.9085;12.399113;0.3;3.0;0.1
2024-11-14;1.588,70;274,91;;;9.408501;3.8585;14.539945;0.3;3.0;0.0
2024-11-18;1.570,79;273,47;;;6.0585;1.6085;25.504799;0.70000005;4.0;0.3
2024-11-19;1.556,36;269,55;;;9.4585;1.2585001;24.318659;25.099998;16.0;0.0
2024-11-21;1.595,89;274,30;;;3.1085;-1.0914999;19.488274;0.10000001;3.0;0.0
2024-11-22;1.614,53;277,89;;;2.8085;-0.5915;18.519018;0.1;3.0;0.0
2024-11-25;1.676,59;288,62;;;13.9585;9.7085;19.201874;1.1;4.0;0.0
2024-11-26;1.685,34;290,23;;;10.4585;5.2085;14.101021;0.8000001;3.0;0.4
2024-11-27;1.747,67;295,41;;;8.908501;3.5085;23.759998;4.7999997;6.0;0.0
2024-11-28;1.766,75;295,15;;;8.2585;4.9585;26.573023;7.9999995;17.0;0.0
2024-11-29;1.784,02;297,04;;;5.3585;2.7085001;14.068816;0.1;1.0;0.0
2024-02-12;1.652,82;272,38;;;8.8085;3.7085001;21.758419;3.4999998;12.0;0.6
2024-03-12;1.626,42;268,56;;;13.408501;3.6585;13.441071;0.0;0.0;0.0
2024-04-12;1.646,16;272,59;;;19.1085;12.1085005;20.61766;0.0;0.0;0.0
2024-05-12;1.672,82;278,71;;;20.0585;9.3585005;18.1041;0.0;0.0;0.0
2024-06-12;1.709,47;280,84;;;16.7085;8.2085;19.959719;0.3;3.0;0.0
2024-09-12;1.793,99;294,82;;;15.5085;8.7585;12.641076;0.2;2.0;0.0
2024-10-12;1.833,53;302,66;;;13.2585;2.5585;21.90756;0.7;1.0;0.0
2024-11-12;1.771,55;294,57;;;4.8085;2.7085001;9.743304;0.3;3.0;0.0
2024-12-12;1.812,62;300,40;;;2.9085;0.6585;4.6834598;0.0;0.0;0.0
2024-12-13;1.805,23;298,78;;;3.2085001;-2.1915;12.483748;0.0;0.0;0.0
2024-12-16;1.835,10;301,58;;;10.658501;8.8085;27.419146;1.2000002;9.0;0.0
2024-12-17;1.841,61;302,70;;;9.6085005;6.3085;24.17434;0.3;3.0;0.0
2024-12-18;1.874,37;300,28;;;11.3585005;4.8585;21.540668;0.70000005;2.0;0.0
2024-12-19;1.857,16;303,66;;;13.0585;4.8085;23.667776;4.4;9.0;0.0
2024-12-20;1.836,89;303,12;;;6.0585;2.5085;21.782974;0.2;1.0;0.0
2024-12-23;1.849,38;298,77;;;5.0585;1.3585;18.553974;0.8;4.0;0.2
2024-12-26;1.833,97;296,90;;;6.5585;4.0085;6.3639607;0.0;0.0;0.0
2024-12-27;1.836,89;296,65;;;5.1085;-0.5915;4.613762;0.0;0.0;0.0
2024-12-30;1.832,57;296,53;;;3.5085;1.1085;18.620214;0.0;0.0;0.0
2025-02-01;1.851,63;300,34;;;3.8085;-0.8415;7.9383874;0.0;0.0;0.0
2025-03-01;1.851,63;299,52;;;5.6584997;0.5585;12.682018;0.0;0.0;0.0
2025-06-01;1.838,53;300,76;;;27.3585;14.408501;19.787722;2.3999999;7.0;0.0
2025-07-01;1.872,98;306,29;;;32.858498;14.7085;12.971244;0.0;0.0;0.0
2025-08-01;1.852,85;303,35;;;20.8585;14.4585;14.018059;6.4;7.0;0.0
2025-09-01;1.875,46;309,84;;;26.5585;14.8085;17.431213;3.9;5.0;0.0
2025-01-13;1.901,84;311,78;;;-0.4415;-6.3415003;10.650465;0.0;0.0;0.0
2025-01-14;1.896,01;313,54;;;2.3085;-4.5915003;17.682194;2.5;2.0;0.0
2025-01-15;1.937,24;321,80;;;4.2085;1.8585;14.241629;0.1;1.0;0.1
2025-01-16;1.963,81;324,06;;;2.7585;-0.24150002;14.687382;0.0;0.0;0.0
2025-01-17;2.015,66;332,51;;;1.0585;-3.3415;6.8989563;0.0;0.0;0.0
2025-01-20;2.030,06;335,88;;;5.0585;-2.6415;12.652604;0.0;0.0;0.0
2025-01-21;2.092,05;346,82;;;0.70849997;-3.6915;7.9526596;0.0;0.0;0.0
2025-01-22;2.071,55;348,80;;;3.9085;-2.4415;15.801087;0.0;0.0;0.0
2025-01-23;2.102,12;355,27;;;3.7085001;0.4585;20.617662;4.3999996;7.0;0.0
2025-01-24;2.087,40;353,08;;;7.0585;1.6585001;18.188019;2.0;8.0;0.0
2025-01-27;2.066,78;349,65;;;11.0585;4.3585;21.26744;1.7000002;6.0;0.0
2025-01-28;2.078,27;353,99;;;9.2085;3.8085;13.239487;2.4;7.0;0.0
2025-01-29;2.076,55;353,21;;;8.6085005;4.0585;19.983242;2.3000002;7.0;0.0
2025-01-30;2.088,44;355,90;;;7.6584997;2.8585;14.896563;2.8000002;8.0;0.0
2025-01-31;2.074,22;355,17;;;5.6085;1.5585;20.343185;0.6;3.0;0.4
2025-03-02;2.075,15;356,86;;;7.2085;-0.041500002;15.287288;0.0;0.0;0.0
2025-04-02;2.072,66;359,34;;;15.3085;3.1585;14.387619;0.0;0.0;0.0
2025-05-02;2.068,77;357,36;;;27.5585;12.6085005;26.475302;0.6;2.0;0.0
2025-06-02;2.074,71;359,63;;;21.6585;12.5085;13.556282;0.2;2.0;0.0
2025-07-02;2.057,96;355,56;;;37.658497;19.8585;13.737904;0.0;0.0;0.0
2025-02-13;2.077,65;360,14;;;-0.1415;-2.2415;12.093535;0.2;18.0;0.0
2025-02-14;2.075,43;363,92;;;1.1585001;-1.9914999;12.189602;0.2;7.0;0.0
2025-02-17;2.065,23;361,69;;;-2.1415;-11.9915;5.3426957;0.0;0.0;0.0
2025-02-18;2.046,60;359,56;;;-1.5914999;-11.841499;6.9550843;0.0;0.0;0.0
2025-02-19;2.062,96;360,78;;;0.2085;-13.1915;14.248452;0.0;0.0;0.0
2025-02-20;2.041,33;357,69;;;1.2585001;-7.0915003;14.51876;0.0;0.0;0.0
2025-02-21;2.046,00;357,19;;;5.2584996;0.8585;13.33094;0.0;0.0;0.0
2025-02-24;2.043,83;355,45;;;13.5585;0.0585;13.543131;0.4;1.0;0.0
2025-02-25;2.018,89;350,87;;;11.5085;4.0585;11.566313;3.5999997;10.0;0.7
2025-02-26;1.974,35;340,46;;;8.9585;3.8585;12.397806;3.8999996;12.0;0.0
2025-02-27;1.985,89;340,57;;;9.7085;2.6085;14.628807;1.5;9.0;0.0
2025-02-28;1.985,18;336,19;;;5.7085;1.8585;13.433838;3.2;7.0;0.0
2025-05-03;1.999,94;347,45;;;19.0585;10.2585;20.33044;1.0;3.0;0.0
2025-06-03;2.007,64;348,31;;;25.9085;12.6085005;16.740969;0.0;0.0;0.0
2025-07-03;1.981,46;342,10;;;24.9585;13.908501;20.12944;0.2;1.0;0.0
2025-03-13;2.014,76;347,37;;;7.6584997;1.1585001;11.843124;0.0;0.0;0.0
2025-03-14;2.010,56;350,21;;;7.8585;1.4085001;9.984729;0.6;6.0;0.0
2025-03-17;1.998,81;352,34;;;5.9585;-2.8915;14.652045;0.0;0.0;0.0
2025-03-18;2.015,14;355,22;;;7.4084997;-3.1915;9.028754;0.0;0.0;0.0
2025-03-19;2.017,64;357,04;;;11.3085;-3.0915;6.889557;0.0;0.0;0.0
2025-03-20;2.010,22;354,66;;;15.5585;-0.09150001;8.107996;0.0;0.0;0.0
2025-03-21;2.017,04;352,81;;;16.4085;1.7085;18.000898;0.0;0.0;0.0
2025-03-24;2.015,93;350,47;;;14.0585;6.3085;7.1661706;0.0;0.0;0.0
2025-03-25;2.020,76;354,39;;;13.7085;5.2085;12.140329;0.0;0.0;0.0
2025-03-26;2.008,35;350,19;;;10.6085005;3.8585;15.349684;0.8000001;8.0;0.0
2025-03-27;1.978,77;343,78;;;10.2585;1.7085;8.65873;0.0;0.0;0.0
2025-03-28;1.977,91;343,51;;;14.5085;0.9085;9.796366;0.0;0.0;0.0
2025-03-31;1.946,98;341,22;;;11.4585;3.9585001;19.627428;0.70000005;6.0;0.0
2025-01-04;1.913,76;336,63;;;0.8085;-2.6415;15.745627;0.0;0.0;0.0
2025-02-04;1.827,80;321,00;;;4.1085;-3.6415;8.459999;0.0;0.0;0.0
2025-03-04;1.761,14;313,04;;;10.5585;0.2585;11.503113;0.0;0.0;0.0
2025-04-04;1.718,34;294,44;;;19.9085;5.2085;12.224107;0.0;0.0;0.0
2025-07-04;1.586,39;268,38;;;24.9585;13.408501;19.95485;0.0;0.0;0.0
2025-08-04;1.572,89;262,72;;;22.258501;14.7085;16.048288;10.6;13.0;0.0
2025-09-04;1.576,39;269,98;;;26.4585;15.908501;12.503199;1.4;1.0;0.0
2025-04-14;1.635,37;279,50;;;20.8085;10.8085;13.615902;0.6;4.0;0.0
2025-04-15;1.693,93;287,50;;;21.9585;11.7585;23.444956;0.1;1.0;0.0
2025-04-16;1.711,84;291,63;;;25.3585;12.7085;15.2501545;0.0;0.0;0.0
2025-04-17;1.712,52;294,91;;;27.3585;12.3085;15.539537;0.0;0.0;0.0
2025-04-22;1.671,17;292,06;;;18.258501;9.1085005;13.379461;4.3999996;8.0;0.4
2025-04-23;1.692,53;296,16;;;17.8585;8.2085;12.870944;1.3000001;3.0;0.0
2025-04-24;1.698,85;298,93;;;17.8585;7.6584997;14.584443;0.0;0.0;0.0
2025-04-25;1.716,34;302,01;;;16.6085;6.5585;14.372974;0.0;0.0;0.0
2025-04-28;1.714,84;303,30;;;21.7085;5.9084997;10.088033;0.0;0.0;0.0
2025-04-29;1.714,79;304,47;;;22.8085;8.658501;14.973577;0.0;0.0;0.0
2025-04-30;1.702,68;300,19;;;22.6585;9.5585;10.685391;0.0;0.0;0.0
2025-02-05;1.667,99;294,96;;;3.7585;-2.5414999;12.525207;0.0;0.0;0.0
2025-05-05;1.658,00;291,49;;;13.3085;2.4585001;14.892213;0.0;0.0;0.0
2025-06-05;1.659,82;290,84;;;22.3085;14.658501;19.233065;1.5;7.0;0.0
2025-07-05;1.657,36;287,74;;;28.7085;15.0085;18.119305;0.0;0.0;0.0
2025-08-05;1.678,90;296,05;;;19.258501;12.5085;14.8257065;4.9999995;11.0;0.0
2025-09-05;1.666,84;294,75;;;20.008501;13.908501;15.048042;3.9;9.0;0.1
2025-05-13;1.599,36;285,55;;;20.9585;5.9084997;7.282774;0.0;0.0;0.0
2025-05-14;1.555,74;276,48;;;22.1585;9.8585005;21.82755;0.3;2.0;0.0
2025-05-15;1.523,94;268,20;;;14.6085005;8.658501;27.050951;0.70000005;6.0;0.0
2025-05-16;1.519,40;268,07;;;17.1085;8.158501;19.921535;1.4000001;5.0;0.0
2025-05-19;1.528,48;270,34;;;15.6085005;9.408501;19.293615;0.70000005;2.0;0.0
2025-05-20;1.535,50;270,76;;;22.6585;9.3585005;11.272657;0.0;0.0;0.0
2025-05-21;1.525,76;270,05;;;21.4085;10.1085005;20.907913;0.0;0.0;0.0
2025-05-22;1.504,40;266,27;;;15.5585;5.2085;25.79281;0.2;2.0;0.0
2025-05-23;1.485,32;262,70;;;12.0085;5.0084996;18.557467;2.1;6.0;0.0
2025-05-26;1.481,08;261,03;;;19.7085;9.8585005;16.1017;0.1;1.0;0.0
2025-05-27;1.463,92;259,15;;;20.258501;9.5085;20.746122;0.70000005;3.0;0.0
2025-05-28;1.426,93;250,65;;;18.6585;10.7085;21.969587;3.8999996;14.0;0.2
2025-05-29;1.424,43;251,27;;;18.2085;10.3585005;17.399586;2.3000002;4.0;0.0
2025-05-30;1.394,45;243,87;;;23.3085;13.7585;18.903427;1.6;8.0;0.4
2025-02-06;1.358,37;239,07;;;4.8585;2.2085001;11.298495;0.0;0.0;0.0
2025-03-06;1.320,75;234,13;;;15.5585;1.5585;9.587428;0.0;0.0;0.0
2025-04-06;1.334,49;236,19;;;7.8085;0.2085;18.3794;0.0;0.0;0.0
2025-05-06;1.363,05;243,79;;;15.9585;1.9085001;16.947744;0.0;0.0;0.0
2025-06-06;1.363,23;245,10;;;22.008501;14.408501;25.113708;1.5000001;6.0;0.0
2025-09-06;1.375,84;247,32;;;20.4085;12.408501;8.209263;0.1;1.0;0.0
2025-06-13;1.283,26;231,76;;;24.9585;11.7585;15.351793;0.0;0.0;0.0
2025-06-16;1.273,96;231,88;;;22.258501;14.0085;20.849718;0.2;2.0;0.0
2025-06-17;1.287,01;233,96;;;25.9585;13.4585;9.761578;0.0;0.0;0.0
2025-06-18;1.209,04;219,71;;;27.258501;16.3585;18.820976;0.0;0.0;0.0
2025-06-20;1.167,47;211,38;;;23.6085;11.2085;9.7880945;0.0;0.0;0.0
2025-06-23;1.186,21;215,44;;;26.5585;14.2585;29.586325;2.6;5.0;1.6
2025-06-24;1.138,20;206,42;;;22.5585;14.158501;27.288855;1.8000001;2.0;0.0
2025-06-25;1.094,58;197,01;;;24.3585;14.8085;23.712223;4.3999996;12.0;0.1
2025-06-26;1.114,57;202,58;;;30.5585;14.5085;19.083395;3.3999999;3.0;0.0
2025-06-27;1.114,07;203,08;;;22.008501;14.408501;23.138927;1.4;4.0;0.0
2025-06-30;1.105,07;203,51;;;26.6585;13.5585;10.4493065;0.0;0.0;0.0
2025-01-07;1.099,04;201,18;;;6.8585;0.70849997;20.887758;1.4000001;5.0;0.0
2025-02-07;1.068,92;197,07;;;3.0085;-0.041500002;17.771753;0.0;0.0;0.0
2025-03-07;1.082,04;199,93;;;16.8585;2.0085;8.0599;0.0;0.0;0.0
2025-04-07;1.086,76;200,36;;;12.1085005;2.9085;16.311613;0.0;0.0;0.0
2025-07-07;1.066,77;194,70;;;24.7085;15.3585005;15.661035;7.2999997;8.0;0.0
2025-08-07;1.065,55;195,66;;;24.1585;12.7085;10.853866;0.0;0.0;0.0
2025-09-07;1.032,69;188,00;;;21.3585;11.908501;10.873252;0.0;0.0;0.0
2025-07-14;1.014,57;181,66;;;24.1585;15.2085;11.213581;8.1;5.0;0.0
2025-07-15;1.006,39;180,94;;;22.1085;13.8085;17.548845;3.1000001;6.0;0.0
2025-07-16;1.024,07;184,12;;;20.6085;13.408501;12.576836;5.5999994;8.0;0.0
2025-07-17;1.003,95;180,99;;;19.2085;13.8085;19.540573;15.299999;9.0;0.0
2025-07-18;1.013,46;181,43;;;22.9585;16.2085;9.600937;0.70000005;6.0;0.0
2025-07-21;975,70;175,23;;;21.9085;14.4585;20.316889;41.999996;18.0;0.9
2025-07-22;1.003,46;180,28;;;21.5585;14.908501;17.968472;12.300001;14.0;0.0
2025-07-23;986,81;178,67;;;19.758501;15.658501;20.228188;21.800001;17.0;1.6
2025-07-24;1.007,91;182,66;;;22.4585;16.258501;11.892265;1.7000002;12.0;0.0
2025-07-25;1.002,35;180,05;;;23.6085;17.258501;15.898188;7.5;18.0;0.1
2025-07-28;1.018,32;181,97;;;22.3585;14.8585005;17.682194;3.2;7.0;0.0
2025-07-29;1.009,02;181,18;;;20.258501;13.5585;18.158602;1.1000001;7.0;0.0
2025-07-30;1.027,07;184,26;;;21.4585;13.0085;13.403656;0.5;2.0;0.0
2025-07-31;1.028,45;183,62;;;19.4585;14.1085005;18.374994;2.6999998;9.0;1.3
2025-01-08;1.029,60;185,55;;;4.2085;0.0585;21.72638;0.10000001;4.0;0.0
2025-04-08;1.015,06;184,32;;;13.4585;4.3585;7.7650757;0.0;0.0;0.0
2025-05-08;1.018,50;184,95;;;15.658501;4.9585;11.832176;0.0;0.0;0.0
2025-06-08;1.003,61;183,71;;;19.758501;10.7085;29.46837;8.8;9.0;0.0
2025-07-08;1.032,33;189,94;;;21.508501;14.408501;16.38;0.6;4.0;0.0
2025-08-08;1.051,41;193,24;;;26.8585;15.5085;15.496736;0.0;0.0;0.0
2025-08-13;1.163,30;215,27;;;31.5585;16.758501;12.245294;0.0;0.0;0.0
2025-08-14;1.179,05;217,66;;;32.8085;17.8085;9.059205;0.0;0.0;0.0
2025-08-15;1.231,19;228,08;;;33.0085;18.5585;16.674063;0.5;1.0;0.0
2025-08-18;1.231,40;226,65;;;24.1085;11.658501;9.867218;0.0;0.0;0.0
2025-08-19;1.299,95;236,31;;;26.6585;14.0085;9.028754;0.0;0.0;0.0
2025-08-20;1.383,84;252,85;;;24.008501;12.408501;15.472672;0.0;0.0;0.0
2025-08-21;1.424,45;259,94;;;23.6085;11.5085;17.81909;0.0;0.0;0.0
2025-08-22;1.452,77;267,79;;;19.6585;11.158501;21.43814;0.1;1.0;0.0
2025-08-25;1.469,43;271,36;;;18.7085;9.8585005;17.262177;0.1;1.0;0.0
2025-08-26;1.510,92;278,00;;;21.0585;9.0085;11.304229;0.0;0.0;0.0
2025-08-27;1.548,95;285,73;;;27.9585;13.3585005;11.793777;0.0;0.0;0.0
2025-08-28;1.529,97;283,06;;;21.7085;17.4585;11.525623;9.200001;12.0;0.0
2025-08-29;1.534,41;283,10;;;20.508501;14.8085;6.8541956;2.3;8.0;0.0
2025-01-09;1.474,40;270,78;;;1.2085;0.4585;22.789022;1.4999999;21.0;0.0
2025-02-09;1.431,92;261,54;;;4.0585;-2.3915;11.212135;0.0;0.0;0.0
2025-03-09;1.427,76;261,59;;;14.7085;2.6585;9.2660675;0.0;0.0;0.0
2025-04-09;1.402,21;257,48;;;14.4585;5.0084996;17.594023;0.1;1.0;0.1
2025-05-09;1.358,45;251,38;;;18.758501;5.4084997;10.337079;0.0;0.0;0.0
2025-08-09;1.356,95;250,41;;;28.5585;14.908501;14.438198;0.0;0.0;0.0
2025-09-09;1.361,12;250,48;;;24.2085;12.658501;10.993271;0.1;1.0;0.0
2025-09-15;1.477,18;277,77;;;21.3085;12.408501;19.623302;5.9;11.0;0.0
2025-09-16;1.476,22;278,64;;;17.8585;12.1085005;28.859;0.6;5.0;0.0
2025-09-17;1.408,43;265,79;;;17.8585;11.408501;22.228361;0.2;2.0;0.0
2025-09-18;1.389,44;261,66;;;19.4085;14.6085005;21.438898;0.5;3.0;0.0
2025-09-19;1.288,48;242,20;;;22.9585;15.8085;15.017871;0.0;0.0;0.0
2025-09-22;1.313,22;246,06;;;15.1085005;7.3085;11.578912;0.3;1.0;0.3
2025-09-23;1.278,86;241,98;;;15.658501;6.2584996;11.341428;0.1;1.0;0.0
2025-09-24;1.303,92;244,78;;;15.5585;6.4585;19.240644;0.0;0.0;0.0
2025-09-25;1.288,92;240,11;;;14.3085;7.7085;23.665035;0.4;3.0;0.0
2025-09-26;1.321,13;247,40;;;15.158501;10.3085;19.18246;0.0;0.0;0.0
2025-09-29;1.313,84;247,06;;;16.1085;6.6085;13.5012;0.0;0.0;0.0
2025-09-30;1.342,46;252,15;;;13.0585;5.4084997;12.425216;0.0;0.0;0.0
