Date,Open,High,Low,Close,Volume,Dividends,Stock Splits
2021-12-23 00:00:00-05:00,11.947432728532188,12.030387878417969,11.947432728532188,12.030387878417969,1404000,0.0,0.0
2021-12-27 00:00:00-05:00,11.850652737939793,12.121242807880478,11.850652737939793,12.107417106628418,2470500,0.0,0.0
2021-12-28 00:00:00-05:00,11.793374637029524,11.900030312788655,11.785473832904492,11.805225372314453,1528000,0.0,0.0
2021-12-29 00:00:00-05:00,11.666967592304891,11.85065257919693,11.666967592304891,11.749921798706055,798000,0.0,0.0
2021-12-30 00:00:00-05:00,11.520809755222823,11.595863157239082,11.477356744691821,11.572162628173828,1750000,0.0,0.0
2021-12-31 00:00:00-05:00,11.520809549342266,11.5780873180847,11.510933779688498,11.528709411621094,1247000,0.0,0.0
2022-01-03 00:00:00-05:00,11.653141670110262,11.830900814997523,11.505007950598108,11.548460960388184,1986500,0.0,0.0
2022-01-04 00:00:00-05:00,11.613639810421008,11.613639810421008,11.39637758170148,11.514883995056152,1287000,0.0,0.0
2022-01-05 00:00:00-05:00,11.404277756624818,11.406252722134285,11.22059277897164,11.246268272399902,1127500,0.0,0.0
2022-01-06 00:00:00-05:00,11.194917403586185,11.447730907031112,11.169240965921876,11.347000122070312,1696000,0.0,0.0
2022-01-07 00:00:00-05:00,11.455631253216927,11.48920755232342,11.396377575668332,11.475381851196289,1455000,0.0,0.0
2022-01-10 00:00:00-05:00,11.32132361453431,11.552411552086896,11.297622142712719,11.542535781860352,2455500,0.0,0.0
2022-01-11 00:00:00-05:00,11.362801205799602,11.708445644084568,11.362801205799602,11.651167869567871,1047500,0.0,0.0
2022-01-12 00:00:00-05:00,11.584012988958964,11.584012988958964,11.497108847252614,11.564262390136719,690000,0.0,0.0
2022-01-13 00:00:00-05:00,11.439830576559743,11.453656278813119,11.283796978410686,11.297622680664062,1445500,0.0,0.0
2022-01-14 00:00:00-05:00,11.250219352619496,11.341074360366244,11.250219352619496,11.289721488952637,1167000,0.0,0.0
2022-01-18 00:00:00-05:00,11.465506189602582,11.54648637331811,11.429954924542875,11.53661060333252,3610000,0.0,0.0
2022-01-19 00:00:00-05:00,11.639316356604041,11.751896932357539,11.499083436516168,11.576112747192383,3523000,0.0,0.0
2022-01-20 00:00:00-05:00,11.913856401363264,11.97706001100463,11.708444905480139,11.832877159118652,3325500,0.0,0.0
2022-01-21 00:00:00-05:00,11.734121419768687,11.892129974010414,11.71634578704834,11.71634578704834,3163500,0.0,0.0
2022-01-24 00:00:00-05:00,11.63141593744141,11.63141593744141,11.345025190870302,11.603764533996582,3923000,0.0,0.0
2022-01-25 00:00:00-05:00,11.643266290500229,11.846702820045577,11.439829760954883,11.63536548614502,2522000,0.0,0.0
2022-01-26 00:00:00-05:00,12.069889540716769,12.196296755305498,11.959282992500322,12.060013771057129,3316500,0.0,0.0
2022-01-27 00:00:00-05:00,12.067914865980496,12.202221946089528,12.06593990036202,12.08569049835205,3588500,0.0,0.0
2022-01-28 00:00:00-05:00,11.90793059553573,12.077789884876545,11.85065282447399,12.069890022277832,3951000,0.0,0.0
2022-01-31 00:00:00-05:00,12.02446195159252,12.131118572093026,12.002736387809765,12.067914962768555,2925000,0.0,0.0
2022-02-01 00:00:00-05:00,12.13309309209999,12.245673663563297,12.13309309209999,12.235798835754395,1189500,0.0,0.0
2022-02-02 00:00:00-05:00,12.462936000086165,12.480711632110069,12.360230255491985,12.376030921936035,1139000,0.0,0.0
2022-02-03 00:00:00-05:00,12.154819109961647,12.421459248690418,12.073839868066749,12.166669845581055,3557500,0.0,0.0
2022-02-04 00:00:00-05:00,12.300977163103006,12.460960672080732,12.300977163103006,12.447134971618652,972000,0.0,0.0
2022-02-07 00:00:00-05:00,12.563666997649038,12.60514410096314,12.508364193230236,12.51823902130127,792000,0.0,0.0
2022-02-08 00:00:00-05:00,12.445160368062263,12.447135333642116,12.293076716750843,12.376030921936035,1297000,0.0,0.0
2022-02-09 00:00:00-05:00,12.381956687742516,12.506387994789327,12.289126713398163,12.492562294006348,1201000,0.0,0.0
2022-02-10 00:00:00-05:00,12.186420915036695,12.295051555247612,12.11334153850612,12.156794548034668,2592500,0.0,0.0
2022-02-11 00:00:00-05:00,12.196297073438203,12.34442985497581,12.146919165657248,12.243699073791504,2506000,0.0,0.0
2022-02-14 00:00:00-05:00,12.38985671291065,12.38985671291065,12.218022462745738,12.318753242492676,1102500,0.0,0.0
2022-02-15 00:00:00-05:00,12.293077515471692,12.709825417665428,12.293077515471692,12.66834831237793,2971500,0.0,0.0
2022-02-16 00:00:00-05:00,12.642671956106613,12.642671956106613,12.476762592081208,12.551816940307617,1481500,0.0,0.0
2022-02-17 00:00:00-05:00,12.561691739726472,12.59526803799718,12.45503606459914,12.492562294006348,830500,0.0,0.0
2022-02-18 00:00:00-05:00,12.551816283382784,12.735501271088156,12.551816283382784,12.616994857788086,1261500,0.0,0.0
2022-02-22 00:00:00-05:00,12.55971725233796,12.55971725233796,12.383932124797923,12.462936401367188,1422000,0.0,0.0
2022-02-23 00:00:00-05:00,12.541940860190287,12.541940860190287,12.299003130021909,12.368131637573242,1111500,0.0,0.0
2022-02-24 00:00:00-05:00,12.032363259895584,12.318754008582511,12.018537558071028,12.314804077148438,1925500,0.0,0.0
2022-02-25 00:00:00-05:00,12.218022643054162,12.283201217651367,12.168644735249103,12.283201217651367,1568500,0.0,0.0
2022-02-28 00:00:00-05:00,12.423433992372159,12.559716978657914,12.421459026771752,12.555766105651855,2182500,0.0,0.0
2022-03-01 00:00:00-05:00,12.437259573327033,12.4767617103696,12.381956769828488,12.395782470703125,1903000,0.0,0.0
2022-03-02 00:00:00-05:00,12.457011603500966,12.508364477859898,12.439235028958091,12.504413604736328,1267000,0.0,0.0
2022-03-03 00:00:00-05:00,12.585393615168734,12.82635637474382,12.541940604047946,12.559717178344727,1131000,0.0,0.0
2022-03-04 00:00:00-05:00,12.541940209930077,12.755252502151489,12.45108520108518,12.512313842773438,2577000,0.0,0.0
2022-03-07 00:00:00-05:00,12.265425472475126,12.401707517286729,12.095566186959301,12.1627197265625,1511000,0.0,0.0
2022-03-08 00:00:00-05:00,11.917806448028825,12.184446590490458,11.838802170663588,11.992860794067383,1649000,0.0,0.0
2022-03-09 00:00:00-05:00,12.591318586243558,12.591318586243558,12.312828652607692,12.462936401367188,1913000,0.0,0.0
2022-03-10 00:00:00-05:00,12.275301649960456,12.492562942632032,12.275301649960456,12.348380088806152,647500,0.0,0.0
2022-03-11 00:00:00-05:00,12.381956954009922,12.49256256265227,12.310852541192485,12.340479850769043,499000,0.0,0.0
2022-03-14 00:00:00-04:00,12.125193400627198,12.265426328238563,12.087666226094282,12.101491928100586,1090000,0.0,0.0
2022-03-15 00:00:00-04:00,12.087665557861328,12.125192730319661,12.010636247310845,12.087665557861328,1885500,0.0,0.0
2022-03-16 00:00:00-04:00,12.522189906581472,12.739451193240745,12.46688616030333,12.597243309020996,1538000,0.0,0.0
2022-03-17 00:00:00-04:00,12.800679952429531,12.800679952429531,12.522190020118668,12.69797420501709,800500,0.0,0.0
2022-03-18 00:00:00-04:00,12.652546893262919,12.755252638428827,12.59724314769303,12.751301765441895,1569000,0.0,0.0
2022-03-21 00:00:00-04:00,12.54194052552827,12.757227788736792,12.54194052552827,12.695999145507812,1331000,0.0,0.0
2022-03-22 00:00:00-04:00,12.660446193876625,12.763151934485435,12.660446193876625,12.759202003479004,645500,0.0,0.0
2022-03-23 00:00:00-04:00,12.838207455071775,13.02584238040542,12.838207455071775,12.980415344238281,1453500,0.0,0.0
2022-03-24 00:00:00-04:00,13.077195273232283,13.106822583961044,13.047568904308811,13.079171180725098,879500,0.0,0.0
2022-03-25 00:00:00-04:00,13.260880176480086,13.430739455847283,13.213477236450093,13.25495433807373,1957500,0.0,0.0
2022-03-28 00:00:00-04:00,13.039668499585037,13.274706359126883,13.039668499585037,13.264830589294434,2193500,0.0,0.0
2022-03-29 00:00:00-04:00,13.371486667177168,13.48011731317405,13.138423766255805,13.351736068725586,6820500,0.0,0.0
2022-03-30 00:00:00-04:00,12.6466213343562,12.824381426736734,12.640696437452636,12.678223609924316,5020000,0.0,0.0
2022-03-31 00:00:00-04:00,12.620944075503663,12.620944075503663,12.285175452566701,12.425408363342285,737500,0.0,0.0
2022-04-01 00:00:00-04:00,12.719700261583315,12.836231706125652,12.719700261583315,12.806605339050293,1420000,0.0,0.0
2022-04-04 00:00:00-04:00,12.838207725593962,12.972514813045901,12.806606390360086,12.907336235046387,1013000,0.0,0.0
2022-04-05 00:00:00-04:00,12.818456048513394,12.818456048513394,12.502438932311305,12.510339736938477,1481000,0.0,0.0
2022-04-06 00:00:00-04:00,12.541940420141987,12.638721269123467,12.541940420141987,12.615019798278809,1187500,0.0,0.0
2022-04-07 00:00:00-04:00,12.620944789023179,12.747352006598689,12.60119419104246,12.616994857788086,1285000,0.0,0.0
2022-04-08 00:00:00-04:00,12.688097765837593,12.70389937368706,12.496512924166241,12.684147834777832,1178500,0.0,0.0
2022-04-11 00:00:00-04:00,12.57946747559973,12.59921901505591,12.514288902282715,12.514288902282715,1044000,0.0,0.0
2022-04-12 00:00:00-04:00,12.60711917588665,12.684148486340112,12.549841405357018,12.5794677734375,1330000,0.0,0.0
2022-04-13 00:00:00-04:00,12.66044713157494,12.749327178438959,12.62489586627355,12.73945140838623,1173500,0.0,0.0
2022-04-14 00:00:00-04:00,12.778953713750813,12.808581024296082,12.514289477155643,12.526140213012695,1844500,0.0,0.0
2022-04-18 00:00:00-04:00,12.482688213885503,12.482688213885503,12.372081659191043,12.389857292175293,1377500,0.0,0.0
2022-04-19 00:00:00-04:00,12.40368339087102,12.534040538511512,12.35430548365457,12.496513366699219,1215000,0.0,0.0
2022-04-20 00:00:00-04:00,12.573542446075844,12.573542446075844,12.29110165074946,12.334553718566895,2325500,0.0,0.0
2022-04-21 00:00:00-04:00,12.34443004205455,12.48861289453244,12.150869281047386,12.188396453857422,1668500,0.0,0.0
2022-04-22 00:00:00-04:00,12.168644902875785,12.216047845710472,12.097541430429024,12.109392166137695,1478000,0.0,0.0
2022-04-25 00:00:00-04:00,11.775599045733777,12.219998359680176,11.775599045733777,12.219998359680176,1125000,0.0,0.0
2022-04-26 00:00:00-04:00,12.048163952407124,12.048163952407124,11.692644693860595,11.704495429992676,1047000,0.0,0.0
2022-04-27 00:00:00-04:00,11.821027076576565,11.836827744408598,11.674868309165621,11.747947692871094,969000,0.0,0.0
2022-04-28 00:00:00-04:00,11.653141923272099,11.653141923272099,11.20084183442945,11.3568754196167,2369000,0.0,0.0
2022-04-29 00:00:00-04:00,11.354901205217551,11.459581924139238,11.24626961300077,11.254170417785645,1161500,0.0,0.0
2022-05-02 00:00:00-04:00,10.975679489127213,11.218617206536967,10.922351651558964,10.997405052185059,2965500,0.0,0.0
2022-05-03 00:00:00-04:00,10.867048571902657,11.113937177369111,10.867048571902657,11.05073356628418,1510000,0.0,0.0
2022-05-04 00:00:00-04:00,11.258119017316869,11.273920625017116,11.0072805030918,11.266019821166992,1295000,0.0,0.0
2022-05-05 00:00:00-04:00,11.277871071440035,11.277871071440035,10.849272456344401,10.942102432250977,4298000,0.0,0.0
2022-05-06 00:00:00-04:00,10.813720143831166,10.950003128852117,10.74459163943227,10.861123085021973,2323500,0.0,0.0
2022-05-09 00:00:00-04:00,10.444375805082318,10.665587973579823,10.444375805082318,10.499678611755371,2535000,0.0,0.0
2022-05-10 00:00:00-04:00,10.944077358506865,11.208742526064677,10.357470195738317,10.705089569091797,5844500,0.0,0.0
2022-05-11 00:00:00-04:00,10.928276709092708,11.119862499127377,10.84334659576416,10.84334659576416,3613000,0.0,0.0
2022-05-12 00:00:00-04:00,10.766318256539153,11.084310321890085,10.766318256539153,10.98160457611084,1671500,0.0,0.0
2022-05-13 00:00:00-04:00,10.918401636247813,10.995430950298143,10.918401636247813,10.975680351257324,1243500,0.0,0.0
2022-05-16 00:00:00-04:00,10.645836557142323,10.869023693936686,10.645836557142323,10.778168678283691,1340000,0.0,0.0
2022-05-17 00:00:00-04:00,10.863098735926718,11.082335940057408,10.863098735926718,10.973705291748047,1844500,0.0,0.0
2022-05-18 00:00:00-04:00,11.35885055629753,11.449705568557201,11.185041336159351,11.242319107055664,2150000,0.0,0.0
2022-05-19 00:00:00-04:00,11.254169682151938,11.485257611694566,11.254169682151938,11.376626968383789,2281500,0.0,0.0
2022-05-20 00:00:00-04:00,11.50303352870394,11.50303352870394,11.277871432241934,11.382552146911621,1709500,0.0,0.0
2022-05-23 00:00:00-04:00,11.43390447163853,11.627465224548304,11.43390447163853,11.528709411621094,1604000,0.0,0.0
2022-05-24 00:00:00-04:00,11.52870970515801,11.62746552059968,11.463531130671978,11.534635543823242,3346000,0.0,0.0
2022-05-25 00:00:00-04:00,10.967778528098263,11.16924008207781,10.967778528098263,11.151463508605957,1160500,0.0,0.0
2022-05-26 00:00:00-04:00,11.100111026459327,11.258119576873584,11.100111026459327,11.21861743927002,832500,0.0,0.0
2022-05-27 00:00:00-04:00,10.99148027450026,11.102085881971284,10.99148027450026,11.078385353088379,901000,0.0,0.0
2022-05-31 00:00:00-04:00,11.131713263574426,11.131713263574426,10.961853978279196,10.98160457611084,1201000,0.0,0.0
2022-06-01 00:00:00-04:00,11.076409621395431,11.187016172426217,11.003331184387207,11.003331184387207,1940500,0.0,0.0
2022-06-02 00:00:00-04:00,10.87494947197205,10.985555085988082,10.87494947197205,10.973705291748047,2180000,0.0,0.0
2022-06-03 00:00:00-04:00,10.70508976269217,10.894699648455692,10.70508976269217,10.748541831970215,1653000,0.0,0.0
2022-06-06 00:00:00-04:00,10.863098338038524,11.040858430402293,10.821621234301714,10.906550407409668,1456500,0.0,0.0
2022-06-07 00:00:00-04:00,10.73274119113242,10.946052548584609,10.73274119113242,10.886799812316895,1702500,0.0,0.0
2022-06-08 00:00:00-04:00,10.711014863510123,10.924327166311924,10.711014863510123,10.79199504852295,910500,0.0,0.0
2022-06-09 00:00:00-04:00,11.038882796940172,11.044807693484731,10.88087331228423,10.9124755859375,1226500,0.0,0.0
2022-06-10 00:00:00-04:00,10.863098204400913,10.872973974256356,10.665587516318311,10.687313079833984,1591000,0.0,0.0
2022-06-13 00:00:00-04:00,10.626085734326361,10.626085734326361,10.45820140838623,10.45820140838623,1651500,0.0,0.0
2022-06-14 00:00:00-04:00,10.517453756201647,10.665587478086538,10.363396079313127,10.450300216674805,2952000,0.0,0.0
2022-06-15 00:00:00-04:00,10.270564597107924,10.468076215433426,10.270564597107924,10.41869831085205,1305000,0.0,0.0
2022-06-16 00:00:00-04:00,10.26463996563349,10.385121340150643,10.258714127192032,10.325868606567383,1297000,0.0,0.0
2022-06-17 00:00:00-04:00,10.367345414941504,10.367345414941504,10.252788940303633,10.300191879272461,1195500,0.0,0.0
2022-06-21 00:00:00-04:00,10.663612617401897,10.663612617401897,10.314018273496854,10.472026824951172,1107000,0.0,0.0
2022-06-22 00:00:00-04:00,10.343644449251226,10.54115513489924,10.343644449251226,10.428574562072754,1089000,0.0,0.0
2022-06-23 00:00:00-04:00,10.31994317625102,10.52732963560443,10.308092440704659,10.511528968811035,1358000,0.0,0.0
2022-06-24 00:00:00-04:00,10.760392848064221,10.760392848064221,10.539180681036585,10.69521427154541,1094500,0.0,0.0
2022-06-27 00:00:00-04:00,10.679413791350862,10.679413791350862,10.60633440902034,10.639911651611328,1393500,0.0,0.0
2022-06-28 00:00:00-04:00,10.716940777653441,10.799894987111823,10.669537834074204,10.69521427154541,975500,0.0,0.0
2022-06-29 00:00:00-04:00,10.823596847005538,10.823596847005538,10.507579723293215,10.663613319396973,701500,0.0,0.0
2022-06-30 00:00:00-04:00,10.42857477937338,10.67743834265598,10.42857477937338,10.630035400390625,1001500,0.0,0.0
2022-07-01 00:00:00-04:00,10.55695590925848,10.55695590925848,10.312043221635626,10.509553909301758,1376000,0.0,0.0
2022-07-05 00:00:00-04:00,10.547080639704472,10.760391985093147,10.535229904760078,10.677437782287598,893000,0.0,0.0
2022-07-06 00:00:00-04:00,10.902600632635206,10.902600632635206,10.649787133511573,10.673487663269043,1171000,0.0,0.0
2022-07-07 00:00:00-04:00,10.560906433115205,10.683362772878032,10.560906433115205,10.679412841796875,1843500,0.0,0.0
2022-07-08 00:00:00-04:00,10.30019332773664,10.661637491883836,10.30019332773664,10.566832542419434,663500,0.0,0.0
2022-07-11 00:00:00-04:00,10.590532680716178,10.624109919944,10.574732014764052,10.578681945800781,1150000,0.0,0.0
2022-07-12 00:00:00-04:00,10.566831716418047,10.811745346711252,10.566831716418047,10.746566772460938,479000,0.0,0.0
2022-07-13 00:00:00-04:00,10.566832560607,10.803845405578613,10.566832560607,10.803845405578613,832500,0.0,0.0
2022-07-14 00:00:00-04:00,10.784093652089593,10.784093652089593,10.588557934640974,10.720890045166016,509000,0.0,0.0
2022-07-15 00:00:00-04:00,10.770268115219572,11.108011717933097,10.770268115219572,11.098135948181152,2085000,0.0,0.0
2022-07-18 00:00:00-04:00,11.060608409837624,11.20084132188884,11.042832778317692,11.129737854003906,1775500,0.0,0.0
2022-07-19 00:00:00-04:00,11.058633679498897,11.058633679498897,10.849272260634095,10.918400764465332,775500,0.0,0.0
2022-07-20 00:00:00-04:00,10.961853616348327,11.204791329946316,10.961853616348327,11.07245922088623,1006000,0.0,0.0
2022-07-21 00:00:00-04:00,11.100111958425048,11.100111958425048,10.981605535664553,11.060609817504883,805000,0.0,0.0
2022-07-22 00:00:00-04:00,11.10998735651371,11.192941567122444,11.070485216918316,11.092211723327637,719500,0.0,0.0
2022-07-25 00:00:00-04:00,11.100110796184719,11.100110796184719,10.946052180185228,10.997405052185059,1216500,0.0,0.0
2022-07-26 00:00:00-04:00,10.957903556703949,10.957903556703949,10.754467964172363,10.754467964172363,1685500,0.0,0.0
2022-07-27 00:00:00-04:00,10.665587277735927,11.011230738697346,10.665587277735927,10.918400764465332,478000,0.0,0.0
2022-07-28 00:00:00-04:00,11.060608951687334,11.060608951687334,10.932226768295141,11.02308177947998,548000,0.0,0.0
2022-07-29 00:00:00-04:00,10.916426956056014,11.119863499787796,10.916426956056014,11.060609817504883,888500,0.0,0.0
2022-08-01 00:00:00-04:00,10.865072670434127,11.042832752437674,10.863097704914898,11.03098201751709,611000,0.0,0.0
2022-08-02 00:00:00-04:00,11.060609110356916,11.060609110356916,10.75249186579557,10.770268440246582,858500,0.0,0.0
2022-08-03 00:00:00-04:00,10.406848510231434,10.406848510231434,10.073054824776378,10.31994342803955,4409000,0.0,0.0
2022-08-04 00:00:00-04:00,10.466101004056236,10.590533256530762,10.385121762569138,10.590533256530762,974000,0.0,0.0
2022-08-05 00:00:00-04:00,10.96185353734264,10.96185353734264,10.630034842510021,10.677437782287598,1468000,0.0,0.0
2022-08-08 00:00:00-04:00,10.566831003847422,10.606333138856368,10.430548967698376,10.515478134155273,797000,0.0,0.0
2022-08-09 00:00:00-04:00,10.314018075173696,10.505602922135274,10.314018075173696,10.38907241821289,799000,0.0,0.0
2022-08-10 00:00:00-04:00,10.335744145700886,10.693239304573034,10.335744145700886,10.635961532592773,892500,0.0,0.0
2022-08-11 00:00:00-04:00,10.574732790812542,10.722865575418213,10.574732790812542,10.65373706817627,829000,0.0,0.0
2022-08-12 00:00:00-04:00,10.428574971870171,10.724840541081514,10.428574971870171,10.65373706817627,972000,0.0,0.0
2022-08-15 00:00:00-04:00,10.859147996513613,10.859147996513613,10.614234372808946,10.701139450073242,1330000,0.0,0.0
2022-08-16 00:00:00-04:00,10.819645867206617,10.819645867206617,10.687312814758519,10.740641593933105,726000,0.0,0.0
2022-08-17 00:00:00-04:00,10.934201045670651,11.005305454368523,10.83742114371572,10.87099838256836,1939000,0.0,0.0
2022-08-18 00:00:00-04:00,11.025056760005535,11.109986874443365,11.017156897512416,11.082335472106934,1823000,0.0,0.0
2022-08-19 00:00:00-04:00,11.015181302209076,11.015181302209076,10.7189148141322,10.79396915435791,1120500,0.0,0.0
2022-08-22 00:00:00-04:00,10.784093652089593,10.817670892013291,10.71496514848813,10.720890045166016,1069000,0.0,0.0
2022-08-23 00:00:00-04:00,10.839396751772455,10.8433466829992,10.511528914821199,10.726816177368164,1010000,0.0,0.0
2022-08-24 00:00:00-04:00,10.616209868871588,10.626085638968918,10.41869917595131,10.456226348876953,728000,0.0,0.0
2022-08-25 00:00:00-04:00,10.590532473213827,10.590532473213827,10.432523933178045,10.515478134155273,922000,0.0,0.0
2022-08-26 00:00:00-04:00,10.272541897400034,10.519430511980673,10.272541897400034,10.310068130493164,2527500,0.0,0.0
2022-08-29 00:00:00-04:00,10.270565512403623,10.294266984059336,10.217237672080913,10.22118854522705,1350500,0.0,0.0
2022-08-30 00:00:00-04:00,10.268590343377427,10.268590343377427,10.124407492433358,10.157984733581543,1007000,0.0,0.0
2022-08-31 00:00:00-04:00,10.246865447041364,10.270565977966136,10.075030240650843,10.092806816101074,608000,0.0,0.0
2022-09-01 00:00:00-04:00,10.07305383311567,10.096755302453328,10.013801101576712,10.043427467346191,872500,0.0,0.0
2022-09-02 00:00:00-04:00,10.043427927657623,10.073054294784942,9.928871448478702,9.934797286987305,900000,0.0,0.0
2022-09-06 00:00:00-04:00,9.942697613630237,10.073054765245018,9.881468969142908,9.905170440673828,3780000,0.0,0.0
2022-09-07 00:00:00-04:00,9.915045738220215,9.934797277489698,9.828140660683902,9.915045738220215,3389500,0.0,0.0
2022-09-08 00:00:00-04:00,10.223162984405484,10.223162984405484,9.920970649065959,9.994050025939941,1308500,0.0,0.0
2022-09-09 00:00:00-04:00,10.266616046446229,10.266616046446229,10.041453939120977,10.092806816101074,1663000,0.0,0.0
2022-09-12 00:00:00-04:00,10.231062889099121,10.32981870238636,10.183660889837643,10.231062889099121,2204000,0.0,0.0
2022-09-13 00:00:00-04:00,10.68533857606357,10.762367889015918,10.477952109161906,10.479928016662598,2792000,0.0,0.0
2022-09-14 00:00:00-04:00,10.53127977569785,10.673487663269043,10.53127977569785,10.673487663269043,1847000,0.0,0.0
2022-09-15 00:00:00-04:00,10.570782397867388,10.762367244115154,10.570782397867388,10.70311450958252,1219500,0.0,0.0
2022-09-16 00:00:00-04:00,10.3693211852671,10.556956106606188,10.3693211852671,10.533255577087402,769000,0.0,0.0
2022-09-19 00:00:00-04:00,10.37722217109336,10.55893219868134,10.37722217109336,10.55695629119873,989000,0.0,0.0
2022-09-20 00:00:00-04:00,10.7544669580358,10.7544669580358,10.48980180322922,10.53720474243164,2031000,0.0,0.0
2022-09-21 00:00:00-04:00,10.341669948929393,10.543130574812356,10.341669948929393,10.43844985961914,966000,0.0,0.0
2022-09-22 00:00:00-04:00,10.665587409338048,10.770268120062099,10.568806560974911,10.60633373260498,1455000,0.0,0.0
2022-09-23 00:00:00-04:00,10.444375221797461,10.527329427174315,10.31599304075811,10.38907241821289,2296000,0.0,0.0
2022-09-26 00:00:00-04:00,10.21921233805602,10.308092383255744,10.14613390136688,10.175760269165039,1081500,0.0,0.0
2022-09-27 00:00:00-04:00,10.191561426095879,10.375246422168312,10.191561426095879,10.264640808105469,2430500,0.0,0.0
2022-09-28 00:00:00-04:00,10.27056542886058,10.319943337440781,10.181686323582543,10.2982177734375,1207000,0.0,0.0
2022-09-29 00:00:00-04:00,10.171811010054531,10.468077533028026,9.875544487081038,10.169836044311523,2229500,0.0,0.0
2022-09-30 00:00:00-04:00,9.875543352981854,10.10860623638776,9.82814041337211,10.067129135131836,2238500,0.0,0.0
2022-10-03 00:00:00-04:00,9.747161423986507,9.978249347746601,9.71753505688041,9.895295143127441,2915500,0.0,0.0
2022-10-04 00:00:00-04:00,10.300192404598983,10.764342281486172,10.191560820889233,10.60633373260498,1336500,0.0,5.0
2022-10-05 00:00:00-04:00,10.260690689086914,10.487827751987513,10.08293059338712,10.260690689086914,1939400,0.0,0.0
2022-10-06 00:00:00-04:00,10.369321810291492,10.458201862211414,9.974300403764422,10.211313247680664,564000,0.0,0.0
2022-10-07 00:00:00-04:00,10.24093913356769,10.48782773642652,10.03355266949406,10.142184257507324,783000,0.0,0.0
2022-10-10 00:00:00-04:00,10.142184719712452,10.181686860297866,10.043428897346255,10.073055267333984,548500,0.0,0.0
2022-10-11 00:00:00-04:00,10.023676402559964,10.369320806153851,9.98417426573254,10.013801574707031,1754000,0.0,0.0
2022-10-12 00:00:00-04:00,9.934796831654642,10.092805371498782,9.885418927502053,10.043427467346191,915300,0.0,0.0
2022-10-13 00:00:00-04:00,9.87554319427603,10.211311813570246,9.87554319427603,10.181685447692871,1520300,0.0,0.0
2022-10-14 00:00:00-04:00,10.250814407477362,10.270565005011205,10.01380158623985,10.112556457519531,1334900,0.0,0.0
2022-10-17 00:00:00-04:00,10.122432708740234,10.270565493609444,10.092806340127447,10.122432708740234,1150700,0.0,0.0
2022-10-18 00:00:00-04:00,10.122433178517083,10.171811089700181,9.974300386773109,10.073055267333984,1233800,0.0,0.0
2022-10-19 00:00:00-04:00,9.994050482700482,10.112556898486819,9.8360419283187,9.865668296813965,601800,0.0,0.0
2022-10-20 00:00:00-04:00,9.885418900911821,10.27056448029463,9.885418900911821,9.924921035766602,587900,0.0,0.0
2022-10-21 00:00:00-04:00,9.924921538336651,10.14218376194208,9.668157177876166,10.053303718566895,570000,0.0,0.0
2022-10-24 00:00:00-04:00,10.073054768620707,10.122432677359125,9.86566830536358,9.885419845581055,880300,0.0,0.0
2022-10-25 00:00:00-04:00,9.64840656679938,10.013801567646741,9.64840656679938,9.974299430847168,1240600,0.0,0.0
2022-10-26 00:00:00-04:00,9.974298992819227,10.221187572425592,9.974298992819227,10.161933898925781,610900,0.0,0.0
2022-10-27 00:00:00-04:00,10.023676861808228,10.122432679304035,9.924921986117695,9.944672584533691,689900,0.0,0.0
2022-10-28 00:00:00-04:00,9.78666402998462,10.023676861808228,9.776788259873983,9.944672584533691,984500,0.0,0.0
2022-10-31 00:00:00-04:00,9.974299428447521,10.260690155626834,9.974299428447521,9.994050025939941,891600,0.0,0.0
2022-11-01 00:00:00-04:00,10.082930551173703,10.211312737329925,9.994050503695913,10.023676872253418,1056200,0.0,0.0
2022-11-02 00:00:00-04:00,9.984173794002047,10.369320316226023,9.885418927502053,10.043427467346191,638600,0.0,0.0
2022-11-03 00:00:00-04:00,9.984174258693137,10.221188021295808,9.737285668244498,9.974299430847168,840600,0.0,0.0
2022-11-04 00:00:00-04:00,9.98417427271662,10.112556452946864,9.924921538336651,10.053303718566895,838000,0.0,0.0
2022-11-07 00:00:00-05:00,10.32981967172617,10.349570271153853,10.260691161021294,10.310068130493164,1083900,0.0,0.0
2022-11-08 00:00:00-05:00,10.171810577282624,10.171810577282624,9.766913421227988,9.865668296813965,2754500,0.0,0.0
2022-11-09 00:00:00-05:00,9.87554307666987,9.87554307666987,9.638530268863036,9.687908172607422,1258900,0.0,0.0
2022-11-10 00:00:00-05:00,9.86566787579239,10.152058603838842,9.86566787579239,10.132308006286621,3054600,0.0,0.0
2022-11-11 00:00:00-05:00,9.954548855172636,10.201437469520778,9.954548855172636,10.191561698913574,949000,0.0,0.0
2022-11-14 00:00:00-05:00,9.87554362490843,10.112556445872976,9.87554362490843,10.013801574707031,3173900,0.0,0.0
2022-11-15 00:00:00-05:00,10.211312764930108,10.319943411138095,10.142184257507324,10.142184257507324,803000,0.0,0.0
2022-11-16 00:00:00-05:00,10.201436996459961,10.270565503894112,10.142184259175053,10.201436996459961,400600,0.0,0.0
2022-11-17 00:00:00-05:00,10.270564571514347,10.310066706719972,10.142183338449962,10.300191879272461,1008900,0.0,0.0
2022-11-18 00:00:00-05:00,10.43844985811549,10.468077168645262,10.33969498176542,10.379197120666504,821700,0.0,0.0
2022-11-21 00:00:00-05:00,10.171810632851463,10.389072867215958,10.073054814920706,10.240939140319824,941000,0.0,0.0
2022-11-22 00:00:00-05:00,10.240938688521748,10.3693208694458,10.240938688521748,10.3693208694458,703900,0.0,0.0
2022-11-23 00:00:00-05:00,10.270565546889024,10.527329921012571,10.270565546889024,10.497703552246094,869700,0.0,0.0
2022-11-25 00:00:00-05:00,10.428575044522555,10.547081461393743,10.408823504141383,10.497703552246094,352800,0.0,0.0
2022-11-28 00:00:00-05:00,10.556955791958018,10.556955791958018,10.379196645936242,10.408823013305664,866000,0.0,0.0
2022-11-29 00:00:00-05:00,10.369321360323186,10.477952006952862,10.369321360323186,10.45820140838623,830500,0.0,0.0
2022-11-30 00:00:00-05:00,10.497703558509656,10.714965793805773,10.270565553017063,10.596458435058594,663700,0.0,0.0
2022-12-01 00:00:00-05:00,10.428575511379776,10.566832533016221,10.428575511379776,10.448326110839844,795200,0.0,0.0
2022-12-02 00:00:00-05:00,10.418698792339043,10.48782729686454,10.36932088547573,10.428574562072754,788600,0.0,0.0
2022-12-05 00:00:00-05:00,10.290317528986078,10.418699721558706,10.181686877642464,10.211313247680664,1147200,0.0,0.0
2022-12-06 00:00:00-05:00,10.280440340767052,10.389071918936414,10.260689744066836,10.300191879272461,868800,0.0,0.0
2022-12-07 00:00:00-05:00,10.24093916361007,10.389072890843096,10.22118856506217,10.379197120666504,913900,0.0,0.0
2022-12-08 00:00:00-05:00,10.310068130493164,10.398948182431045,10.250815390404792,10.310068130493164,966600,0.0,0.0
2022-12-09 00:00:00-05:00,10.319943426449992,10.329819196612265,10.221188550243102,10.260690689086914,668200,0.0,0.0
2022-12-12 00:00:00-05:00,10.25081538833337,10.31006812840977,10.16193533641345,10.211313247680664,1248900,0.0,0.0
2022-12-13 00:00:00-05:00,10.448325613143702,10.507579292312059,10.260690689086914,10.260690689086914,789800,0.0,0.0
2022-12-14 00:00:00-05:00,10.428575021274124,10.458201389974555,10.290317064329983,10.359445571899414,1142100,0.0,0.0
2022-12-15 00:00:00-05:00,10.3298186812232,10.3298186812232,10.05330372311277,10.112556457519531,962900,0.0,0.0
2022-12-16 00:00:00-05:00,10.003925805048867,10.063178539387387,9.87554362490843,10.013801574707031,2901100,0.0,0.0
2022-12-19 00:00:00-05:00,10.142184230093989,10.142184230093989,10.003926273816841,10.023676872253418,1411700,0.0,0.0
2022-12-20 00:00:00-05:00,10.191560768282468,10.329818718742471,10.181685940382295,10.290316581726074,1084400,0.0,0.0
2022-12-21 00:00:00-05:00,10.408823953047548,10.438450323091736,10.211313249744101,10.310068130493164,677700,0.0,0.0
2022-12-22 00:00:00-05:00,10.547081437881124,10.547081437881124,10.290317064329983,10.359445571899414,982900,0.0,0.0
2022-12-23 00:00:00-05:00,10.369320878758266,10.41869878558959,10.31994297192694,10.38907241821289,801500,0.0,0.0
2022-12-27 00:00:00-05:00,10.3890719085663,10.46807617889869,10.270564561262525,10.280440330505371,850900,0.0,0.0
2022-12-28 00:00:00-05:00,10.349569786599433,10.44832560453019,10.240939140319824,10.240939140319824,935600,0.0,0.0
2022-12-29 00:00:00-05:00,10.369320396087309,10.428574069887807,10.369320396087309,10.398946762084961,684300,0.0,0.0
2022-12-30 00:00:00-05:00,10.270565042315258,10.319942949037063,10.171810170676887,10.290316581726074,862900,0.0,0.0
2023-01-03 00:00:00-05:00,10.290316595308727,10.616209461575462,10.171810184103117,10.3693208694458,1061200,0.0,0.0
2023-01-04 00:00:00-05:00,10.517454111998552,10.517454111998552,10.211312771662708,10.240939140319824,519600,0.0,0.0
2023-01-05 00:00:00-05:00,10.270565021585533,10.270565021585533,10.132308013209817,10.171810150146484,885900,0.0,0.0
2023-01-06 00:00:00-05:00,10.082930126938688,10.329818718742471,10.07305435723328,10.290316581726074,1571900,0.0,0.0
2023-01-09 00:00:00-05:00,10.369321819949755,10.547081923955169,10.310068138012843,10.329819679260254,1464300,0.0,0.0
2023-01-10 00:00:00-05:00,10.28044128256105,10.28044128256105,10.142184267578198,10.22118854522705,849800,0.0,0.0
2023-01-11 00:00:00-05:00,10.132307996858607,10.369320818096119,10.073054320646612,10.112556457519531,1072100,0.0,0.0
2023-01-12 00:00:00-05:00,10.329819196612265,10.329819196612265,10.122432732230932,10.260690689086914,1315700,0.0,0.0
2023-01-13 00:00:00-05:00,10.231063380175964,10.359445566889447,10.201437011489862,10.31994342803955,1097600,0.0,0.0
2023-01-17 00:00:00-05:00,10.497703099842983,10.645835879096799,10.477951560313013,10.62608528137207,2213100,0.0,0.0
2023-01-18 00:00:00-05:00,10.665587418626771,10.784093830390873,10.616209511607085,10.62608528137207,609800,0.0,0.0
2023-01-19 00:00:00-05:00,10.616209502361366,10.655711639581662,10.497703090700472,10.60633373260498,859900,0.0,0.0
2023-01-20 00:00:00-05:00,10.527329458164385,10.616209502361366,10.42857458601626,10.60633373260498,900700,0.0,0.0
2023-01-23 00:00:00-05:00,10.497703077458713,10.566831582055725,10.438449400800387,10.527329444885254,1130200,0.0,0.0
2023-01-24 00:00:00-05:00,10.418699274331969,10.537205691203157,10.418699274331969,10.497703552246094,660400,0.0,0.0
2023-01-25 00:00:00-05:00,10.527330401658823,10.606334683180044,10.468077661420569,10.566832542419434,1061300,0.0,0.0
2023-01-26 00:00:00-05:00,10.675463672924252,10.714965811971854,10.616209993450203,10.69521427154541,676800,0.0,0.0
2023-01-27 00:00:00-05:00,10.7149658203125,10.734716418949034,10.665587911013239,10.7149658203125,636400,0.0,0.0
2023-01-30 00:00:00-05:00,10.665587884628662,10.685338483216336,10.517454157097331,10.596458435058594,992200,0.0,0.0
2023-01-31 00:00:00-05:00,10.665587901423578,10.724840639085189,10.606334221956683,10.635961532592773,629900,0.0,0.0
2023-02-01 00:00:00-05:00,10.556956780963993,10.6952147446491,10.527330410819088,10.685338973999023,416400,0.0,0.0
2023-02-02 00:00:00-05:00,10.744591214324855,10.77421758049433,10.566831133697606,10.65571117401123,944100,0.0,0.0
2023-02-03 00:00:00-05:00,10.596458443417147,10.695214261849266,10.54708147600637,10.616209983825684,713600,0.0,0.0
2023-02-06 00:00:00-05:00,10.596458903108985,10.596458903108985,10.418699740747082,10.448326110839844,790200,0.0,0.0
2023-02-07 00:00:00-05:00,10.003925812046765,10.082930085756878,9.905169999006507,10.053303718566895,2821000,0.0,0.0
2023-02-08 00:00:00-05:00,9.776788239004683,9.836041917736742,9.687909133614506,9.786664009094238,2819300,0.0,0.0
2023-02-09 00:00:00-05:00,10.023676851195747,10.023676851195747,9.845917698418878,9.865668296813965,1454600,0.0,0.0
2023-02-10 00:00:00-05:00,10.053304172140136,10.063179000445496,9.905170445896424,9.944672584533691,922500,0.0,0.0
2023-02-13 00:00:00-05:00,9.717534565557312,9.806414604187012,9.697783027281742,9.806414604187012,1199400,0.0,0.0
2023-02-14 00:00:00-05:00,10.01380250735677,10.171811069382821,9.776788722512377,9.836042404174805,1716100,0.0,0.0
2023-02-15 00:00:00-05:00,9.8360419316177,10.02367685455768,9.766913424503802,9.845917701721191,609800,0.0,0.0
2023-02-16 00:00:00-05:00,10.003925802637685,10.073054306617708,9.934797298657662,10.033552169799805,603100,0.0,0.0
2023-02-17 00:00:00-05:00,10.053303709111372,10.112556443435611,9.924921529001878,10.033552169799805,454400,0.0,0.0
2023-02-21 00:00:00-05:00,9.86566830536358,9.885419845581055,9.786664028104221,9.885419845581055,989500,0.0,0.0
2023-02-22 00:00:00-05:00,9.77678823696855,9.85579251405799,9.707659729966604,9.727411270141602,887000,0.0,0.0
2023-02-23 00:00:00-05:00,9.974299873574695,9.974299873574695,9.697783961898788,9.786664009094238,1165600,0.0,0.0
2023-02-24 00:00:00-05:00,9.520024766636482,9.53977536492178,9.431144719839466,9.470646858215332,1028100,0.0,0.0
2023-02-27 00:00:00-05:00,9.441019500824876,9.48052163506242,9.302761560090884,9.312637329101562,1878900,0.0,0.0
2023-02-28 00:00:00-05:00,9.263260354487379,9.273136124488095,9.184256078092178,9.213882446289062,1649900,0.0,0.0
2023-03-01 00:00:00-05:00,9.253383627789667,9.292885761903188,9.1842551285423,9.194130897521973,1700700,0.0,0.0
2023-03-02 00:00:00-05:00,9.233633991940673,9.273136130162445,9.144753945490368,9.253384590148926,1247800,0.0,0.0
2023-03-03 00:00:00-05:00,9.273136152383504,9.431144705649228,9.273136152383504,9.411393165588379,864900,0.0,0.0
2023-03-06 00:00:00-05:00,9.441019969385492,9.460770566581907,9.283010482788086,9.283010482788086,965500,0.0,0.0
2023-03-07 00:00:00-05:00,9.342264639751363,9.431144686231656,9.21388245503597,9.233633995056152,1080400,0.0,0.0
2023-03-08 00:00:00-05:00,9.312637791290534,9.36201475518418,9.243508346590039,9.283010482788086,854000,0.0,0.0
2023-03-09 00:00:00-05:00,9.421268918758757,9.421268918758757,9.283010963996038,9.292886734008789,885500,0.0,0.0
2023-03-10 00:00:00-05:00,9.292886739599151,9.391642556175539,9.26326037134834,9.332388877868652,1018100,0.0,0.0
2023-03-13 00:00:00-04:00,9.322513588034607,9.391643039920911,9.322513588034607,9.342265129089355,843100,0.0,0.0
2023-03-14 00:00:00-04:00,9.381766786156847,9.381766786156847,9.26326037134834,9.332388877868652,812700,0.0,0.0
2023-03-15 00:00:00-04:00,9.36201475518418,9.36201475518418,9.223757749393624,9.283010482788086,613700,0.0,0.0
2023-03-16 00:00:00-04:00,9.352139962160068,9.421268465311629,9.302762056278144,9.401517868041992,1375800,0.0,0.0
2023-03-17 00:00:00-04:00,9.529900078558,9.569402218938762,9.450895797796477,9.480523109436035,589100,0.0,0.0
2023-03-20 00:00:00-04:00,9.490396491316247,9.490396491316247,9.3916416263227,9.431143760681152,442600,0.0,0.0
2023-03-21 00:00:00-04:00,9.401517875525915,9.490396976017864,9.302762063683454,9.441020011901855,498100,0.0,0.0
2023-03-22 00:00:00-04:00,9.44101999463304,9.500272728185958,9.381766319274902,9.381766319274902,765600,0.0,0.0
2023-03-23 00:00:00-04:00,9.539774896937994,9.549650666498811,9.470646393622717,9.520024299621582,597300,0.0,0.0
2023-03-24 00:00:00-04:00,9.648407441505602,9.648407441505602,9.450895797796477,9.480523109436035,676800,0.0,0.0
2023-03-27 00:00:00-04:00,9.599029045696309,9.618779643986356,9.480522630540214,9.529899597167969,605400,0.0,0.0
2023-03-28 00:00:00-04:00,9.579277500075223,9.579277500075223,9.431144716666873,9.490397453308105,707800,0.0,0.0
2023-03-29 00:00:00-04:00,9.529899625113007,9.69778394919442,9.529899625113007,9.648406982421875,1031300,0.0,0.0
2023-03-30 00:00:00-04:00,9.55952691052482,9.55952691052482,9.431144725277905,9.510149002075195,1276900,0.0,0.0
2023-03-31 00:00:00-04:00,9.57927751108114,9.599029051187756,9.480522635963867,9.569401741027832,981400,0.0,0.0
2023-04-03 00:00:00-04:00,9.529899139880557,9.628654952007857,9.490397003390683,9.618779182434082,956300,0.0,0.0
2023-04-04 00:00:00-04:00,10.023676409571678,10.112556452946864,10.003925812046765,10.053303718566895,1415800,0.0,0.0
2023-04-05 00:00:00-04:00,9.865668766453899,9.924922448070385,9.77678871493183,9.816290855407715,1244400,0.0,0.0
2023-04-06 00:00:00-04:00,9.776787781694656,9.9249215006932,9.776787781694656,9.875543594360352,1273700,0.0,0.0
2023-04-10 00:00:00-04:00,10.03355266949406,10.161934855997286,9.984174760561238,10.142184257507324,2487100,0.0,0.0
2023-04-11 00:00:00-04:00,10.043427934795114,10.043427934795114,9.964423661195967,9.974299430847168,1607900,0.0,0.0
2023-04-12 00:00:00-04:00,10.07305479474602,10.132308473746853,10.04342842614824,10.082930564880371,819600,0.0,0.0
2023-04-13 00:00:00-04:00,10.082931037931669,10.1125574079194,9.95454884557774,10.073055267333984,1522000,0.0,0.0
2023-04-14 00:00:00-04:00,10.319943889186279,10.319943889186279,10.043428904880932,10.092806816101074,725900,0.0,0.0
2023-04-17 00:00:00-04:00,9.974298966615677,10.063178063924115,9.964423197424123,10.043427467346191,1505900,0.0,0.0
2023-04-18 00:00:00-04:00,10.21131228708315,10.260690193705292,10.152058610775534,10.171810150146484,912000,0.0,0.0
2023-04-19 00:00:00-04:00,10.171810129132064,10.171810129132064,10.023676409571678,10.053303718566895,1572500,0.0,0.0
2023-04-20 00:00:00-04:00,10.191561202335606,10.201436972461616,10.013802049093774,10.063179016113281,821900,0.0,0.0
2023-04-21 00:00:00-04:00,10.092806825722542,10.211313247680664,10.092806825722542,10.211313247680664,1174000,0.0,0.0
2023-04-24 00:00:00-04:00,10.191560301103099,10.32981824522538,10.191560301103099,10.300191879272461,886800,0.0,0.0
2023-04-25 00:00:00-04:00,10.300192837924502,10.458201393453058,10.300192837924502,10.33969497680664,1281800,0.0,0.0
2023-04-26 00:00:00-04:00,10.319942949037063,10.458200899497065,10.280440812020666,10.290316581726074,631900,0.0,0.0
2023-04-27 00:00:00-04:00,10.369321829388927,10.45820188147254,10.319943918030772,10.448326110839844,771600,0.0,0.0
2023-04-28 00:00:00-04:00,10.458200929468646,10.477951527130829,10.35944511574202,10.428574562072754,975300,0.0,0.0
2023-05-01 00:00:00-04:00,10.300192822875903,10.319943421385476,10.181686406402624,10.22118854522705,1221900,0.0,0.0
2023-05-02 00:00:00-04:00,10.152059558290084,10.201437469520778,10.122433188273797,10.191561698913574,713600,0.0,0.0
2023-05-03 00:00:00-04:00,10.22118760886121,10.339694014478086,10.142183338449962,10.300191879272461,1012000,0.0,0.0
2023-05-04 00:00:00-04:00,10.300192837924502,10.389072885860635,10.300192837924502,10.33969497680664,986700,0.0,0.0
2023-05-05 00:00:00-04:00,10.35944511574202,10.468076699202356,10.339694518079838,10.428574562072754,1173000,0.0,0.0
2023-05-08 00:00:00-04:00,10.497703077458713,10.527329444885254,10.428574572861699,10.527329444885254,937600,0.0,0.0
2023-05-09 00:00:00-04:00,10.152059136075167,10.714965793805773,10.082930628310383,10.596458435058594,2617900,0.0,0.0
2023-05-10 00:00:00-04:00,10.517454135917657,10.517454135917657,10.329819211588829,10.379197120666504,1529200,0.0,0.0
2023-05-11 00:00:00-04:00,10.171810651106231,10.35944557534507,10.171810651106231,10.33969497680664,4934800,0.0,0.0
2023-05-12 00:00:00-04:00,10.547080993652344,10.616209498310175,10.497703086694504,10.547080993652344,3234200,0.0,0.0
2023-05-15 00:00:00-04:00,10.576707367753384,10.62608527474226,10.507578863052098,10.586583137512207,6394600,0.0,0.0
2023-05-16 00:00:00-04:00,10.586583610165563,10.616209978959505,10.556956299566338,10.57670783996582,2298300,0.0,0.0
2023-05-17 00:00:00-04:00,10.714966295068255,10.823596946895579,10.66558838358117,10.803845405578613,2626700,0.0,0.0
2023-05-18 00:00:00-04:00,10.83347225189209,10.863098620788762,10.803844941190134,10.83347225189209,1832400,0.0,0.0
2023-05-19 00:00:00-04:00,10.695213799314624,10.724840166840899,10.626085294484904,10.705089569091797,1733200,0.0,0.0
2023-05-22 00:00:00-04:00,10.793970094905884,10.833472233971195,10.734716415405273,10.734716415405273,1288700,0.0,0.0
2023-05-23 00:00:00-04:00,10.714964822635517,10.714964822635517,10.53720474243164,10.53720474243164,853600,0.0,0.0
2023-05-24 00:00:00-04:00,10.487827768703928,10.487827768703928,10.428575031246408,10.43844985961914,812700,0.0,0.0
2023-05-25 00:00:00-04:00,10.369320878758266,10.468076692420915,10.369320878758266,10.38907241821289,1258800,0.0,0.0
2023-05-26 00:00:00-04:00,10.418698812284056,10.586583130857568,10.418698812284056,10.547080993652344,478800,0.0,0.0
2023-05-30 00:00:00-04:00,10.547081461393743,10.626085739307868,10.468077183479618,10.497703552246094,1164600,0.0,0.0
2023-05-31 00:00:00-04:00,10.369321351983606,10.477951998525915,10.339694983254846,10.43844985961914,1481900,0.0,0.0
2023-06-01 00:00:00-04:00,10.527329930772394,10.616209978959505,10.517454160572653,10.57670783996582,1622100,0.0,0.0
2023-06-02 00:00:00-04:00,10.744591706395244,10.793969613475863,10.705089569091797,10.705089569091797,762600,0.0,0.0
2023-06-05 00:00:00-04:00,10.734716409297219,10.734716409297219,10.616209992168713,10.635961532592773,857000,0.0,0.0
2023-06-06 00:00:00-04:00,10.784093850279211,10.803844448040365,10.73471594316846,10.74459171295166,1033900,0.0,0.0
2023-06-07 00:00:00-04:00,10.635961515844508,10.734716392393446,10.586583606667398,10.596458435058594,609500,0.0,0.0
2023-06-08 00:00:00-04:00,10.5569558413603,10.675463195003035,10.517453704081136,10.665587425231934,694400,0.0,0.0
2023-06-09 00:00:00-04:00,10.833472243577813,10.902600751552088,10.803844932898594,10.813720703125,1431000,0.0,0.0
2023-06-12 00:00:00-04:00,10.813720237331424,11.840776751505805,10.813720237331424,10.86309814453125,1156400,0.0,0.0
2023-06-13 00:00:00-04:00,10.961853978279196,11.00135611574773,10.942102438642303,10.98160457611084,1219400,0.0,0.0
2023-06-14 00:00:00-04:00,10.951978669284061,10.951978669284061,10.764342802059476,10.83347225189209,815600,0.0,0.0
2023-06-15 00:00:00-04:00,10.833472257727399,10.942102904943896,10.793970118575464,10.93222713470459,543800,0.0,0.0
2023-06-16 00:00:00-04:00,10.951978669284061,10.971729267946746,10.823596481658104,10.83347225189209,1072800,0.0,0.0
2023-06-20 00:00:00-04:00,10.833472717554061,10.853223317065698,10.744592665238374,10.803845405578613,651900,0.0,0.0
2023-06-21 00:00:00-04:00,10.803843971829304,10.803843971829304,10.705089103765957,10.77421760559082,1128200,0.0,0.0
2023-06-22 00:00:00-04:00,10.9322266651681,10.991480342253714,10.86309816007259,10.922351837158203,1094900,0.0,0.0
2023-06-23 00:00:00-04:00,10.69521377680196,10.69521377680196,10.576707365141068,10.60633373260498,581100,0.0,0.0
2023-06-26 00:00:00-04:00,10.77421760559082,10.79396914428661,10.73471547000444,10.77421760559082,829600,0.0,0.0
2023-06-27 00:00:00-04:00,10.971728332985537,11.050732604514462,10.951977736005908,11.01123046875,1329600,0.0,0.0
2023-06-28 00:00:00-04:00,11.080359956590298,11.22849273084261,11.060608417727211,11.16923999786377,1692900,0.0,0.0
2023-06-29 00:00:00-04:00,11.169240947893043,11.218617915640229,11.15936517762149,11.18899154663086,954400,0.0,0.0
2023-06-30 00:00:00-04:00,11.159364712766271,11.297621723587612,11.159364712766271,11.23836898803711,2438800,0.0,0.0
2023-07-03 00:00:00-04:00,11.15936517762149,11.238369456183335,11.139613637078384,11.18899154663086,398000,0.0,0.0
2023-07-05 00:00:00-04:00,11.109986767555247,11.188991042557888,10.981604585224646,11.00135612487793,491700,0.0,0.0
2023-07-06 00:00:00-04:00,10.863098620788762,10.872974391022748,10.774218572293462,10.83347225189209,824300,0.0,0.0
2023-07-07 00:00:00-04:00,10.853222869233653,11.080360875979808,10.853222869233653,10.991480827331543,513700,0.0,0.0
2023-07-10 00:00:00-04:00,11.01123094376093,11.021106713579377,10.902600301173766,10.98160457611084,301100,0.0,0.0
2023-07-11 00:00:00-04:00,10.961853999957686,11.090235240630385,10.902600322735076,11.080360412597656,3482900,0.0,0.0
2023-07-12 00:00:00-04:00,11.129738338804998,11.317373257017637,11.129738338804998,11.198866844177246,557900,0.0,0.0
2023-07-13 00:00:00-04:00,11.406253348434786,11.50500822196699,11.406253348434786,11.455631256103516,686400,0.0,0.0
2023-07-14 00:00:00-04:00,11.48525758370979,11.48525758370979,11.208742620261857,11.23836898803711,809000,0.0,0.0
2023-07-17 00:00:00-04:00,11.23836898521975,11.277871122845266,11.119862572343202,11.258119583129883,956700,0.0,0.0
2023-07-18 00:00:00-04:00,11.258119134636027,11.406252851184394,11.218616998584173,11.38650131225586,2382100,0.0,0.0
2023-07-19 00:00:00-04:00,11.30749797821045,11.406253797435372,11.30749797821045,11.30749797821045,755800,0.0,0.0
2023-07-20 00:00:00-04:00,11.396377535721815,11.396377535721815,11.22849321536206,11.258119583129883,464500,0.0,0.0
2023-07-21 00:00:00-04:00,11.23836898803711,11.30749749344778,11.208742620261857,11.23836898803711,372800,0.0,0.0
2023-07-24 00:00:00-04:00,11.327249526977539,11.366751666335047,11.31737375668684,11.327249526977539,761900,0.0,0.0
2023-07-25 00:00:00-04:00,11.109986780306338,11.149488917852995,11.060608872921703,11.080360412597656,1135900,0.0,0.0
2023-07-26 00:00:00-04:00,10.932227147630936,11.030982966530184,10.892725008432294,10.991480827331543,642600,0.0,0.0
2023-07-27 00:00:00-04:00,11.090235713764578,11.267995811210803,11.06060934479197,11.07048511505127,1005700,0.0,0.0
2023-07-28 00:00:00-04:00,11.149488930468232,11.307497480833641,11.139613160619081,11.159364700317383,700000,0.0,0.0
2023-07-31 00:00:00-04:00,11.208742598632819,11.307497471628178,11.070484646273018,11.139613151550293,1278300,0.0,0.0
2023-08-01 00:00:00-04:00,10.991480345929286,11.050733081229467,10.961853978279196,10.98160457611084,747900,0.0,0.0
2023-08-02 00:00:00-04:00,10.863097646111473,10.892724012349957,10.77421760559082,10.77421760559082,984300,0.0,0.0
2023-08-03 00:00:00-04:00,11.307497452234987,11.366751129374776,11.001356122127605,11.021106719970703,2568600,0.0,0.0
2023-08-04 00:00:00-04:00,10.685338500042354,10.744592179509247,10.626085762380743,10.635961532592773,1736100,0.0,0.0
2023-08-07 00:00:00-04:00,10.764342310712813,10.784093850279211,10.714965345407307,10.74459171295166,1504200,0.0,0.0
2023-08-08 00:00:00-04:00,10.59645796546579,10.616209504983438,10.507578863052098,10.586583137512207,2487300,0.0,0.0
2023-08-09 00:00:00-04:00,10.566831577917497,10.616209484812558,10.438449396712437,10.468076705932617,1404600,0.0,0.0
2023-08-10 00:00:00-04:00,10.67546365482514,10.724840622196968,10.57670783647092,10.596458435058594,669300,0.0,0.0
2023-08-11 00:00:00-04:00,10.59645891253856,10.71496627662572,10.55695677177795,10.566832542419434,273300,0.0,0.0
2023-08-14 00:00:00-04:00,10.556956296077962,10.714965793805773,10.556956296077962,10.596458435058594,751100,0.0,0.0
2023-08-15 00:00:00-04:00,10.566832056470163,10.744592152620715,10.517454147338867,10.517454147338867,454600,0.0,0.0
2023-08-16 00:00:00-04:00,10.606333735224613,10.714965318961195,10.576707367753384,10.586583137512207,539200,0.0,0.0
2023-08-17 00:00:00-04:00,10.408823484399063,10.52732990104548,10.329819206634786,10.33969497680664,912700,0.0,0.0
2023-08-18 00:00:00-04:00,10.389072885860635,10.398947714227209,10.280441297580792,10.33969497680664,660300,0.0,0.0
2023-08-21 00:00:00-04:00,10.30019236502717,10.3693208694458,10.30019236502717,10.3693208694458,498800,0.0,0.0
2023-08-22 00:00:00-04:00,10.37919614968371,10.43844888158955,10.300191879272461,10.300191879272461,454500,0.0,0.0
2023-08-23 00:00:00-04:00,10.379197127068027,10.50757931402705,10.379197127068027,10.477952003479004,633100,0.0,0.0
2023-08-24 00:00:00-04:00,10.31994293269659,10.38907237871975,10.231062889099121,10.231062889099121,449800,0.0,0.0
2023-08-25 00:00:00-04:00,10.221188068087399,10.290316572351808,10.171810161410576,10.270565032958984,268300,0.0,0.0
2023-08-28 00:00:00-04:00,10.41869877623278,10.497703050369854,10.339694502095707,10.3693208694458,545400,0.0,0.0
2023-08-29 00:00:00-04:00,10.379197600021621,10.45820188147254,10.319943918030772,10.448326110839844,478600,0.0,0.0
2023-08-30 00:00:00-04:00,10.369320892142497,10.537205210502558,10.369320892142497,10.468076705932617,528500,0.0,0.0
2023-08-31 00:00:00-04:00,10.62608478253358,10.705089053334147,10.487826837729987,10.53720474243164,480500,0.0,0.0
2023-09-01 00:00:00-04:00,10.626085268062791,10.626085268062791,10.487827316941887,10.547080993652344,488100,0.0,0.0
2023-09-05 00:00:00-04:00,10.547081461393743,10.66558787826493,10.43844987290786,10.497703552246094,552500,0.0,0.0
2023-09-06 00:00:00-04:00,10.468077180012854,10.576707826657477,10.468077180012854,10.517454147338867,771100,0.0,0.0
2023-09-07 00:00:00-04:00,10.566832066274442,10.665587884628662,10.566832066274442,10.596458435058594,1441300,0.0,0.0
2023-09-08 00:00:00-04:00,10.596457978639465,10.705089562511096,10.487827336573075,10.665587425231934,1763000,0.0,0.0
2023-09-11 00:00:00-04:00,10.744591719460043,10.80384445458464,10.626085307405607,10.784093856811523,867800,0.0,0.0
2023-09-12 00:00:00-04:00,10.586584092914226,10.75446842674424,10.586584092914226,10.685338973999023,1320400,0.0,0.0
2023-09-13 00:00:00-04:00,10.438448933028331,10.586582647133294,10.438448933028331,10.53720474243164,439900,0.0,0.0
2023-09-14 00:00:00-04:00,10.645836833204038,10.724841114794007,10.57670832226415,10.685338973999023,601400,0.0,0.0
2023-09-15 00:00:00-04:00,10.56683157531594,10.586583114791196,10.477951531287761,10.48782730102539,1022100,0.0,0.0
2023-09-18 00:00:00-04:00,10.369320898759138,10.50757884979248,10.369320898759138,10.50757884979248,502400,0.0,0.0
2023-09-19 00:00:00-04:00,10.71496533886897,10.793969613475863,10.705089569091797,10.705089569091797,1452700,0.0,0.0
2023-09-20 00:00:00-04:00,10.487827280651409,10.497703050369854,10.3693208694458,10.3693208694458,2137700,0.0,0.0
2023-09-21 00:00:00-04:00,10.270565503894112,10.349569781477506,10.18168639796675,10.201436996459961,1075500,0.0,0.0
2023-09-22 00:00:00-04:00,10.22118854181684,10.27056550897694,10.22118854181684,10.240939140319824,558600,0.0,0.0
2023-09-25 00:00:00-04:00,10.191560290930134,10.290316099748217,10.191560290930134,10.280440330505371,726500,0.0,0.0
2023-09-26 00:00:00-04:00,10.250814435371398,10.310067169939394,10.221188068087399,10.270565032958984,894300,0.0,0.0
2023-09-27 00:00:00-04:00,10.221188061214585,10.29031656543251,10.181685924260735,10.231062889099121,811300,0.0,0.0
2023-09-28 00:00:00-04:00,10.152059085849666,10.270565502205272,10.073054808279263,10.142184257507324,1094200,0.0,0.0
2023-09-29 00:00:00-04:00,10.33969496170033,10.349569790052476,10.211312775069624,10.22118854522705,483500,0.0,0.0
2023-10-02 00:00:00-04:00,10.07305429952008,10.17181011239787,9.964423658798696,9.994050025939941,750900,0.0,0.0
2023-10-03 00:00:00-04:00,10.013801581711837,10.112556452946864,10.013801581711837,10.053303718566895,564200,0.0,0.0
2023-10-04 00:00:00-04:00,10.063179504285795,10.122433186111031,10.033553134275838,10.092806816101074,670600,0.0,0.0
2023-10-05 00:00:00-04:00,10.21131278008083,10.300192827930726,10.191561239756284,10.260690689086914,865600,0.0,0.0
2023-10-06 00:00:00-04:00,10.260690699042362,10.369321345516925,10.231063388526799,10.33969497680664,963000,0.0,0.0
2023-10-09 00:00:00-04:00,10.25081445824019,10.389072408882686,10.25081445824019,10.3693208694458,453200,0.0,0.0
2023-10-10 00:00:00-04:00,10.369320406270676,10.48782681218286,10.369320406270676,10.41869831085205,737400,0.0,0.0
2023-10-11 00:00:00-04:00,10.389072890843096,10.507579307546347,10.34956981013673,10.379197120666504,368300,0.0,0.0
2023-10-12 00:00:00-04:00,10.369320860097792,10.438449364454101,10.339694492774408,10.349569320678711,608600,0.0,0.0
2023-10-13 00:00:00-04:00,10.142184727321217,10.181686867936266,10.073055274890889,10.092806816101074,398400,0.0,0.0
2023-10-16 00:00:00-04:00,10.132308017617117,10.240938658788892,10.132308017617117,10.231062889099121,1113900,0.0,0.0
2023-10-17 00:00:00-04:00,10.142183275651371,10.142183275651371,9.984173794002047,10.043427467346191,887800,0.0,0.0
2023-10-18 00:00:00-04:00,9.984174242052948,10.053303687690908,9.905169968585474,9.915045738220215,451900,0.0,0.0
2023-10-19 00:00:00-04:00,10.043428410643074,10.05330418076218,9.93479776474874,9.964424133300781,761300,0.0,0.0
2023-10-20 00:00:00-04:00,10.063179000445496,10.063179000445496,9.905170445896424,9.944672584533691,839300,0.0,0.0
2023-10-23 00:00:00-04:00,9.924921994629635,9.994050501852822,9.905170454391424,9.964424133300781,848500,0.0,0.0
2023-10-24 00:00:00-04:00,10.003926268625158,10.023676867051485,9.954548359851424,9.984174728393555,620900,0.0,0.0
2023-10-25 00:00:00-04:00,10.023675928963081,10.122431737268261,10.023675928963081,10.043427467346191,475600,0.0,0.0
2023-10-26 00:00:00-04:00,9.974299428447521,10.05330370202766,9.934797291657452,9.994050025939941,763200,0.0,0.0
2023-10-27 00:00:00-04:00,10.122432700235258,10.191561207542103,10.063179021254195,10.102681159973145,686000,0.0,0.0
2023-10-30 00:00:00-04:00,10.1125574079194,10.122433178517083,10.023677356150886,10.073055267333984,822400,0.0,0.0
2023-10-31 00:00:00-04:00,10.102681647059391,10.231063839537065,10.102681647059391,10.191561698913574,1282400,0.0,0.0
2023-11-01 00:00:00-04:00,10.221188081675633,10.349569320678711,10.221188081675633,10.349569320678711,691100,0.0,0.0
2023-11-02 00:00:00-04:00,10.438449864553556,10.477952003479004,10.398947725628108,10.477952003479004,1109500,0.0,0.0
2023-11-03 00:00:00-04:00,10.576707380902503,10.665587425231934,10.5569558413603,10.665587425231934,511700,0.0,0.0
2023-11-06 00:00:00-05:00,10.497703086694504,10.556955821599718,10.428574582036672,10.547080993652344,750400,0.0,0.0
2023-11-07 00:00:00-05:00,10.556955864413519,10.863098135349494,10.53720526663343,10.84334659576416,1605700,0.0,0.0
2023-11-08 00:00:00-05:00,11.21861743927002,11.396377529388685,11.159364703767299,11.21861743927002,1909500,0.0,0.0
2023-11-09 00:00:00-05:00,11.682768325180492,11.722270462996109,11.524759773918024,11.534635543823242,1744400,0.0,0.0
2023-11-10 00:00:00-05:00,11.22849321536206,11.307497490613091,11.129738342200893,11.258119583129883,784900,0.0,0.0
2023-11-13 00:00:00-05:00,11.366751216678814,11.495133399963379,11.366751216678814,11.495133399963379,4914900,0.0,0.0
2023-11-14 00:00:00-05:00,11.623515601458466,11.653141969399703,11.495133417972765,11.613639831542969,1021700,0.0,0.0
2023-11-15 00:00:00-05:00,11.426003934194435,11.554386117273674,11.366751198499559,11.376626968383789,959500,0.0,0.0
2023-11-16 00:00:00-05:00,11.376626517431847,11.544509889782864,11.376626517431847,11.524759292602539,544800,0.0,0.0
2023-11-17 00:00:00-05:00,11.396377081720127,11.564261395391814,11.36675071513254,11.38650131225586,612600,0.0,0.0
2023-11-20 00:00:00-05:00,11.327249992754439,11.327249992754439,11.238369940093971,11.297622680664062,1229200,0.0,0.0
2023-11-21 00:00:00-05:00,11.307497982725629,11.41612957227748,11.307497982725629,11.347000122070312,917400,0.0,0.0
2023-11-22 00:00:00-05:00,11.31737376638365,11.574138143330094,11.31737376638365,11.465506553649902,452500,0.0,0.0
2023-11-24 00:00:00-05:00,11.22849322771128,11.44575545579319,11.208742629779424,11.33712387084961,357300,0.0,0.0
2023-11-27 00:00:00-05:00,11.366751195636587,11.406253333358306,11.337123885991357,11.396377563476562,685100,0.0,0.0
2023-11-28 00:00:00-05:00,11.38650179359482,11.406253333358306,11.317373288033123,11.396377563476562,672300,0.0,0.0
2023-11-29 00:00:00-05:00,11.36675071513254,11.41612862064866,11.356874945668272,11.38650131225586,602600,0.0,0.0
2023-11-30 00:00:00-05:00,11.45563173330373,11.514884471530255,11.406253823578094,11.485258102416992,495600,0.0,0.0
2023-12-01 00:00:00-05:00,11.514884476665948,11.633390894977149,11.455631738412993,11.584012985229492,519100,0.0,0.0
2023-12-04 00:00:00-05:00,11.435879227636091,11.505007730335162,11.34699918599145,11.40625286102295,562400,0.0,0.0
2023-12-05 00:00:00-05:00,11.356874955464235,11.455630766581663,11.356874955464235,11.40625286102295,469000,0.0,0.0
2023-12-06 00:00:00-05:00,11.475382319461243,11.564262368508352,11.426004409790039,11.426004409790039,1082200,0.0,0.0
2023-12-07 00:00:00-05:00,11.544510845792425,11.65314243559833,11.544510845792425,11.584012985229492,856200,0.0,0.0
2023-12-08 00:00:00-05:00,11.584012048913257,11.653141493694477,11.584012048913257,11.643265724182129,804800,0.0,0.0
2023-12-11 00:00:00-05:00,11.603763587937953,11.672892090913956,11.603763587937953,11.643265724182129,481000,0.0,0.0
2023-12-12 00:00:00-05:00,11.732146263122559,11.801274769026646,11.653141987287816,11.732146263122559,689000,0.0,0.0
2023-12-13 00:00:00-05:00,11.71239474963864,11.909906381475572,11.702519921491001,11.870404243469238,598100,0.0,0.0
2023-12-14 00:00:00-05:00,11.811150568374604,11.929656982421875,11.80127479841935,11.929656982421875,468000,0.0,0.0
2023-12-15 00:00:00-05:00,11.811150038671181,11.811150038671181,11.643265724182129,11.643265724182129,1068700,0.0,0.0
2023-12-18 00:00:00-05:00,11.821026305907244,11.85065267388649,11.653141984349432,11.751896858215332,528700,0.0,0.0
2023-12-19 00:00:00-05:00,11.830901635366194,11.939533225568796,11.821026806824838,11.919781684875488,829300,0.0,0.0
2023-12-20 00:00:00-05:00,11.850652688799407,11.939532734654243,11.771648412885165,11.811150550842285,891800,0.0,0.0
2023-12-21 00:00:00-05:00,11.85065318869507,12.038288116455078,11.85065318869507,12.038288116455078,536200,0.0,0.0
2023-12-22 00:00:00-05:00,12.038287165036115,12.09754084069094,11.949408064261712,12.018536567687988,500200,0.0,0.0
2023-12-26 00:00:00-05:00,12.018537057367427,12.137043471700242,12.018537057367427,12.127167701721191,462300,0.0,0.0
2023-12-27 00:00:00-05:00,12.156795040011415,12.344429961024673,12.156795040011415,12.324678421020508,465000,0.0,0.0
2023-12-28 00:00:00-05:00,12.344429497702567,12.541940181304764,12.324677958439734,12.354305267333984,564100,0.0,0.0
2023-12-29 00:00:00-05:00,12.73945094998647,12.828330993652344,12.719700352396963,12.828330993652344,789600,0.0,0.0
2024-01-02 00:00:00-05:00,12.808579882806448,12.808579882806448,12.640695571899414,12.640695571899414,622200,0.0,0.0
2024-01-03 00:00:00-05:00,12.640696505788926,12.729576552459683,12.44318581419017,12.541940689086914,439200,0.0,0.0
2024-01-04 00:00:00-05:00,12.364181498457638,12.364181498457638,12.196297175678193,12.265425682067871,515000,0.0,0.0
2024-01-05 00:00:00-05:00,12.2654252148107,12.44318530081832,12.2654252148107,12.334553718566895,421300,0.0,0.0
2024-01-08 00:00:00-05:00,12.393807453092611,12.64069604402352,12.295051639998155,12.630820274353027,1120000,0.0,0.0
2024-01-09 00:00:00-05:00,12.838206309541205,12.927086350065323,12.739450499668807,12.897459983825684,626500,0.0,0.0
2024-01-10 00:00:00-05:00,13.371486171757223,13.45049044624695,13.262855529785156,13.262855529785156,1040700,0.0,0.0
2024-01-11 00:00:00-05:00,13.302357690617821,13.509744146972407,13.302357690617821,13.440614700317383,492600,0.0,0.0
2024-01-12 00:00:00-05:00,13.746757035044459,13.845512849695437,13.746757035044459,13.756632804870605,954200,0.0,0.0
2024-01-16 00:00:00-05:00,13.608499025964345,13.657876933083266,13.460366246412823,13.480116844177246,770600,0.0,0.0
2024-01-17 00:00:00-05:00,13.183851714625645,13.272730820169238,13.104847437383379,13.173975944519043,714700,0.0,0.0
2024-01-18 00:00:00-05:00,13.480116844177246,13.568996888630256,13.391237741529478,13.480116844177246,911700,0.0,0.0
2024-01-19 00:00:00-05:00,13.519619474199303,13.598624693551866,13.460366736941475,13.568997383117676,647100,0.0,0.0
2024-01-22 00:00:00-05:00,13.460366725048047,13.519619462253518,13.36161090729856,13.430740356445312,965500,0.0,0.0
2024-01-23 00:00:00-05:00,13.43074034614246,13.43074034614246,13.312232988211873,13.351736068725586,474500,0.0,0.0
2024-01-24 00:00:00-05:00,13.233228678223023,13.312232955445438,13.193726539611816,13.193726539611816,585300,0.0,0.0
2024-01-25 00:00:00-05:00,13.262856479418273,13.331984989095142,13.203602798405738,13.282607078552246,629800,0.0,0.0
2024-01-26 00:00:00-05:00,13.13447380780713,13.23322868347168,13.13447380780713,13.23322868347168,456800,0.0,0.0
2024-01-29 00:00:00-05:00,13.450490961740227,13.529495239257812,13.43074036326347,13.529495239257812,523700,0.0,0.0
2024-01-30 00:00:00-05:00,13.657876511937541,13.825760825881954,13.657876511937541,13.746756553649902,639300,0.0,0.0
2024-01-31 00:00:00-05:00,13.756632798491767,13.924517118237436,13.717130661010742,13.717130661010742,420100,0.0,0.0
2024-02-01 00:00:00-05:00,13.825761827824769,14.043024063110352,13.815886057628768,14.043024063110352,943800,0.0,0.0
2024-02-02 00:00:00-05:00,13.924517181177688,14.112152099609375,13.84551290585853,14.112152099609375,2172400,0.0,0.0
2024-02-05 00:00:00-05:00,13.98376986369058,14.043023540857682,13.746757038632662,13.815885543823242,2588400,0.0,0.0
2024-02-06 00:00:00-05:00,14.023272099548175,14.46767138509974,14.023272099548175,14.368916511535645,2628200,0.0,0.0
2024-02-07 00:00:00-05:00,13.983769898176705,14.12202785070408,13.934391990716554,13.993645668029785,956200,0.0,0.0
2024-02-08 00:00:00-05:00,14.191156877933814,14.280036926269531,14.112152599814351,14.280036926269531,862100,0.0,0.0
2024-02-09 00:00:00-05:00,14.319539079650644,14.418294898301383,14.280036940551405,14.398543357849121,558700,0.0,0.0
2024-02-12 00:00:00-05:00,14.418294406964847,14.566427188087705,14.260284914147144,14.289912223815918,4037400,0.0,0.0
2024-02-13 00:00:00-05:00,14.220782748952475,14.23065851882301,14.072649968115465,14.151654243469238,1335800,0.0,0.0
2024-02-14 00:00:00-05:00,14.536801803555216,14.586179714538051,14.438045981589545,14.507174491882324,2112100,0.0,0.0
2024-02-15 00:00:00-05:00,14.665183545710464,14.823192102566274,14.615805636241703,14.75406265258789,1112600,0.0,0.0
2024-02-16 00:00:00-05:00,14.230658036635072,14.408418121060508,14.10227585808395,14.122027397155762,1219200,0.0,0.0
2024-02-20 00:00:00-05:00,13.539370999129273,13.568997367724577,13.351736075618646,13.450490951538086,1342200,0.0,0.0
2024-02-21 00:00:00-05:00,13.677628533442082,13.815885543823242,13.628250626103704,13.815885543823242,1099800,0.0,0.0
2024-02-22 00:00:00-05:00,13.865263920436172,13.904766059282789,13.697379594886733,13.766508102416992,935600,0.0,0.0
2024-02-23 00:00:00-05:00,13.825761790054884,13.855388158756666,13.746757512313279,13.786259651184082,589500,0.0,0.0
2024-02-26 00:00:00-05:00,14.141778936140929,14.270161123241182,14.062774658203125,14.062774658203125,1128300,0.0,0.0
2024-02-27 00:00:00-05:00,14.003520932769842,14.003520932769842,13.845512388040994,13.865262985229492,887600,0.0,0.0
2024-02-28 00:00:00-05:00,13.608499057433578,13.657876964666684,13.55912115020047,13.598624229431152,880400,0.0,0.0
2024-02-29 00:00:00-05:00,13.736881256103516,13.825761300869372,13.717130658269573,13.736881256103516,1060600,0.0,0.0
2024-03-01 00:00:00-05:00,13.786258712865067,13.894889351914847,13.786258712865067,13.865262985229492,1208600,0.0,0.0
2024-03-04 00:00:00-05:00,13.657876961941481,13.687503329553335,13.588748456912072,13.618374824523926,1421500,0.0,0.0
2024-03-05 00:00:00-05:00,13.687503818115625,13.776383865928922,13.638126850935153,13.667753219604492,498500,0.0,0.0
2024-03-06 00:00:00-05:00,13.727005004882812,13.825760816004934,13.677628041126965,13.727005004882812,383700,0.0,0.0
2024-03-07 00:00:00-05:00,13.806009312143312,13.88501452632491,13.786258714951824,13.845512390136719,369200,0.0,0.0
2024-03-08 00:00:00-05:00,13.8257612841761,13.8257612841761,13.578872689815812,13.598624229431152,508800,0.0,0.0
2024-03-11 00:00:00-04:00,13.717131614201364,13.825762264371514,13.717131614201364,13.776384353637695,477000,0.0,0.0
2024-03-12 00:00:00-04:00,13.825761300869372,13.865263438342502,13.648001211337657,13.736881256103516,328200,0.0,0.0
2024-03-13 00:00:00-04:00,13.825761766353928,13.825761766353928,13.648001670837402,13.648001670837402,390200,0.0,0.0
2024-03-14 00:00:00-04:00,13.628250112215891,13.806009253403845,13.559120667826765,13.608498573303223,335000,0.0,0.0
2024-03-15 00:00:00-04:00,13.648001194859013,13.677628504282024,13.529494782582704,13.598624229431152,370700,0.0,0.0
2024-03-18 00:00:00-04:00,13.598623745652102,13.697378614799806,13.588747976195767,13.608498573303223,371400,0.0,0.0
2024-03-19 00:00:00-04:00,13.549246338557454,13.74675702592311,13.549246338557454,13.736881256103516,515800,0.0,0.0
2024-03-20 00:00:00-04:00,13.638125914782135,13.766507150805307,13.638125914782135,13.746756553649902,353100,0.0,0.0
2024-03-21 00:00:00-04:00,13.776383865928922,13.776383865928922,13.588748941949403,13.667753219604492,480600,0.0,0.0
2024-03-22 00:00:00-04:00,13.588748941949403,13.717131128590244,13.588748941949403,13.667753219604492,994600,0.0,0.0
2024-03-25 00:00:00-04:00,13.509744162735897,13.549246300096899,13.40111257863921,13.499868392944336,410200,0.0,0.0
2024-03-26 00:00:00-04:00,13.499867921044379,13.578872193004715,13.480116382151687,13.509743690490723,376700,0.0,0.0
2024-03-27 00:00:00-04:00,13.687502831498877,13.727004967479047,13.460365785064209,13.509743690490723,302500,0.0,0.0
2024-03-28 00:00:00-04:00,13.331984060797124,13.470242012329352,13.331984060797124,13.42086410522461,698700,0.0,0.0
2024-04-01 00:00:00-04:00,13.33198451476647,13.381362423552586,13.1937265585264,13.292482376098633,555600,0.0,0.0
2024-04-02 00:00:00-04:00,13.164100646972656,13.213478557472943,13.104847907816561,13.164100646972656,993600,0.0,0.0
2024-04-03 00:00:00-04:00,12.680198671680397,12.749327178438959,12.640696533274753,12.73945140838623,676900,0.0,0.0
2024-04-04 00:00:00-04:00,12.759203422050012,12.838207701793547,12.640697002434708,12.670323371887207,660700,0.0,0.0
2024-04-05 00:00:00-04:00,12.591318139915444,12.630820276799833,12.561691772703462,12.611069679260254,512900,0.0,0.0
2024-04-08 00:00:00-04:00,12.739451893129567,12.857959254661042,12.719701294077858,12.788829803466797,479000,0.0,0.0
2024-04-09 00:00:00-04:00,12.739450936245897,12.788828842874262,12.699948799304252,12.749326705932617,356200,0.0,0.0
2024-04-10 00:00:00-04:00,12.59131810927839,12.59131810927839,12.423433792476926,12.472811698913574,406600,0.0,0.0
2024-04-11 00:00:00-04:00,12.393807889258461,12.443185797543409,12.32467844093743,12.423434257507324,771900,0.0,0.0
2024-04-12 00:00:00-04:00,12.29505156749095,12.44318528625905,12.255549430847168,12.255549430847168,474500,0.0,0.0
2024-04-15 00:00:00-04:00,12.255550355286637,12.295052494910076,12.028413287903192,12.038288116455078,1031900,0.0,0.0
2024-04-16 00:00:00-04:00,11.90990639892044,11.988910675048828,11.880279089018348,11.988910675048828,738700,0.0,0.0
2024-04-17 00:00:00-04:00,12.11729287084754,12.245674113325538,12.028412824666418,12.067914962768555,489400,0.0,0.0
2024-04-18 00:00:00-04:00,12.038287632391752,12.117292850267102,11.969159126281738,11.969159126281738,672600,0.0,0.0
2024-04-19 00:00:00-04:00,11.92965696170559,12.038287605608966,11.801274777926002,11.830901145935059,1230400,0.0,0.0
2024-04-22 00:00:00-04:00,12.067914466353155,12.117292372400975,11.909905920444313,11.979034423828125,434900,0.0,0.0
2024-04-23 00:00:00-04:00,11.949408522332384,11.969159120437633,11.87040424630087,11.929656982421875,628500,0.0,0.0
2024-04-24 00:00:00-04:00,11.929656976558354,11.959283344604295,11.85065270056567,11.890154838562012,298800,0.0,0.0
2024-04-25 00:00:00-04:00,11.692643654807402,11.761772157930432,11.623515151684371,11.742021560668945,1290600,0.0,0.0
2024-04-26 00:00:00-04:00,12.008660812719965,12.097540855407715,11.949408078798282,12.097540855407715,1511900,0.0,0.0
2024-04-29 00:00:00-04:00,12.146919735471567,12.196297645568848,12.097541825374284,12.196297645568848,749100,0.0,0.0
2024-04-30 00:00:00-04:00,12.176545601269481,12.176545601269481,12.008661278964446,12.028412818908691,1854000,0.0,0.0
2024-05-01 00:00:00-04:00,11.949408042094952,12.048162912262834,11.860527999680201,11.900030136108398,751300,0.0,0.0
2024-05-02 00:00:00-04:00,11.900030172660061,12.097540855407715,11.900030172660061,12.097540855407715,562600,0.0,0.0
2024-05-03 00:00:00-04:00,12.275301446380011,12.275301446380011,12.127167721864001,12.225923538208008,293500,0.0,0.0
2024-05-06 00:00:00-04:00,12.19629669678411,12.324677934522478,12.097540884272043,12.255549430847168,851200,0.0,0.0
2024-05-07 00:00:00-04:00,12.038287672474956,12.393807857779377,12.018537074294303,12.245674133300781,1457200,0.0,0.0
2024-05-08 00:00:00-04:00,11.73214624511317,11.781524152885403,11.603764061627471,11.613639831542969,2176700,0.0,0.0
2024-05-09 00:00:00-04:00,12.048163907355356,12.196297637549804,11.959283857599749,12.176546096801758,3748500,0.0,0.0
2024-05-10 00:00:00-04:00,12.43331003310503,12.532064907913977,12.344429986513292,12.462936401367188,2236700,0.0,0.0
2024-05-13 00:00:00-04:00,12.591319100010523,12.778954029067327,12.591319100010523,12.690074920654297,2125700,0.0,0.0
2024-05-14 00:00:00-04:00,13.252979763989897,13.410988313016654,13.203601856967726,13.322108268737793,2912700,0.0,0.0
2024-05-15 00:00:00-04:00,13.213477613556405,13.312232485697026,13.03571752517595,13.243103981018066,1624900,0.0,0.0
2024-05-16 00:00:00-04:00,13.58874796245106,13.648000695518709,13.499867921044379,13.509743690490723,6516100,0.0,0.0
2024-05-17 00:00:00-04:00,13.351736084043903,13.529495237533173,13.351736084043903,13.470242500305176,1768500,0.0,0.0
2024-05-20 00:00:00-04:00,13.381362413036602,13.381362413036602,13.144349581215836,13.213478088378906,1590000,0.0,0.0
2024-05-21 00:00:00-04:00,13.173975951628057,13.430740323706615,13.164100181516126,13.272730827331543,774300,0.0,0.0
2024-05-22 00:00:00-04:00,13.085096366894323,13.213478557472943,13.085096366894323,13.164100646972656,3964500,0.0,0.0
2024-05-23 00:00:00-04:00,13.134472787081874,13.173974922638902,12.848082068842123,12.877708435058594,1209300,0.0,0.0
2024-05-24 00:00:00-04:00,12.857958806355095,13.035717958843941,12.857958806355095,12.9962158203125,837500,0.0,0.0
2024-05-28 00:00:00-04:00,12.84808301494083,12.956713660270626,12.818455704737481,12.838207244873047,655500,0.0,0.0
2024-05-29 00:00:00-04:00,12.838206772714857,12.936962586150143,12.838206772714857,12.848082542419434,349700,0.0,0.0
2024-05-30 00:00:00-04:00,13.183851226077074,13.183851226077074,13.0357175053832,13.124597549438477,335100,0.0,0.0
2024-05-31 00:00:00-04:00,13.381362439094254,13.499868855235405,13.31223298999129,13.410988807678223,724600,0.0,0.0
2024-06-03 00:00:00-04:00,13.480116857152748,13.628250578652102,13.480116857152748,13.559121131896973,454000,0.0,0.0
2024-06-04 00:00:00-04:00,13.875139728712865,14.043024054723466,13.875139728712865,14.023272514343262,1203700,0.0,0.0
2024-06-05 00:00:00-04:00,13.845512875011124,13.983769885608993,13.815885565478512,13.914641380310059,350100,0.0,0.0
2024-06-06 00:00:00-04:00,13.924517150154264,14.013396253336357,13.85538770305008,13.914641380310059,330300,0.0,0.0
2024-06-07 00:00:00-04:00,13.825760816004934,13.825760816004934,13.717130177214772,13.727005004882812,340600,0.0,0.0
2024-06-10 00:00:00-04:00,13.618375792733728,13.786260124145523,13.608500022225902,13.776384353637695,581900,0.0,0.0
2024-06-11 00:00:00-04:00,13.638126835739167,13.727005941648152,13.49986887909417,13.549246788024902,511300,0.0,0.0
2024-06-12 00:00:00-04:00,13.489992613962078,13.62825056553401,13.440614706843157,13.480116844177246,701800,0.0,0.0
2024-06-13 00:00:00-04:00,13.114722246595862,13.193726523723136,13.025842199376362,13.075220108032227,598800,0.0,0.0
2024-06-14 00:00:00-04:00,13.18385124870019,13.27273035110274,13.173975478942603,13.223353385925293,513600,0.0,0.0
2024-06-17 00:00:00-04:00,13.035717518617844,13.28260611155305,13.035717518617844,13.203601837158203,469000,0.0,0.0
2024-06-18 00:00:00-04:00,13.618374824523926,13.707254869164734,13.489992642465564,13.618374824523926,818800,0.0,0.0
2024-06-20 00:00:00-04:00,13.252979254196422,13.331983525670797,13.085094941862078,13.134472846984863,654800,0.0,0.0
2024-06-21 00:00:00-04:00,13.085095886700616,13.124598025290142,13.05546951820979,13.094971656799316,320600,0.0,0.0
2024-06-24 00:00:00-04:00,13.134473321768223,13.22335336584102,13.094971184603116,13.104846954345703,272400,0.0,0.0
2024-06-25 00:00:00-04:00,13.322108271374653,13.331984041142091,13.243103996845639,13.30235767364502,404500,0.0,0.0
2024-06-26 00:00:00-04:00,13.361610395310532,13.381361934825705,13.193726076652535,13.223353385925293,296400,0.0,0.0
2024-06-27 00:00:00-04:00,13.18385171985263,13.233228686794666,13.164100179631596,13.213478088378906,283600,0.0,0.0
2024-06-28 00:00:00-04:00,13.154223443950853,13.183850752107647,13.07521917247648,13.134472846984863,494800,0.0,0.0
2024-07-01 00:00:00-04:00,13.430740328970474,13.430740328970474,13.292482372765077,13.312232971191406,287600,0.0,0.0
2024-07-02 00:00:00-04:00,13.628250594329627,13.64800119213578,13.450490505048009,13.618374824523926,1502300,0.0,0.0
2024-07-03 00:00:00-04:00,13.460366736941475,13.598624693551866,13.460366736941475,13.568997383117676,1159700,0.0,0.0
2024-07-05 00:00:00-04:00,13.648000709323348,13.697378614799806,13.48999216524285,13.608498573303223,318700,0.0,0.0
2024-07-08 00:00:00-04:00,13.499868386426401,13.529494753981538,13.430739881529336,13.460366249084473,281400,0.0,0.0
2024-07-09 00:00:00-04:00,13.578873161733874,13.776383855725312,13.578873161733874,13.588748931884766,276400,0.0,0.0
2024-07-10 00:00:00-04:00,13.638126870791243,13.825761795043945,13.638126870791243,13.825761795043945,930700,0.0,0.0
2024-07-11 00:00:00-04:00,13.964019770467937,14.092401957465075,13.924517631530762,13.924517631530762,406100,0.0,0.0
2024-07-12 00:00:00-04:00,13.796135444533622,13.964019770467937,13.796135444533622,13.924517631530762,392800,0.0,0.0
2024-07-15 00:00:00-04:00,13.973893626394428,13.973893626394428,13.825760851140014,13.845512390136719,335900,0.0,0.0
2024-07-16 00:00:00-04:00,13.657876983886581,13.756632798491767,13.57887270892453,13.717130661010742,563500,0.0,0.0
2024-07-17 00:00:00-04:00,13.608499530381271,13.65787743933045,13.549246793086478,13.588748931884766,836200,0.0,0.0
2024-07-18 00:00:00-04:00,13.480116846852814,13.588748430897054,13.41098834195575,13.460366249084473,1640500,0.0,0.0
2024-07-19 00:00:00-04:00,13.450490922125201,13.470242462349065,13.272730827331543,13.272730827331543,1035900,0.0,0.0
2024-07-22 00:00:00-04:00,13.38136196524764,13.470242009657497,13.371486195467602,13.440614700317383,1087800,0.0,0.0
2024-07-23 00:00:00-04:00,13.312232988211873,13.440615174465613,13.292482389760293,13.351736068725586,386100,0.0,0.0
2024-07-24 00:00:00-04:00,13.391237717941474,13.578872634496573,13.292481903877583,13.30235767364502,462600,0.0,0.0
2024-07-25 00:00:00-04:00,13.302358130489043,13.361610867518106,13.15422440430584,13.173975944519043,728200,0.0,0.0
2024-07-26 00:00:00-04:00,13.213477166619391,13.381361479565637,13.213477166619391,13.371485710144043,485700,0.0,0.0
2024-07-29 00:00:00-04:00,13.312232501607216,13.549246266999504,13.2332282270782,13.30235767364502,404600,0.0,0.0
2024-07-30 00:00:00-04:00,13.361610897048738,13.371486667177168,13.233228710794998,13.351736068725586,471200,0.0,0.0
2024-07-31 00:00:00-04:00,13.588748926808433,13.64800166408109,13.420864601527109,13.549246788024902,1221800,0.0,0.0
2024-08-01 00:00:00-04:00,13.272731284967382,13.331984965876725,12.907336254474805,13.045594215393066,964500,0.0,0.0
2024-08-02 00:00:00-04:00,12.2259229661406,12.2259229661406,11.702519424340753,11.742021560668945,2603300,0.0,0.0
2024-08-05 00:00:00-04:00,11.218617528391466,11.82102630888796,11.218617528391466,11.732146263122559,5740300,0.0,0.0
2024-08-06 00:00:00-04:00,12.67032334750249,12.67032334750249,12.285176778140011,12.433310508728027,2223700,0.0,0.0
2024-08-07 00:00:00-04:00,12.759202948491687,13.114722194142487,12.719700810086042,12.73945140838623,796900,0.0,0.0
2024-08-08 00:00:00-04:00,12.512313897778334,12.848082533047087,12.512313897778334,12.828330993652344,816000,0.0,0.0
2024-08-09 00:00:00-04:00,12.887584710723738,13.233228174975993,12.887584710723738,13.065343856811523,929200,0.0,0.0
2024-08-12 00:00:00-04:00,12.956713224431779,13.193726047254286,12.956713224431779,13.085095405578613,602500,0.0,0.0
2024-08-13 00:00:00-04:00,12.907336254474805,13.134474265854427,12.907336254474805,13.045594215393066,573000,0.0,0.0
2024-08-14 00:00:00-04:00,13.233228686794666,13.292482365652496,13.193726548157873,13.213478088378906,1037300,0.0,0.0
2024-08-15 00:00:00-04:00,13.213477622777766,13.262855529785156,13.065343901755595,13.262855529785156,394600,0.0,0.0
2024-08-16 00:00:00-04:00,13.282606621407322,13.509744625365153,13.282606621407322,13.410988807678223,417500,0.0,0.0
2024-08-19 00:00:00-04:00,13.460366277539503,13.70725487189979,13.460366277539503,13.598624229431152,328500,0.0,0.0
2024-08-20 00:00:00-04:00,13.70725488479652,13.70725488479652,13.529494795312184,13.677628517150879,230400,0.0,0.0
2024-08-21 00:00:00-04:00,13.776383918650051,14.043024063110352,13.766508148454053,14.043024063110352,602000,0.0,0.0
2024-08-22 00:00:00-04:00,13.8948898279912,14.072649917804304,13.835637092590332,13.835637092590332,359700,0.0,0.0
2024-08-23 00:00:00-04:00,13.766508148454053,14.043024063110352,13.766508148454053,14.043024063110352,387900,0.0,0.0
2024-08-26 00:00:00-04:00,13.776383885986304,13.914641842986644,13.776383885986304,13.825761795043945,264800,0.0,0.0
2024-08-27 00:00:00-04:00,13.776383393576646,13.825761300869372,13.588748476030585,13.736881256103516,240000,0.0,0.0
2024-08-28 00:00:00-04:00,13.697379562687962,13.697379562687962,13.45049096002566,13.470242500305176,284600,0.0,0.0
2024-08-29 00:00:00-04:00,13.410988319644229,13.559121098978709,13.33198404509181,13.361610412597656,330400,0.0,0.0
2024-08-30 00:00:00-04:00,13.381362447570568,13.539371002525526,13.351736078967832,13.430740356445312,310400,0.0,0.0
2024-09-03 00:00:00-04:00,13.489992068619543,13.499867838005141,13.085094941862078,13.134472846984863,517400,0.0,0.0
2024-09-04 00:00:00-04:00,12.936963109541606,13.193726539611816,12.936963109541606,13.193726539611816,495400,0.0,0.0
2024-09-05 00:00:00-04:00,13.282606602649276,13.351736051654612,13.262856004222948,13.312232971191406,582600,0.0,0.0
2024-09-06 00:00:00-04:00,13.331983525670797,13.38136143079358,13.114721308213666,13.134472846984863,403700,0.0,0.0
2024-09-09 00:00:00-04:00,13.134473834926546,13.410988805885603,13.134473834926546,13.351736068725586,501600,0.0,0.0
2024-09-10 00:00:00-04:00,13.13447428872887,13.292482849021887,13.13447428872887,13.282607078552246,421700,0.0,0.0
2024-09-11 00:00:00-04:00,13.114721808762985,13.262855529785156,13.035717534273257,13.262855529785156,353700,0.0,0.0
2024-09-12 00:00:00-04:00,13.252979763989897,13.331984038503276,13.154223949945555,13.322108268737793,214700,0.0,0.0
2024-09-13 00:00:00-04:00,13.312232955445438,13.312232955445438,13.18385171131297,13.193726539611816,248900,0.0,0.0
2024-09-16 00:00:00-04:00,13.272730364342708,13.381361948174035,13.213477629348567,13.30235767364502,300200,0.0,0.0
2024-09-17 00:00:00-04:00,13.34186074805156,13.381362888090727,13.144350047855728,13.164100646972656,346800,0.0,0.0
2024-09-18 00:00:00-04:00,13.13447379208452,13.32210871488625,13.045593744829127,13.11472225189209,431600,0.0,0.0
2024-09-19 00:00:00-04:00,13.381362420196742,13.489993066054733,13.272730832533474,13.312232971191406,516000,0.0,0.0
2024-09-20 00:00:00-04:00,13.361610385947897,13.361610385947897,13.164099699960781,13.203601837158203,857000,0.0,0.0
2024-09-23 00:00:00-04:00,13.1344733417175,13.282606120860326,13.08509543473481,13.223353385925293,573100,0.0,0.0
2024-09-24 00:00:00-04:00,13.331984500941505,13.331984500941505,13.173975946434005,13.23322868347168,381900,0.0,0.0
2024-09-25 00:00:00-04:00,13.223353828627358,13.223353828627358,12.98634005553656,13.035717964172363,454600,0.0,0.0
2024-09-26 00:00:00-04:00,13.598624248567667,13.727005489027063,13.519619031800369,13.717130661010742,377100,0.0,0.0
2024-09-27 00:00:00-04:00,13.52949473147286,13.598624178060161,13.312232505551082,13.361610412597656,461900,0.0,0.0
2024-09-30 00:00:00-04:00,13.329873051570525,13.329873051570525,13.171184233053966,13.210856437683105,376200,0.058,0.0
2024-10-01 00:00:00-04:00,13.210856057637102,13.3794631589255,13.042248956348706,13.260446548461914,578800,0.0,0.0
2024-10-02 00:00:00-04:00,13.191020849922987,13.191020849922987,13.032332030905684,13.081921577453613,850300,0.0,0.0
2024-10-03 00:00:00-04:00,13.02241325378418,13.101757660310547,12.992659337801776,13.02241325378418,1380400,0.0,0.0
2024-10-04 00:00:00-04:00,13.101758152760762,13.131512069861513,13.022413743252109,13.081921577453613,413600,0.0,0.0
2024-10-07 00:00:00-04:00,13.538152279352525,13.677005467633357,13.409218324493134,13.46872615814209,665400,0.0,0.0
2024-10-08 00:00:00-04:00,13.280283389770547,13.379463427551517,13.260446814698378,13.349709510803223,949900,0.0,0.0
2024-10-09 00:00:00-04:00,13.091839107017805,13.19102008609048,11.901672087445261,13.18110179901123,3499900,0.0,0.0
2024-10-10 00:00:00-04:00,13.290200846941385,13.290200846941385,13.091839823795686,13.210856437683105,942500,0.0,0.0
2024-10-11 00:00:00-04:00,13.081921197265725,13.280283161132514,13.081921197265725,13.131511688232422,641700,0.0,0.0
2024-10-14 00:00:00-04:00,13.042248503585082,13.191019970894894,13.042248503585082,13.072003364562988,464400,0.0,0.0
2024-10-15 00:00:00-04:00,13.062085531721019,13.151348226038465,12.992659412078535,13.012495040893555,773300,0.0,0.0
2024-10-16 00:00:00-04:00,13.09183974979285,13.270365142544831,13.09183974979285,13.22077465057373,1324600,0.0,0.0
2024-10-17 00:00:00-04:00,13.319955094952805,13.33979072342177,13.101757506634657,13.290200233459473,1841500,0.0,0.0
2024-10-18 00:00:00-04:00,13.11167613102188,13.389381557749227,13.11167613102188,13.369544982910156,605600,0.0,0.0
2024-10-21 00:00:00-04:00,13.310037271826305,13.369545105167788,13.191020659283382,13.230692863464355,583100,0.0,0.0
2024-10-22 00:00:00-04:00,13.032331726127047,13.310037152912814,13.012495151283805,13.121593475341797,346000,0.0,0.0
2024-10-23 00:00:00-04:00,13.012494892226474,13.290200313483584,12.98274097641391,13.032331466674805,395800,0.0,0.0
2024-10-24 00:00:00-04:00,13.04224906768872,13.24061103268136,13.04224906768872,13.121593475341797,265200,0.0,0.0
2024-10-25 00:00:00-04:00,12.962904624285802,13.181102217659976,12.913315079034351,13.00257682800293,390300,0.0,0.0
2024-10-28 00:00:00-04:00,13.141429522644422,13.191020011901855,13.032331202965999,13.191020011901855,417300,0.0,0.0
2024-10-29 00:00:00-04:00,13.280283161132514,13.290200502637898,13.10175777199638,13.131511688232422,423400,0.0,0.0
2024-10-30 00:00:00-04:00,13.151347768784259,13.151347768784259,13.032331162452355,13.072003364562988,540300,0.0,0.0
2024-10-31 00:00:00-04:00,13.15134842020118,13.15134842020118,13.042249149598062,13.111676216125488,405800,0.0,0.0
2024-11-01 00:00:00-04:00,13.09183983170231,13.09183983170231,12.913315383693348,12.962904930114746,413000,0.0,0.0
2024-11-04 00:00:00-05:00,13.022413485297992,13.131511809746325,12.91331516084966,12.992659568786621,492900,0.0,0.0
2024-11-05 00:00:00-05:00,12.467001534203828,12.943068921970005,12.397575414557487,12.764543533325195,1419100,0.0,0.0
2024-11-06 00:00:00-05:00,13.012495267539018,13.230692863464355,12.903396942506328,13.230692863464355,2218800,0.0,0.0
2024-11-07 00:00:00-05:00,13.220774307876127,13.448890186686185,13.081921123128268,13.389381408691406,2303100,0.0,0.0
2024-11-08 00:00:00-05:00,13.38938144626245,13.38938144626245,13.121593363324429,13.260446548461914,835700,0.0,0.0
2024-11-11 00:00:00-05:00,13.31003680778836,13.389381213384066,13.260446317826066,13.290200233459473,855700,0.0,0.0
2024-11-12 00:00:00-05:00,13.389381557749227,13.389381557749227,13.25052837145558,13.369544982910156,616000,0.0,0.0
2024-11-13 00:00:00-05:00,13.002576716375188,13.052167207060847,12.843887902869028,12.893478393554688,830000,0.0,0.0
2024-11-14 00:00:00-05:00,12.89347816301683,13.022413058150189,12.89347816301683,12.923232078552246,1447100,0.0,0.0
2024-11-15 00:00:00-05:00,13.022413364793643,13.290200502637898,13.022413364793643,13.131511688232422,1801400,0.0,0.0
2024-11-18 00:00:00-05:00,13.111675533802359,13.210855565900346,13.002576268876696,13.20093822479248,703800,0.0,0.0
2024-11-19 00:00:00-05:00,13.002577019550982,13.240611191220307,13.002577019550982,13.101758003234863,744100,0.0,0.0
2024-11-20 00:00:00-05:00,13.052167511392923,13.111676290775243,13.022413594631743,13.101758003234863,504400,0.0,0.0
2024-11-21 00:00:00-05:00,13.141429826760676,13.220774233064775,13.11167591086162,13.151348114013672,651600,0.0,0.0
2024-11-22 00:00:00-05:00,13.121592982245954,13.121592982245954,12.972822459952065,13.062085151672363,827600,0.0,0.0
2024-11-25 00:00:00-05:00,13.081921159836568,13.260446548461914,13.081921159836568,13.260446548461914,678500,0.0,0.0
2024-11-26 00:00:00-05:00,13.3397910665115,13.399299845168763,13.210856167637388,13.369544982910156,504400,0.0,0.0
2024-11-27 00:00:00-05:00,13.786103746632165,13.934875221971625,13.786103746632165,13.845612525939941,718200,0.0,0.0
2024-11-29 00:00:00-05:00,14.331596757065128,14.539876058478058,14.331596757065128,14.52995777130127,806800,0.0,0.0
2024-12-02 00:00:00-05:00,14.529958039125992,14.648975595721403,14.529958039125992,14.619220733642578,1302200,0.0,0.0
2024-12-03 00:00:00-05:00,14.69856472557647,14.827499620029236,14.69856472557647,14.797745704650879,754600,0.0,0.0
2024-12-04 00:00:00-05:00,14.926681134859027,15.253977053348153,14.91676284742361,15.224223136901855,2467100,0.0,0.0
2024-12-05 00:00:00-05:00,15.263895558711745,15.462256580952385,15.234140695980676,15.44242000579834,1869000,0.0,0.0
2024-12-06 00:00:00-05:00,14.956435237762232,15.115124055267406,14.896927404127771,15.075451850891113,2113100,0.0,0.0
2024-12-09 00:00:00-05:00,15.134959944090069,15.2242226363541,15.12504165698075,15.164713859558105,1300800,0.0,0.0
2024-12-10 00:00:00-05:00,14.877090835279011,14.877090835279011,14.728320305270206,14.827500343322754,2363300,0.0,0.0
2024-12-11 00:00:00-05:00,14.887009008267505,15.055616112105147,14.877090720780595,14.966353416442871,2223300,0.0,0.0
2024-12-12 00:00:00-05:00,14.877090603137269,15.025861130824664,14.787827908180855,14.857254028320312,1696100,0.0,0.0
2024-12-13 00:00:00-05:00,14.69856461134507,14.92668048309942,14.688647270202637,14.688647270202637,717700,0.0,0.0
2024-12-16 00:00:00-05:00,14.758073428252755,14.817581258711325,14.71840122599374,14.807663917541504,1053200,0.0,0.0
2024-12-17 00:00:00-05:00,15.333321378216228,15.36307529450167,15.234140396118164,15.234140396118164,782900,0.0,0.0
2024-12-18 00:00:00-05:00,15.075451233348137,15.075451233348137,14.658892631530762,14.658892631530762,510300,0.0,0.0
2024-12-19 00:00:00-05:00,14.837417873090043,15.006024969614014,14.837417873090043,14.926680564880371,598000,0.0,0.0
2024-12-20 00:00:00-05:00,14.460532222523497,14.62913932773226,14.3415156092926,14.579548835754395,1375900,0.0,0.0
2024-12-23 00:00:00-05:00,14.629138751349302,14.678729241373318,14.40102382144272,14.52995777130127,1707600,0.0,0.0
2024-12-24 00:00:00-05:00,14.420859449936373,14.619220464172514,14.410941162759585,14.52995777130127,366700,0.0,0.0
2024-12-26 00:00:00-05:00,14.520040512084961,14.658892749905409,14.510122224852092,14.520040512084961,413200,0.0,0.0
2024-12-27 00:00:00-05:00,14.559712409973145,14.847336112678013,14.539875835923196,14.559712409973145,427100,0.0,0.0
2024-12-30 00:00:00-05:00,14.529958002447483,14.559712864451196,14.430777966681594,14.500204086303711,421100,0.0,0.0
2024-12-31 00:00:00-05:00,14.549794502469142,14.559712789752826,14.28200642096925,14.510122299194336,257500,0.0,0.0
2025-01-02 00:00:00-05:00,14.510121920708185,14.678729016693099,14.371268739938282,14.559712409973145,892400,0.0,0.0
2025-01-03 00:00:00-05:00,14.480368871878056,14.748156016555132,14.391106175032373,14.56963062286377,957400,0.0,0.0
2025-01-06 00:00:00-05:00,14.569629859898546,14.60930206243468,14.331596644681749,14.420859336853027,1600600,0.0,0.0
2025-01-07 00:00:00-05:00,14.381187476510709,14.569630206576269,14.242334291400338,14.252252578735352,1020400,0.0,0.0
2025-01-08 00:00:00-05:00,13.984465098405574,14.024137300911777,13.825775342520842,13.924956321716309,1381800,0.0,0.0
2025-01-10 00:00:00-05:00,14.391105381437466,14.480368073360772,14.2919244024427,14.30184268951416,1040900,0.0,0.0
2025-01-13 00:00:00-05:00,14.291925049334674,14.480368728782228,14.242334557592688,14.34151554107666,914300,0.0,0.0
2025-01-14 00:00:00-05:00,14.718401408587496,14.718401408587496,14.54979431042999,14.658892631530762,1812000,0.0,0.0
2025-01-15 00:00:00-05:00,15.154796027062964,15.2440587220047,15.065533332121227,15.105205535888672,2432300,0.0,0.0
2025-01-16 00:00:00-05:00,15.372993358609767,15.640781438869285,15.224222833483323,15.511846542358398,3340200,0.0,0.0
2025-01-17 00:00:00-05:00,14.678728983200292,14.75807338749922,14.549794089749557,14.688647270202637,2221200,0.0,0.0
2025-01-21 00:00:00-05:00,14.490285346658238,14.569629751138207,14.381187026963257,14.559712409973145,2187400,0.0,0.0
2025-01-22 00:00:00-05:00,14.837418176554426,15.095287970142842,14.837418176554426,14.887008666992188,1538800,0.0,0.0
2025-01-23 00:00:00-05:00,15.025861171633336,15.313484886240749,15.025861171633336,15.224223136901855,731700,0.0,0.0
2025-01-24 00:00:00-05:00,15.620945169444155,15.868896680070254,15.581272965578378,15.720126152038574,3150500,0.0,0.0
2025-01-27 00:00:00-05:00,15.472174487771206,15.660617217797395,15.412665709633497,15.492010116577148,3152400,0.0,0.0
2025-01-28 00:00:00-05:00,16.37471808539907,16.454062493598926,16.255700527239338,16.32512664794922,4562000,0.0,0.0
2025-01-29 00:00:00-05:00,16.16643753676908,16.384636074129958,16.03750358519028,16.11684799194336,3323400,0.0,0.0
2025-01-30 00:00:00-05:00,16.751603638100395,16.761521925641688,16.523488699810414,16.563161849975586,3664400,0.0,0.0
2025-01-31 00:00:00-05:00,16.176355066123413,16.424306562073827,15.809386965619987,16.216028213500977,2436700,0.0,0.0
2025-02-03 00:00:00-05:00,16.11684799194336,16.4441439062648,16.11684799194336,16.36479949951172,2287700,0.0,0.0
2025-02-04 00:00:00-05:00,16.116848448742036,16.444144372340002,15.868896934146006,16.3052921295166,1478000,0.0,0.0
2025-02-05 00:00:00-05:00,17.187998428969877,17.307015984959435,17.019391328154597,17.108654022216797,2868800,0.0,0.0
2025-02-06 00:00:00-05:00,17.67398330431,17.912016526555938,17.67398330431,17.832672119140625,2703500,0.0,0.0
2025-02-07 00:00:00-05:00,17.644229793566556,17.753327168096984,17.34668685608034,17.40619468688965,1836100,0.0,0.0
2025-02-10 00:00:00-05:00,17.852508693924424,18.031034083538852,17.753327711725312,17.832672119140625,1714800,0.0,0.0
2025-02-11 00:00:00-05:00,17.852507704150373,17.852507704150373,17.66406403759169,17.713655471801758,2426500,0.0,0.0
2025-02-12 00:00:00-05:00,17.72357474335532,17.832672121239284,17.346687389298314,17.584720611572266,3142700,0.0,0.0
2025-02-13 00:00:00-05:00,17.941772133298105,18.269068063933727,17.941772133298105,18.229394912719727,1404100,0.0,0.0
2025-02-14 00:00:00-05:00,18.249230965357743,18.34841194883054,18.140133586085593,18.2988224029541,3202100,0.0,0.0
2025-02-18 00:00:00-05:00,18.58644553369926,18.774889216771136,18.58644553369926,18.745134353637695,4315700,0.0,0.0
2025-02-19 00:00:00-05:00,19.0228406405933,19.310463415918548,19.0228406405933,19.25095558166504,9828100,0.0,0.0
2025-02-20 00:00:00-05:00,19.082347572662265,19.171610265682297,18.913740473815526,19.122020721435547,7482500,0.0,0.0
2025-02-21 00:00:00-05:00,18.87407034102356,19.09226699711425,18.864152053239444,18.973249435424805,5377900,0.0,0.0
2025-02-24 00:00:00-05:00,18.755051881133113,18.96333213118487,18.755051881133113,18.844314575195312,2003100,0.0,0.0
2025-02-25 00:00:00-05:00,18.745133445926047,19.003003238768947,18.745133445926047,18.864151000976562,4338500,0.0,0.0
2025-02-26 00:00:00-05:00,18.45751143775226,18.616200256494423,18.378167028381178,18.517019271850586,2870700,0.0,0.0
2025-02-27 00:00:00-05:00,18.893903818228125,18.893903818228125,18.58644448343598,18.636035919189453,699000,0.0,0.0
2025-02-28 00:00:00-05:00,18.209558717428322,18.437673642815238,18.209558717428322,18.42775535583496,1516000,0.0,0.0
2025-03-03 00:00:00-05:00,18.10046088037159,18.427756809662935,18.08062430484606,18.23931312561035,1238300,0.0,0.0
2025-03-04 00:00:00-05:00,18.12029738155396,18.47734628094875,18.10046080610982,18.249231338500977,1901200,0.0,0.0
2025-03-05 00:00:00-05:00,18.487263267520106,18.68562522456072,18.407918863047822,18.665788650512695,898600,0.0,0.0
2025-03-06 00:00:00-05:00,18.844314726177846,18.92365913356664,18.576526641845703,18.576526641845703,2157800,0.0,0.0
2025-03-07 00:00:00-05:00,17.35660635739649,17.525213466251426,17.168162672977452,17.495458602905273,1339700,0.0,0.0
2025-03-10 00:00:00-04:00,16.662341167647146,16.751603865007965,16.42430793859161,16.53340721130371,1939900,0.0,0.0
2025-03-11 00:00:00-04:00,16.95988334648318,16.999554603649997,16.7218501283227,16.880538940429688,1428700,0.0,0.0
2025-03-12 00:00:00-04:00,16.900376418825235,17.197917484510484,16.900376418825235,17.00947380065918,1644500,0.0,0.0
2025-03-13 00:00:00-04:00,16.910292814857442,17.078899923204407,16.910292814857442,17.00947380065918,1075700,0.0,0.0
2025-03-14 00:00:00-04:00,17.098735515345535,17.38636016845703,17.029309396793064,17.38636016845703,892300,0.0,0.0
2025-03-17 00:00:00-04:00,17.287180321606016,17.34668815687771,17.12849149973484,17.23758888244629,892500,0.0,0.0
2025-03-18 00:00:00-04:00,17.178080141660757,17.178080141660757,16.900375663884915,17.108654022216797,1521500,0.0,0.0
2025-03-19 00:00:00-04:00,17.49545716420707,17.852507928119806,17.35660493011648,17.683900833129883,1190100,0.0,0.0
2025-03-20 00:00:00-04:00,17.81283524525703,17.81283524525703,17.554967344277106,17.624393463134766,545600,0.0,0.0
2025-03-21 00:00:00-04:00,18.060787440697347,18.090542303510137,17.892182226584676,18.031034469604492,393000,0.0,0.0
2025-03-24 00:00:00-04:00,17.80291816166009,17.81283455678232,17.61447449510141,17.713655471801758,865400,0.0,0.0
2025-03-25 00:00:00-04:00,17.832671821797035,18.001278921208193,17.81283524734399,17.872344970703125,621100,0.0,0.0
2025-03-26 00:00:00-04:00,18.616199099908187,18.764969621771165,18.348411025522935,18.417837142944336,908200,0.0,0.0
2025-03-27 00:00:00-04:00,18.040952220355393,18.358329847367713,17.981442496500676,18.100460052490234,1251000,0.0,0.0
2025-03-28 00:00:00-04:00,17.951689992554563,17.96160828012129,17.763246312226574,17.793001174926758,1434200,0.0,0.0
2025-03-31 00:00:00-04:00,17.049999237060547,17.190000534057617,16.799999237060547,17.170000076293945,3069900,0.147,0.0
2025-04-01 00:00:00-04:00,17.170000076293945,17.329999923706055,16.950000762939453,17.139999389648438,8021400,0.0,0.0
2025-04-02 00:00:00-04:00,17.579999923706055,17.790000915527344,17.290000915527344,17.360000610351562,5357900,0.0,0.0
2025-04-03 00:00:00-04:00,17.059999465942383,17.100000381469727,16.59000015258789,16.709999084472656,9977000,0.0,0.0
2025-04-04 00:00:00-04:00,16.649999618530273,16.709999084472656,15.25,15.890000343322754,3303400,0.0,0.0
2025-04-07 00:00:00-04:00,15.520000457763672,16.5,15.300000190734863,16.1200008392334,2434800,0.0,0.0
2025-04-08 00:00:00-04:00,17.0,17.360000610351562,16.270000457763672,16.43000030517578,1836300,0.0,0.0
2025-04-09 00:00:00-04:00,15.869999885559082,17.649999618530273,15.75,17.479999542236328,5201100,0.0,0.0
2025-04-10 00:00:00-04:00,17.399999618530273,17.670000076293945,16.950000762939453,17.139999389648438,3867700,0.0,0.0
2025-04-11 00:00:00-04:00,17.65999984741211,17.65999984741211,17.15999984741211,17.450000762939453,1373700,0.0,0.0
2025-04-14 00:00:00-04:00,18.020000457763672,18.280000686645508,17.90999984741211,18.219999313354492,1274700,0.0,0.0
2025-04-15 00:00:00-04:00,18.100000381469727,18.190000534057617,17.770000457763672,17.90999984741211,1180900,0.0,0.0
2025-04-16 00:00:00-04:00,17.799999237060547,17.809999465942383,17.34000015258789,17.5,1206200,0.0,0.0
2025-04-17 00:00:00-04:00,18.239999771118164,18.239999771118164,17.979999542236328,18.059999465942383,1217700,0.0,0.0
2025-04-21 00:00:00-04:00,18.139999389648438,18.209999084472656,17.950000762939453,17.969999313354492,948900,0.0,0.0
2025-04-22 00:00:00-04:00,18.15999984741211,18.350000381469727,18.079999923706055,18.190000534057617,1178300,0.0,0.0
2025-04-23 00:00:00-04:00,18.399999618530273,18.729999542236328,18.399999618530273,18.520000457763672,1196700,0.0,0.0
2025-04-24 00:00:00-04:00,19.549999237060547,19.860000610351562,19.549999237060547,19.81999969482422,3617700,0.0,0.0
2025-04-25 00:00:00-04:00,19.760000228881836,19.899999618530273,19.700000762939453,19.8799991607666,967200,0.0,0.0
2025-04-28 00:00:00-04:00,20.0,20.270000457763672,19.93000030517578,20.270000457763672,1134100,0.0,0.0
2025-04-29 00:00:00-04:00,20.200000762939453,20.329999923706055,20.200000762939453,20.229999542236328,754700,0.0,0.0
2025-04-30 00:00:00-04:00,20.5,20.8799991607666,20.309999465942383,20.84000015258789,1408200,0.0,0.0
2025-05-01 00:00:00-04:00,21.020000457763672,21.1200008392334,20.899999618530273,20.899999618530273,912500,0.0,0.0
2025-05-02 00:00:00-04:00,21.469999313354492,21.729999542236328,21.1200008392334,21.690000534057617,1739100,0.0,0.0
2025-05-05 00:00:00-04:00,21.489999771118164,21.899999618530273,21.489999771118164,21.899999618530273,846500,0.0,0.0
2025-05-06 00:00:00-04:00,22.079999923706055,22.079999923706055,21.549999237060547,21.700000762939453,1212900,0.0,0.0
2025-05-07 00:00:00-04:00,21.489999771118164,21.639999389648438,21.350000381469727,21.520000457763672,1007700,0.0,0.0
2025-05-08 00:00:00-04:00,20.5,21.549999237060547,19.149999618530273,20.899999618530273,4106600,0.0,0.0
2025-05-09 00:00:00-04:00,20.469999313354492,20.469999313354492,20.100000381469727,20.1200008392334,1823500,0.0,0.0
2025-05-12 00:00:00-04:00,20.25,20.280000686645508,19.829999923706055,20.09000015258789,1108300,0.0,0.0
2025-05-13 00:00:00-04:00,20.610000610351562,20.690000534057617,20.270000457763672,20.559999465942383,880100,0.0,0.0
2025-05-14 00:00:00-04:00,20.0,20.100000381469727,19.670000076293945,19.739999771118164,800700,0.0,0.0
2025-05-15 00:00:00-04:00,19.520000457763672,19.75,19.40999984741211,19.639999389648438,467600,0.0,0.0
2025-05-16 00:00:00-04:00,19.799999237060547,20.170000076293945,19.799999237060547,20.06999969482422,992200,0.0,0.0
2025-05-19 00:00:00-04:00,19.899999618530273,20.010000228881836,19.850000381469727,19.950000762939453,2370800,0.0,0.0
2025-05-20 00:00:00-04:00,19.989999771118164,19.989999771118164,19.770000457763672,19.899999618530273,572300,0.0,0.0
2025-05-21 00:00:00-04:00,19.690000534057617,19.75,19.360000610351562,19.399999618530273,606300,0.0,0.0
2025-05-22 00:00:00-04:00,19.479999542236328,19.649999618530273,19.350000381469727,19.5,442800,0.0,0.0
2025-05-23 00:00:00-04:00,20.079999923706055,20.549999237060547,20.079999923706055,20.5,903000,0.0,0.0
2025-05-27 00:00:00-04:00,21.049999237060547,21.450000762939453,20.899999618530273,21.010000228881836,5127200,0.0,0.0
2025-05-28 00:00:00-04:00,21.010000228881836,21.270000457763672,20.8700008392334,20.889999389648438,1237800,0.0,0.0
2025-05-29 00:00:00-04:00,21.0,21.479999542236328,20.93000030517578,21.020000457763672,1638200,0.0,0.0
2025-05-30 00:00:00-04:00,20.440000534057617,20.670000076293945,20.229999542236328,20.440000534057617,1070100,0.0,0.0
2025-06-02 00:00:00-04:00,20.459999084472656,20.6299991607666,20.299999237060547,20.440000534057617,3109300,0.0,0.0
2025-06-03 00:00:00-04:00,20.5,20.540000915527344,20.299999237060547,20.440000534057617,1102400,0.0,0.0
2025-06-04 00:00:00-04:00,20.75,21.329999923706055,20.75,20.979999542236328,1483500,0.0,0.0
2025-06-05 00:00:00-04:00,20.559999465942383,20.860000610351562,20.5,20.68000030517578,2314900,0.0,0.0
2025-06-06 00:00:00-04:00,20.690000534057617,20.799999237060547,20.639999389648438,20.729999542236328,1341600,0.0,0.0
2025-06-09 00:00:00-04:00,20.8700008392334,20.989999771118164,20.799999237060547,20.950000762939453,1109000,0.0,0.0
2025-06-10 00:00:00-04:00,20.940000534057617,20.940000534057617,20.719999313354492,20.889999389648438,590400,0.0,0.0
2025-06-11 00:00:00-04:00,20.200000762939453,20.260000228881836,20.110000610351562,20.170000076293945,964800,0.0,0.0
2025-06-12 00:00:00-04:00,20.600000381469727,20.600000381469727,20.329999923706055,20.489999771118164,722000,0.0,0.0
2025-06-13 00:00:00-04:00,20.399999618530273,20.93000030517578,20.399999618530273,20.719999313354492,4188200,0.0,0.0
2025-06-16 00:00:00-04:00,20.760000228881836,20.850000381469727,20.610000610351562,20.719999313354492,1151900,0.0,0.0
2025-06-17 00:00:00-04:00,21.34000015258789,21.700000762939453,21.25,21.56999969482422,2613000,0.0,0.0
2025-06-18 00:00:00-04:00,22.579999923706055,22.969999313354492,22.5,22.889999389648438,3578400,0.0,0.0
2025-06-20 00:00:00-04:00,22.190000534057617,22.219999313354492,21.75,21.959999084472656,3739000,0.0,0.0
2025-06-23 00:00:00-04:00,21.649999618530273,21.75,21.540000915527344,21.75,1414500,0.0,0.0
2025-06-24 00:00:00-04:00,22.030000686645508,22.270000457763672,22.030000686645508,22.25,1219000,0.0,0.0
2025-06-25 00:00:00-04:00,22.799999237060547,22.979999542236328,22.559999465942383,22.739999771118164,3369500,0.0,0.0
2025-06-26 00:00:00-04:00,23.010000228881836,23.3700008392334,23.010000228881836,23.229999542236328,2448400,0.0,0.0
2025-06-27 00:00:00-04:00,23.6299991607666,23.690000534057617,23.40999984741211,23.639999389648438,2325100,0.0,0.0
2025-06-30 00:00:00-04:00,23.93000030517578,24.09000015258789,23.860000610351562,24.020000457763672,1706100,0.0,0.0
2025-07-01 00:00:00-04:00,23.5,23.5,23.059999465942383,23.110000610351562,1654100,0.0,0.0
2025-07-02 00:00:00-04:00,22.5,22.81999969482422,22.31999969482422,22.81999969482422,3639000,0.0,0.0
2025-07-03 00:00:00-04:00,22.709999084472656,22.8700008392334,22.549999237060547,22.75,387200,0.0,0.0
2025-07-07 00:00:00-04:00,22.56999969482422,22.809999465942383,22.360000610351562,22.540000915527344,1034900,0.0,0.0
2025-07-08 00:00:00-04:00,22.200000762939453,22.479999542236328,22.149999618530273,22.350000381469727,1183800,0.0,0.0
2025-07-09 00:00:00-04:00,22.149999618530273,22.31999969482422,22.049999237060547,22.1299991607666,955300,0.0,0.0
2025-07-10 00:00:00-04:00,21.450000762939453,21.760000228881836,21.40999984741211,21.729999542236328,709500,0.0,0.0
2025-07-11 00:00:00-04:00,21.459999084472656,21.510000228881836,21.360000610351562,21.399999618530273,1002800,0.0,0.0
2025-07-14 00:00:00-04:00,21.030000686645508,21.34000015258789,21.030000686645508,21.139999389648438,1198100,0.0,0.0
2025-07-15 00:00:00-04:00,21.31999969482422,21.34000015258789,20.989999771118164,20.989999771118164,866200,0.0,0.0
2025-07-16 00:00:00-04:00,21.149999618530273,21.700000762939453,21.079999923706055,21.690000534057617,2332100,0.0,0.0
2025-07-17 00:00:00-04:00,21.799999237060547,22.049999237060547,21.690000534057617,22.010000228881836,1525300,0.0,0.0
2025-07-18 00:00:00-04:00,21.809999465942383,21.979999542236328,21.709999084472656,21.950000762939453,4567500,0.0,0.0
2025-07-21 00:00:00-04:00,21.959999084472656,22.350000381469727,21.959999084472656,22.209999084472656,1757700,0.0,0.0
2025-07-22 00:00:00-04:00,21.8799991607666,21.8799991607666,21.639999389648438,21.649999618530273,5260200,0.0,0.0
2025-07-23 00:00:00-04:00,21.84000015258789,22.239999771118164,21.809999465942383,22.15999984741211,1134600,0.0,0.0
2025-07-24 00:00:00-04:00,22.360000610351562,22.450000762939453,22.25,22.270000457763672,1397500,0.0,0.0
2025-07-25 00:00:00-04:00,22.040000915527344,22.079999923706055,21.649999618530273,21.81999969482422,484100,0.0,0.0
2025-07-28 00:00:00-04:00,21.579999923706055,21.65999984741211,21.3799991607666,21.399999618530273,583100,0.0,0.0
2025-07-29 00:00:00-04:00,21.559999465942383,21.719999313354492,21.43000030517578,21.56999969482422,611700,0.0,0.0
2025-07-30 00:00:00-04:00,21.420000076293945,21.559999465942383,21.31999969482422,21.459999084472656,1341500,0.0,0.0
2025-07-31 00:00:00-04:00,21.18000030517578,21.270000457763672,20.969999313354492,21.0,1787200,0.0,0.0
2025-08-01 00:00:00-04:00,21.18000030517578,21.329999923706055,20.309999465942383,21.010000228881836,1752700,0.0,0.0
2025-08-04 00:00:00-04:00,22.309999465942383,22.690000534057617,22.280000686645508,22.6299991607666,1296300,0.0,0.0
2025-08-05 00:00:00-04:00,22.510000228881836,22.770000457763672,22.510000228881836,22.700000762939453,2369400,0.0,0.0
2025-08-06 00:00:00-04:00,22.739999771118164,22.959999084472656,22.6200008392334,22.950000762939453,954000,0.0,0.0
2025-08-07 00:00:00-04:00,23.229999542236328,23.469999313354492,23.229999542236328,23.469999313354492,2268700,0.0,0.0
2025-08-08 00:00:00-04:00,24.1200008392334,24.5,24.09000015258789,24.489999771118164,1565800,0.0,0.0
2025-08-11 00:00:00-04:00,24.489999771118164,24.520000457763672,24.209999084472656,24.280000686645508,912000,0.0,0.0
2025-08-12 00:00:00-04:00,23.81999969482422,24.079999923706055,23.81999969482422,23.84000015258789,2675900,0.0,0.0
2025-08-13 00:00:00-04:00,23.90999984741211,24.139999389648438,23.90999984741211,24.06999969482422,1498000,0.0,0.0
2025-08-14 00:00:00-04:00,24.020000457763672,24.219999313354492,23.940000534057617,24.149999618530273,664900,0.0,0.0
2025-08-15 00:00:00-04:00,24.219999313354492,24.459999084472656,24.219999313354492,24.43000030517578,1558900,0.0,0.0
2025-08-18 00:00:00-04:00,24.780000686645508,24.920000076293945,24.739999771118164,24.889999389648438,1010400,0.0,0.0
2025-08-19 00:00:00-04:00,24.280000686645508,24.280000686645508,23.989999771118164,24.139999389648438,769200,0.0,0.0
2025-08-20 00:00:00-04:00,23.270000457763672,23.489999771118164,23.219999313354492,23.290000915527344,992800,0.0,0.0
2025-08-21 00:00:00-04:00,23.110000610351562,23.190000534057617,23.0,23.1200008392334,467800,0.0,0.0
2025-08-22 00:00:00-04:00,23.010000228881836,23.700000762939453,23.010000228881836,23.59000015258789,1077300,0.0,0.0
2025-08-25 00:00:00-04:00,23.469999313354492,23.479999542236328,23.139999389648438,23.190000534057617,1036400,0.0,0.0
2025-08-26 00:00:00-04:00,23.06999969482422,23.06999969482422,22.829999923706055,22.920000076293945,495800,0.0,0.0
2025-08-27 00:00:00-04:00,22.5,22.610000610351562,22.389999389648438,22.559999465942383,638600,0.0,0.0
2025-08-28 00:00:00-04:00,22.56999969482422,22.940000534057617,22.56999969482422,22.84000015258789,1146500,0.0,0.0
2025-08-29 00:00:00-04:00,22.790000915527344,22.790000915527344,22.329999923706055,22.34000015258789,528000,0.0,0.0
2025-09-02 00:00:00-04:00,22.0,22.06999969482422,21.829999923706055,22.0,669600,0.0,0.0
2025-09-03 00:00:00-04:00,22.020000457763672,22.229999542236328,22.020000457763672,22.1200008392334,614500,0.0,0.0
2025-09-04 00:00:00-04:00,22.229999542236328,22.549999237060547,22.229999542236328,22.520000457763672,483200,0.0,0.0
2025-09-05 00:00:00-04:00,22.549999237060547,22.549999237060547,22.270000457763672,22.459999084472656,1350900,0.0,0.0
2025-09-08 00:00:00-04:00,23.309999465942383,23.5,23.15999984741211,23.489999771118164,653400,0.0,0.0
2025-09-09 00:00:00-04:00,23.40999984741211,23.420000076293945,23.100000381469727,23.399999618530273,1223500,0.0,0.0
2025-09-10 00:00:00-04:00,23.229999542236328,23.59000015258789,23.229999542236328,23.270000457763672,1489400,0.0,0.0
2025-09-11 00:00:00-04:00,23.739999771118164,24.290000915527344,23.739999771118164,24.25,2156400,0.0,0.0
2025-09-12 00:00:00-04:00,24.0,24.219999313354492,23.690000534057617,23.690000534057617,5253000,0.0,0.0
2025-09-15 00:00:00-04:00,24.059999465942383,24.110000610351562,23.510000228881836,23.850000381469727,5111900,0.0,0.0
2025-09-16 00:00:00-04:00,23.389999389648438,23.65999984741211,23.229999542236328,23.549999237060547,2850500,0.0,0.0
2025-09-17 00:00:00-04:00,23.200000762939453,23.200000762939453,22.450000762939453,22.719999313354492,1382600,0.0,0.0
2025-09-18 00:00:00-04:00,22.200000762939453,22.420000076293945,22.09000015258789,22.09000015258789,1294200,0.0,0.0
2025-09-19 00:00:00-04:00,21.56999969482422,21.860000610351562,21.549999237060547,21.84000015258789,1358600,0.0,0.0
2025-09-22 00:00:00-04:00,21.610000610351562,21.649999618530273,21.420000076293945,21.610000610351562,1216600,0.0,0.0
2025-09-23 00:00:00-04:00,21.5,21.670000076293945,21.5,21.549999237060547,576000,0.0,0.0
2025-09-24 00:00:00-04:00,21.920000076293945,22.06999969482422,21.81999969482422,21.8799991607666,677600,0.0,0.0
2025-09-25 00:00:00-04:00,21.479999542236328,21.600000381469727,21.299999237060547,21.309999465942383,825700,0.0,0.0
2025-09-26 00:00:00-04:00,21.469999313354492,21.739999771118164,21.469999313354492,21.65999984741211,722300,0.0,0.0
2025-09-29 00:00:00-04:00,21.549999237060547,21.65999984741211,21.399999618530273,21.56999969482422,687800,0.0,0.0
2025-09-30 00:00:00-04:00,21.489999771118164,21.59000015258789,21.299999237060547,21.34000015258789,1303800,0.0,0.0
2025-10-01 00:00:00-04:00,21.979999542236328,22.15999984741211,21.889999389648438,21.959999084472656,910800,0.0,0.0
2025-10-02 00:00:00-04:00,21.510000228881836,21.799999237060547,21.440000534057617,21.479999542236328,933700,0.0,0.0
2025-10-03 00:00:00-04:00,21.520000457763672,21.559999465942383,21.40999984741211,21.459999084472656,692200,0.0,0.0
2025-10-06 00:00:00-04:00,21.489999771118164,21.540000915527344,21.389999389648438,21.389999389648438,694500,0.0,0.0
2025-10-07 00:00:00-04:00,21.40999984741211,21.469999313354492,21.200000762939453,21.200000762939453,680700,0.0,0.0
2025-10-08 00:00:00-04:00,21.170000076293945,21.170000076293945,21.010000228881836,21.139999389648438,866700,0.0,0.0
2025-10-09 00:00:00-04:00,20.770000457763672,20.770000457763672,20.440000534057617,20.479999542236328,833200,0.0,0.0
2025-10-10 00:00:00-04:00,20.25,20.25,19.549999237060547,19.600000381469727,1688800,0.0,0.0
2025-10-13 00:00:00-04:00,20.0,20.09000015258789,19.760000228881836,19.84000015258789,960600,0.0,0.0
2025-10-14 00:00:00-04:00,20.459999084472656,20.579999923706055,20.200000762939453,20.450000762939453,1011400,0.0,0.0
2025-10-15 00:00:00-04:00,20.530000686645508,20.739999771118164,20.530000686645508,20.610000610351562,654300,0.0,0.0
2025-10-16 00:00:00-04:00,19.93000030517578,20.190000534057617,19.90999984741211,20.100000381469727,958800,0.0,0.0
2025-10-17 00:00:00-04:00,20.799999237060547,21.06999969482422,20.75,20.940000534057617,1151100,0.0,0.0
2025-10-20 00:00:00-04:00,21.40999984741211,21.459999084472656,21.260000228881836,21.299999237060547,887000,0.0,0.0
2025-10-21 00:00:00-04:00,21.889999389648438,21.889999389648438,21.649999618530273,21.709999084472656,1114300,0.0,0.0
2025-10-22 00:00:00-04:00,21.59000015258789,21.649999618530273,21.290000915527344,21.34000015258789,1092200,0.0,0.0
2025-10-23 00:00:00-04:00,21.350000381469727,21.469999313354492,21.229999542236328,21.34000015258789,713500,0.0,0.0
2025-10-24 00:00:00-04:00,21.079999923706055,21.079999923706055,20.850000381469727,20.899999618530273,1044300,0.0,0.0
2025-10-27 00:00:00-04:00,21.299999237060547,21.299999237060547,21.139999389648438,21.200000762939453,685800,0.0,0.0
2025-10-28 00:00:00-04:00,21.309999465942383,21.719999313354492,21.270000457763672,21.649999618530273,3446000,0.0,0.0
2025-10-29 00:00:00-04:00,21.459999084472656,21.459999084472656,21.040000915527344,21.149999618530273,1907900,0.0,0.0
2025-10-30 00:00:00-04:00,21.040000915527344,21.040000915527344,20.780000686645508,20.829999923706055,1279100,0.0,0.0
2025-10-31 00:00:00-04:00,21.0,21.56999969482422,21.0,21.440000534057617,1202600,0.0,0.0
2025-11-03 00:00:00-05:00,21.420000076293945,21.690000534057617,21.309999465942383,21.6299991607666,2043500,0.0,0.0
2025-11-04 00:00:00-05:00,22.25,22.75,22.040000915527344,22.139999389648438,2457800,0.0,0.0
2025-11-05 00:00:00-05:00,22.399999618530273,22.479999542236328,21.829999923706055,22.0,1952700,0.0,0.0
2025-11-06 00:00:00-05:00,22.780000686645508,22.889999389648438,22.469999313354492,22.610000610351562,1545100,0.0,0.0
2025-11-07 00:00:00-05:00,22.329999923706055,22.520000457763672,22.0,22.399999618530273,1290900,0.0,0.0
2025-11-10 00:00:00-05:00,21.850000381469727,21.950000762939453,21.579999923706055,21.93000030517578,577300,0.0,0.0
2025-11-11 00:00:00-05:00,21.860000610351562,22.18000030517578,21.860000610351562,22.1200008392334,1292000,0.0,0.0
2025-11-12 00:00:00-05:00,22.25,22.540000915527344,22.25,22.479999542236328,766400,0.0,0.0
2025-11-13 00:00:00-05:00,21.959999084472656,22.1200008392334,21.639999389648438,21.649999618530273,1139900,0.0,0.0
2025-11-14 00:00:00-05:00,21.239999771118164,22.600000381469727,21.229999542236328,21.860000610351562,1378500,0.0,0.0
2025-11-17 00:00:00-05:00,21.600000381469727,21.84000015258789,21.219999313354492,21.34000015258789,787200,0.0,0.0
2025-11-18 00:00:00-05:00,21.329999923706055,21.479999542236328,21.049999237060547,21.219999313354492,837700,0.0,0.0
2025-11-19 00:00:00-05:00,20.899999618530273,21.139999389648438,20.799999237060547,20.93000030517578,649700,0.0,0.0
2025-11-20 00:00:00-05:00,20.950000762939453,21.260000228881836,20.68000030517578,20.729999542236328,823500,0.0,0.0
2025-11-21 00:00:00-05:00,21.170000076293945,21.270000457763672,20.969999313354492,21.170000076293945,984700,0.0,0.0
2025-11-24 00:00:00-05:00,21.31999969482422,21.440000534057617,20.920000076293945,21.350000381469727,650200,0.0,0.0
2025-11-25 00:00:00-05:00,21.170000076293945,21.170000076293945,20.8700008392334,21.110000610351562,785200,0.0,0.0
2025-11-26 00:00:00-05:00,20.860000610351562,21.31999969482422,20.860000610351562,21.219999313354492,912400,0.0,0.0
2025-11-28 00:00:00-05:00,21.420000076293945,21.420000076293945,21.030000686645508,21.15999984741211,755600,0.0,0.0
2025-12-01 00:00:00-05:00,20.940000534057617,21.110000610351562,20.8799991607666,20.959999084472656,1005900,0.0,0.0
2025-12-02 00:00:00-05:00,20.719999313354492,20.75,20.489999771118164,20.59000015258789,952400,0.0,0.0
2025-12-03 00:00:00-05:00,20.100000381469727,20.510000228881836,20.100000381469727,20.280000686645508,1101300,0.0,0.0
2025-12-04 00:00:00-05:00,20.59000015258789,20.899999618530273,20.5,20.579999923706055,1003400,0.0,0.0
2025-12-05 00:00:00-05:00,20.06999969482422,20.290000915527344,19.829999923706055,19.940000534057617,3056600,0.0,0.0
2025-12-08 00:00:00-05:00,19.709999084472656,19.920000076293945,19.600000381469727,19.610000610351562,2218800,0.0,0.0
2025-12-09 00:00:00-05:00,18.889999389648438,19.06999969482422,18.84000015258789,18.899999618530273,2695200,0.0,0.0
2025-12-10 00:00:00-05:00,18.389999389648438,18.579999923706055,18.350000381469727,18.530000686645508,1799900,0.0,0.0
2025-12-11 00:00:00-05:00,18.43000030517578,18.68000030517578,18.420000076293945,18.600000381469727,1874500,0.0,0.0
2025-12-12 00:00:00-05:00,18.950000762939453,18.950000762939453,18.3799991607666,18.559999465942383,2040700,0.0,0.0
2025-12-15 00:00:00-05:00,18.5,18.68000030517578,18.290000915527344,18.31999969482422,1478500,0.0,0.0
2025-12-16 00:00:00-05:00,18.399999618530273,18.399999618530273,18.15999984741211,18.15999984741211,1966500,0.0,0.0
2025-12-17 00:00:00-05:00,18.0,18.020000457763672,17.6200008392334,17.649999618530273,2219300,0.0,0.0
2025-12-18 00:00:00-05:00,17.579999923706055,17.709999084472656,17.530000686645508,17.549999237060547,1660900,0.0,0.0
2025-12-19 00:00:00-05:00,17.100000381469727,17.190000534057617,16.950000762939453,17.010000228881836,2592900,0.0,0.0
2025-12-22 00:00:00-05:00,16.420000076293945,16.829999923706055,16.350000381469727,16.700000762939453,2862000,0.0,0.0
2025-12-23 00:00:00-05:00,16.799999237060547,16.8700008392334,16.719999313354492,16.75,202858,0.0,0.0
