Date,Open,High,Low,Close,Volume,Dividends,Stock Splits
2016-01-04 00:00:00-05:00,3.4050873295346222,3.407062530517578,3.371510560983498,3.407062530517578,343500,0.0,0.0
2016-01-05 00:00:00-05:00,3.3794109628644593,3.3794109628644593,3.2688048854941356,3.270780086517334,1244000,0.0,0.0
2016-01-06 00:00:00-05:00,3.1305476632913813,3.1344978302104836,3.083144953908169,3.108821392059326,372500,0.0,0.0
2016-01-07 00:00:00-05:00,3.122647005881721,3.183875415479609,3.122647005881721,3.156224012374878,358000,0.0,0.0
2016-01-08 00:00:00-05:00,3.18585056980812,3.215477173607104,3.162149098407879,3.1700496673583984,120500,0.0,0.0
2016-01-11 00:00:00-05:00,3.173999784858414,3.173999784858414,3.1463483825889442,3.1641242504119873,239500,0.0,0.0
2016-01-12 00:00:00-05:00,3.106845943980847,3.106845943980847,3.02981687110001,3.059443473815918,322000,0.0,0.0
2016-01-13 00:00:00-05:00,3.217452087783463,3.217452087783463,3.136472846632536,3.1542487144470215,173000,0.0,0.0
2016-01-14 00:00:00-05:00,3.116721680112194,3.1344977841640116,3.087095075477156,3.1325225830078125,105000,0.0,0.0
2016-01-15 00:00:00-05:00,3.0752445193022577,3.0851200540020822,3.0436427140822913,3.0673439502716064,254500,0.0,0.0
2016-01-19 00:00:00-05:00,3.3774361104911295,3.399162145217942,3.3300334034073895,3.361635208129883,3433500,0.0,0.0
2016-01-20 00:00:00-05:00,3.1443730778707666,3.156223812996367,3.083144672140674,3.1226468086242676,651000,0.0,0.0
2016-01-21 00:00:00-05:00,3.138447719430703,3.179925057039564,3.1127712835514707,3.1720244884490967,801500,0.0,0.0
2016-01-22 00:00:00-05:00,3.3636101260870377,3.3655853271484375,3.3102822873936817,3.3655853271484375,823500,0.0,0.0
2016-01-25 00:00:00-05:00,3.339909020651428,3.339909020651428,3.258929541201974,3.2747304439544678,435500,0.0,0.0
2016-01-26 00:00:00-05:00,3.3359589593992025,3.3655855647034754,3.3280583900472656,3.355710029602051,397000,0.0,0.0
2016-01-27 00:00:00-05:00,3.260904552303959,3.3063320567757457,3.2530039836624742,3.270780086517334,475500,0.0,0.0
2016-01-28 00:00:00-05:00,3.2885560453434435,3.2885560453434435,3.237203407277064,3.2530040740966797,290500,0.0,0.0
2016-01-29 00:00:00-05:00,3.4268137986439,3.4722413048428002,3.387311660288563,3.470266103744507,719500,0.0,0.0
2016-02-01 00:00:00-05:00,3.5058181298085556,3.5176688656797546,3.4781667267108523,3.5156936645507812,606000,0.0,0.0
2016-02-02 00:00:00-05:00,3.523594201875919,3.7132045613992273,3.509768265000287,3.6183993816375732,1320500,0.0,0.0
2016-02-03 00:00:00-05:00,3.505818126119552,3.5235942299076455,3.4445897166016533,3.486067056655884,776000,0.0,0.0
2016-02-04 00:00:00-05:00,3.555195670052067,3.5986482096476395,3.547295336735406,3.5769219398498535,738500,0.0,0.0
2016-02-05 00:00:00-05:00,3.584822742810923,3.584822742810923,3.5255692972597443,3.5275444984436035,270500,0.0,0.0
2016-02-08 00:00:00-05:00,3.6401255967235535,3.6401255967235535,3.5216189472343578,3.572971820831299,639000,0.0,0.0
2016-02-09 00:00:00-05:00,3.367560628872476,3.3971872329711914,3.357685094172904,3.3971872329711914,360500,0.0,0.0
2016-02-10 00:00:00-05:00,3.3616351509567797,3.3616351509567797,3.3063321113586426,3.3063321113586426,1269000,0.0,0.0
2016-02-11 00:00:00-05:00,3.270780229437632,3.2846059308502245,3.2273276886390296,3.2786805629730225,785000,0.0,0.0
2016-02-12 00:00:00-05:00,3.1838752889655773,3.2569544315338135,3.1720245535622658,3.2569544315338135,533500,0.0,0.0
2016-02-16 00:00:00-05:00,3.4228636236131535,3.4366893249137913,3.397187186654074,3.411012887954712,209000,0.0,0.0
2016-02-17 00:00:00-05:00,3.4169383061555774,3.4327392087826603,3.411012938239006,3.426813840866089,309500,0.0,0.0
2016-02-18 00:00:00-05:00,3.565071437326312,3.6262998486100226,3.5255692972597443,3.5275444984436035,262000,0.0,0.0
2016-02-19 00:00:00-05:00,3.5097681999026853,3.5097681999026853,3.4663158953244957,3.4939675331115723,913000,0.0,0.0
2016-02-22 00:00:00-05:00,3.5749465604348383,3.6322247982025146,3.5749465604348383,3.6322247982025146,1531500,0.0,0.0
2016-02-23 00:00:00-05:00,3.6065485895721325,3.6065485895721325,3.55519571599626,3.563096284866333,444000,0.0,0.0
2016-02-24 00:00:00-05:00,3.525569063778966,3.557170867919922,3.4761913919657923,3.557170867919922,237000,0.0,0.0
2016-02-25 00:00:00-05:00,3.5611211775622102,3.5650713443756104,3.521619038525566,3.5650713443756104,312500,0.0,0.0
2016-02-26 00:00:00-05:00,3.3083069780893246,3.3181825121705852,3.2352280729782557,3.2944812774658203,778500,0.0,0.0
2016-02-29 00:00:00-05:00,3.3339835334776864,3.456440348842446,3.3339835334776864,3.4347140789031982,82000,0.0,0.0
2016-03-01 00:00:00-05:00,3.3971872354873507,3.4208884716936137,3.3873117007804643,3.416938304901123,144000,0.0,0.0
2016-03-02 00:00:00-05:00,3.4208884294399136,3.460390567779541,3.4208884294399136,3.460390567779541,109000,0.0,0.0
2016-03-03 00:00:00-05:00,3.535444695692273,3.569021701812744,3.535444695692273,3.569021701812744,147500,0.0,0.0
2016-03-04 00:00:00-05:00,3.634200088759529,3.634200088759529,3.590747550260561,3.594697952270508,82500,0.0,0.0
2016-03-07 00:00:00-05:00,3.430763814762922,3.4327390157744953,3.369535408819831,3.4129879474639893,150000,0.0,0.0
2016-03-08 00:00:00-05:00,3.460390515526497,3.462365716594179,3.430763912219148,3.4347140789031982,73000,0.0,0.0
2016-03-09 00:00:00-05:00,3.446564962839387,3.4623658657073975,3.430764059971376,3.4623658657073975,55000,0.0,0.0
2016-03-10 00:00:00-05:00,3.490017172922175,3.5216189777869715,3.4406394999780043,3.470266103744507,63000,0.0,0.0
2016-03-11 00:00:00-05:00,3.5334697217401305,3.5334697217401305,3.5097682503104286,3.5295193195343018,71000,0.0,0.0
2016-03-14 00:00:00-04:00,3.484091989618022,3.484091989618022,3.4347140819440773,3.45446515083313,35500,0.0,0.0
2016-03-15 00:00:00-04:00,3.4524900399491463,3.4524900399491463,3.424838403397146,3.4366891384124756,29000,0.0,0.0
2016-03-16 00:00:00-04:00,3.4445896163886034,3.4682910874165174,3.43273911632596,3.45446515083313,138500,0.0,0.0
2016-03-17 00:00:00-04:00,3.357685053843842,3.4761914688153266,3.357685053843842,3.450515031814575,1458000,0.0,0.0
2016-03-18 00:00:00-04:00,3.4189132255997166,3.4465648636860635,3.3833614894836255,3.4406394958496094,1407000,0.0,0.0
2016-03-21 00:00:00-04:00,3.416938209573659,3.44458961180098,3.416938209573659,3.4248385429382324,1238000,0.0,0.0
2016-03-22 00:00:00-04:00,3.5788970560434796,3.677652397416663,3.5788970560434796,3.6243245601654053,600000,0.0,0.0
2016-03-23 00:00:00-04:00,3.606548400325143,3.606548400325143,3.5690214653782264,3.578896999359131,176000,0.0,0.0
2016-03-24 00:00:00-04:00,3.590747566427011,3.6835777759552,3.590747566427011,3.6835777759552,113500,0.0,0.0
2016-03-28 00:00:00-04:00,3.681602671751446,3.732955544949256,3.6638268039644495,3.6855530738830566,135000,0.0,0.0
2016-03-29 00:00:00-04:00,3.665801823966486,3.732955600333125,3.616424151101891,3.730980634689331,417000,0.0,0.0
2016-03-30 00:00:00-04:00,3.6124739122823435,3.6223494466582133,3.5690216081187787,3.5867974758148193,860000,0.0,0.0
2016-03-31 00:00:00-04:00,3.5551958022797217,3.5551958022797217,3.5058181285858154,3.5058181285858154,177500,0.0,0.0
2016-04-01 00:00:00-04:00,3.4287887573943276,3.456440395458236,3.391261820212765,3.4208884239196777,747000,0.0,0.0
2016-04-04 00:00:00-04:00,3.414963003879318,3.4327391071024906,3.3912617683664013,3.395211935043335,668000,0.0,0.0
2016-04-05 00:00:00-04:00,3.3280582929178335,3.3517597648305872,3.304357056456402,3.3438591957092285,1553000,0.0,0.0
2016-04-06 00:00:00-04:00,3.383361433466461,3.3873116001415897,3.337933928074196,3.385336399078369,203000,0.0,0.0
2016-04-07 00:00:00-04:00,3.4761914223172536,3.495942491214975,3.450514985659954,3.4643406867980957,106000,0.0,0.0
2016-04-08 00:00:00-04:00,3.5512453629418164,3.65987647218307,3.4900169580796865,3.578896999359131,228000,0.0,0.0
2016-04-11 00:00:00-04:00,3.6401256026155475,3.6401256026155475,3.584822562218092,3.612473964691162,154500,0.0,0.0
2016-04-12 00:00:00-04:00,3.6796276182415704,3.7329554557800293,3.6796276182415704,3.7329554557800293,206000,0.0,0.0
2016-04-13 00:00:00-04:00,3.693453454913293,3.73098062748875,3.681602719268135,3.7013537883758545,466500,0.0,0.0
2016-04-14 00:00:00-04:00,3.75270662607183,3.7724576949892095,3.75270662607183,3.764557361602783,200000,0.0,0.0
2016-04-15 00:00:00-04:00,3.77048272936826,3.778383062754686,3.7408561259921904,3.764557361602783,69500,0.0,0.0
2016-04-18 00:00:00-04:00,3.7606070591488647,3.8020841611072194,3.750731525046689,3.796159029006958,124500,0.0,0.0
2016-04-19 00:00:00-04:00,3.847511867848473,3.8751635060627123,3.847511867848473,3.8692381381988525,71500,0.0,0.0
2016-04-20 00:00:00-04:00,3.8870142054954595,3.944292211591529,3.8870142054954595,3.9324417114257812,294000,0.0,0.0
2016-04-21 00:00:00-04:00,3.9186158140172167,3.9186158140172167,3.867262939763407,3.888989210128784,221000,0.0,0.0
2016-04-22 00:00:00-04:00,3.8435615536701433,3.8435615536701433,3.8198603185750812,3.8317110538482666,207000,0.0,0.0
2016-04-25 00:00:00-04:00,3.78430847429283,3.78430847429283,3.723080065760206,3.730980634689331,238000,0.0,0.0
2016-04-26 00:00:00-04:00,3.693453264411183,3.7290052340616304,3.677652362849728,3.6974034309387207,136000,0.0,0.0
2016-04-27 00:00:00-04:00,3.58877257427114,3.6124738090053707,3.5216188011642964,3.5551955699920654,817000,0.0,0.0
2016-04-28 00:00:00-04:00,3.4287885581261186,3.4287885581261186,3.3715105551353948,3.3774359226226807,503000,0.0,0.0
2016-04-29 00:00:00-04:00,3.395211882345503,3.395211882345503,3.3458342110219474,3.369535446166992,208500,0.0,0.0
2016-05-02 00:00:00-04:00,3.3932370254255506,3.4544651985566945,3.3932370254255506,3.450515031814575,585000,0.0,0.0
2016-05-03 00:00:00-04:00,3.397187239207517,3.4584156486377893,3.397187239207517,3.4465649127960205,2197500,0.0,0.0
2016-05-04 00:00:00-04:00,3.436689374314896,3.446564909021782,3.39323706869486,3.416938304901123,568000,0.0,0.0
2016-05-05 00:00:00-04:00,3.4169383061555774,3.4347141744539704,3.4169383061555774,3.426813840866089,289000,0.0,0.0
2016-05-06 00:00:00-04:00,3.4169383098759294,3.4564404487609863,3.3971872404334005,3.4564404487609863,474500,0.0,0.0
2016-05-09 00:00:00-04:00,3.4445895751299345,3.4959424478069008,3.4445895751299345,3.4781665802001953,128000,0.0,0.0
2016-05-10 00:00:00-04:00,3.4564402614657057,3.4761913298379765,3.4465647272795703,3.472241163253784,159500,0.0,0.0
2016-05-11 00:00:00-04:00,3.4208885705022807,3.456440543564215,3.4208885705022807,3.438664674758911,149000,0.0,0.0
2016-05-12 00:00:00-04:00,3.46434078971068,3.5156936645507812,3.4584156572264013,3.5156936645507812,92500,0.0,0.0
2016-05-13 00:00:00-04:00,3.5018678665071286,3.5018678665071286,3.458415561928939,3.4939675331115723,47000,0.0,0.0
2016-05-16 00:00:00-04:00,3.5393950491587436,3.567046451575712,3.507793244581081,3.563096284866333,230500,0.0,0.0
2016-05-17 00:00:00-04:00,3.610498808685256,3.61839937767,3.5769220379912188,3.588772773742676,86500,0.0,0.0
2016-05-18 00:00:00-04:00,3.5808720216001597,3.6401254618753756,3.5808720216001597,3.6243245601654053,100000,0.0,0.0
2016-05-19 00:00:00-04:00,3.6756771502186343,3.6756771502186343,3.624324514620681,3.638150215148926,77500,0.0,0.0
2016-05-20 00:00:00-04:00,3.651975967049353,3.6539511680603027,3.630249933185435,3.6539511680603027,67000,0.0,0.0
2016-05-23 00:00:00-04:00,3.642100617715157,3.642100617715157,3.6006232779908967,3.6183993816375732,141000,0.0,0.0
2016-05-24 00:00:00-04:00,3.5354446028797715,3.5867974758148193,3.5354446028797715,3.5867974758148193,167000,0.0,0.0
2016-05-25 00:00:00-04:00,3.5907477433376265,3.6243247495197988,3.5867975765665823,3.6183993816375732,59500,0.0,0.0
2016-05-26 00:00:00-04:00,3.614449210903287,3.614449210903287,3.5630963365820647,3.588772773742676,30000,0.0,0.0
2016-05-27 00:00:00-04:00,3.517668634617142,3.6045734759110624,3.517668634617142,3.5551955699920654,78500,0.0,0.0
2016-05-31 00:00:00-04:00,3.6025984316099615,3.644075770787437,3.6025984316099615,3.622349500656128,449000,0.0,0.0
2016-06-01 00:00:00-04:00,3.5927229418297353,3.6045736775855475,3.559146171123359,3.5986483097076416,203000,0.0,0.0
2016-06-02 00:00:00-04:00,3.5453201340968072,3.5729717715953924,3.5453201340968072,3.5670464038848877,129500,0.0,0.0
2016-06-03 00:00:00-04:00,3.574946787919727,3.588772724590839,3.557170919987318,3.5828473567962646,184500,0.0,0.0
2016-06-06 00:00:00-04:00,3.6381503582637835,3.6539512603967577,3.594698053986589,3.6460506916046143,439000,0.0,0.0
2016-06-07 00:00:00-04:00,3.6993787811015943,3.7527066200020007,3.6993787811015943,3.72505521774292,88500,0.0,0.0
2016-06-08 00:00:00-04:00,3.7645575099463673,3.8238107190333976,3.725055370555014,3.821835517883301,524500,0.0,0.0
2016-06-09 00:00:00-04:00,3.705304055983812,3.7527065259401806,3.705304055983812,3.742830991744995,465500,0.0,0.0
2016-06-10 00:00:00-04:00,3.693453304668851,3.695428505679801,3.6421004328972155,3.6539511680603027,160500,0.0,0.0
2016-06-13 00:00:00-04:00,3.57494673559214,3.57494673559214,3.5551956668668705,3.557170867919922,137000,0.0,0.0
2016-06-14 00:00:00-04:00,3.553220548905001,3.553220548905001,3.5156933786653464,3.519643545150757,103500,0.0,0.0
2016-06-15 00:00:00-04:00,3.5156934737058436,3.545320076324278,3.505817939499699,3.5117433071136475,506500,0.0,0.0
2016-06-16 00:00:00-04:00,3.484091805263712,3.4900169372558594,3.4426144686108735,3.4900169372558594,340000,0.0,0.0
2016-06-17 00:00:00-04:00,3.4564403105019457,3.488042114526434,3.4564403105019457,3.4781665802001953,316000,0.0,0.0
2016-06-20 00:00:00-04:00,3.4998927654941747,3.555195807198122,3.4998927654941747,3.5453202724456787,120000,0.0,0.0
2016-06-21 00:00:00-04:00,3.531494478831773,3.5749467835196467,3.531494478831773,3.553220748901367,86000,0.0,0.0
2016-06-22 00:00:00-04:00,3.523593990846147,3.523593990846147,3.4959423542022705,3.4959423542022705,254000,0.0,0.0
2016-06-23 00:00:00-04:00,3.5255692483587935,3.531494616376857,3.505818178599464,3.5216190814971924,124500,0.0,0.0
2016-06-24 00:00:00-04:00,3.4031126958214473,3.420888564596061,3.3576851878458136,3.4090378284454346,256000,0.0,0.0
2016-06-27 00:00:00-04:00,3.347809643887565,3.3715108806738945,3.3122576709824076,3.320158004760742,327500,0.0,0.0
2016-06-28 00:00:00-04:00,3.3892864716916904,3.3892864716916904,3.3418840020030633,3.383361339569092,148500,0.0,0.0
2016-06-29 00:00:00-04:00,3.5176686747275956,3.5176686747275956,3.4998925718857503,3.5117433071136475,41500,0.0,0.0
2016-06-30 00:00:00-04:00,3.5137185081353994,3.5156934737058436,3.468291003696872,3.5117433071136475,157500,0.0,0.0
2016-07-01 00:00:00-04:00,3.4959425938470345,3.5216190312581297,3.4959425938470345,3.5058181285858154,94000,0.0,0.0
2016-07-05 00:00:00-04:00,3.446564914039722,3.493967621972583,3.446564914039722,3.4564404487609863,131500,0.0,0.0
2016-07-06 00:00:00-04:00,3.4979176010149002,3.4979176010149002,3.4465647290402392,3.48211669921875,487000,0.0,0.0
2016-07-07 00:00:00-04:00,3.6816026763254244,3.715179681777954,3.6243246707616628,3.715179681777954,4673500,0.0,0.0
2016-07-08 00:00:00-04:00,4.064774037922857,4.118101876974638,4.043047532455369,4.094400405883789,3976500,0.0,0.0
2016-07-11 00:00:00-04:00,5.727815580423622,5.9747041749090775,5.283415827808227,5.471051216125488,48868500,0.0,0.0
2016-07-12 00:00:00-04:00,5.6152344561747904,5.668562298351916,5.447350124881675,5.4493255615234375,35448000,0.0,0.0
2016-07-13 00:00:00-04:00,5.249839307710944,5.342669288031785,5.1846607307362875,5.239964008331299,13022500,0.0,0.0
2016-07-14 00:00:00-04:00,6.065559286046513,6.065559286046513,5.899649929295434,6.033957481384277,31181500,0.0,0.0
2016-07-15 00:00:00-04:00,6.456631102168263,6.596863559117278,6.419103927571037,6.592913627624512,36711500,0.0,0.0
2016-07-18 00:00:00-04:00,7.05113817172219,7.554791133725089,7.031387102873212,7.3809814453125,67009000,0.0,0.0
2016-07-19 00:00:00-04:00,7.503438511576408,7.523189581086189,6.527734830168447,7.080765247344971,58234000,0.0,0.0
2016-07-20 00:00:00-04:00,6.693643377403409,6.695618813885167,6.36972547729348,6.6798176765441895,34439000,0.0,0.0
2016-07-21 00:00:00-04:00,6.399352267493879,6.547485515578517,6.363800061920311,6.4033026695251465,13934000,0.0,0.0
2016-07-22 00:00:00-04:00,5.915450547026624,5.925326316921421,5.480927031513366,5.727815628051758,40919000,0.0,0.0
2016-07-25 00:00:00-04:00,5.145158276962661,5.409822970979578,4.977273959645234,5.0661540031433105,45274000,0.0,0.0
2016-07-26 00:00:00-04:00,5.384146979263136,5.439449787139893,5.309092630398788,5.439449787139893,16761000,0.0,0.0
2016-07-27 00:00:00-04:00,4.888393847213115,5.210336776479944,4.868642779036799,5.182685375213623,18397500,0.0,0.0
2016-07-28 00:00:00-04:00,4.985174361854678,5.014801200398357,4.921971224465869,4.939746856689453,11998500,0.0,0.0
2016-07-29 00:00:00-04:00,5.07997951877967,5.1570088242162,5.048377716223457,5.091830253601074,7839000,0.0,0.0
2016-08-01 00:00:00-04:00,5.0088762294377345,5.036527633666992,4.945672616140006,5.036527633666992,7965500,0.0,0.0
2016-08-02 00:00:00-04:00,5.048378086177901,5.0701041210075335,4.977274142941444,5.040477752685547,2537500,0.0,0.0
2016-08-03 00:00:00-04:00,5.121456644493355,5.210336685180664,5.09183027819932,5.210336685180664,2762500,0.0,0.0
2016-08-04 00:00:00-04:00,5.160958967488043,5.214287276377719,5.137257967773029,5.204411506652832,2872000,0.0,0.0
2016-08-05 00:00:00-04:00,5.074054531406712,5.099730968475342,5.036527358629077,5.099730968475342,2239500,0.0,0.0
2016-08-08 00:00:00-04:00,5.131332872498017,5.15503387347112,5.107631400622272,5.141208171844482,1924000,0.0,0.0
2016-08-09 00:00:00-04:00,5.496727852074585,5.528329657358557,5.453275310946294,5.5145039558410645,4572500,0.0,0.0
2016-08-10 00:00:00-04:00,5.550055698185532,5.607333940890288,5.530304628725545,5.583632469177246,3999500,0.0,0.0
2016-08-11 00:00:00-04:00,5.585607527622772,5.613258928814291,5.571781827027011,5.59548282623291,2021000,0.0,0.0
2016-08-12 00:00:00-04:00,5.352545078480458,5.431549357425865,5.234038660062347,5.417723655700684,2432000,0.0,0.0
2016-08-15 00:00:00-04:00,5.38414687576307,5.399947543166218,5.364395806057812,5.368345737457275,2367500,0.0,0.0
2016-08-16 00:00:00-04:00,5.352544781255548,5.352544781255548,5.297241506523147,5.332793712615967,2709000,0.0,0.0
2016-08-17 00:00:00-04:00,5.534254933902282,5.546105669550929,5.494752795675214,5.532279968261719,1383500,0.0,0.0
2016-08-18 00:00:00-04:00,5.627084641855622,5.662636847097016,5.593507873062712,5.644860744476318,1989000,0.0,0.0
2016-08-19 00:00:00-04:00,5.431549366096141,5.498702909126404,5.392047226560382,5.49672794342041,1426000,0.0,0.0
2016-08-22 00:00:00-04:00,5.552030853330997,5.609308622229703,5.552030853330997,5.587582588195801,1823000,0.0,0.0
2016-08-23 00:00:00-04:00,5.591533175602321,5.591533175602321,5.530304531718523,5.532279968261719,1918000,0.0,0.0
2016-08-24 00:00:00-04:00,5.5066038021507975,5.5066038021507975,5.421673682792654,5.439449787139893,1875500,0.0,0.0
2016-08-25 00:00:00-04:00,5.431548690134776,5.439449022878195,5.411797622824935,5.423648357391357,903500,0.0,0.0
2016-08-26 00:00:00-04:00,5.322917939548399,5.390071949603487,5.289341169972166,5.313042640686035,1709500,0.0,0.0
2016-08-29 00:00:00-04:00,5.344644270468166,5.4038974744189305,5.344644270468166,5.397972106933594,1275000,0.0,0.0
2016-08-30 00:00:00-04:00,5.340694233862525,5.366370671087952,5.332793900309156,5.3367438316345215,1282500,0.0,0.0
2016-08-31 00:00:00-04:00,5.372295666538709,5.405872434989761,5.3643953335330385,5.388096332550049,1021000,0.0,0.0
2016-09-01 00:00:00-04:00,5.5421552673671695,5.554006003015816,5.500678163499537,5.532279968261719,2305000,0.0,0.0
2016-09-02 00:00:00-04:00,5.674487692226755,5.708064935359901,5.633010586101328,5.696214199066162,3049500,0.0,0.0
2016-09-06 00:00:00-04:00,5.567831610167975,5.599433414395854,5.510553369436357,5.5698065757751465,4780500,0.0,0.0
2016-09-07 00:00:00-04:00,5.966803379461259,7.2190224568489025,5.925326276353394,7.173594951629639,39547000,0.0,0.0
2016-09-08 00:00:00-04:00,6.741046417864131,6.768697819990058,6.53760989133092,6.691668510437012,16179500,0.0,0.0
2016-09-09 00:00:00-04:00,6.585012991647528,6.6245151301789695,6.47835684089053,6.49810791015625,4369000,0.0,0.0
2016-09-12 00:00:00-04:00,6.446755045364519,6.549460794058343,6.417128676873692,6.547485828399658,2610500,0.0,0.0
2016-09-13 00:00:00-04:00,6.172214987699198,6.306522540287596,6.14061318291942,6.1919660568237305,4939000,0.0,0.0
2016-09-14 00:00:00-04:00,6.166289629732315,6.2591196076758004,6.154438894058118,6.241343975067139,2493500,0.0,0.0
2016-09-15 00:00:00-04:00,6.456630909752066,6.567236993598495,6.423054138550897,6.539585590362549,1970500,0.0,0.0
2016-09-16 00:00:00-04:00,6.511933606179571,6.557361112543514,6.444780064912052,6.458605766296387,819500,0.0,0.0
2016-09-19 00:00:00-04:00,6.5158837252216,6.52773446043677,6.472431186400181,6.49218225479126,973000,0.0,0.0
2016-09-20 00:00:00-04:00,6.586987786248367,6.632415291470098,6.581062418532261,6.612664222717285,2386500,0.0,0.0
2016-09-21 00:00:00-04:00,6.537610061889097,6.6008136720280834,6.537610061889097,6.596863269805908,1644000,0.0,0.0
2016-09-22 00:00:00-04:00,6.636365327059012,6.691668602978298,6.610688890186243,6.664017200469971,3192000,0.0,0.0
2016-09-23 00:00:00-04:00,6.622539709620135,6.63044051406762,6.602788640306698,6.61661434173584,975000,0.0,0.0
2016-09-26 00:00:00-04:00,6.472431289156036,6.52180919636896,6.444779887150058,6.513908863067627,1233000,0.0,0.0
2016-09-27 00:00:00-04:00,6.523784459114537,6.6166144391643344,6.523784459114537,6.598838806152344,1442500,0.0,0.0
2016-09-28 00:00:00-04:00,6.594888223296522,6.664017200469971,6.579087556406801,6.664017200469971,1361500,0.0,0.0
2016-09-29 00:00:00-04:00,6.596863364882129,6.669942746178481,6.529709822455764,6.5593366622924805,903500,0.0,0.0
2016-09-30 00:00:00-04:00,6.515883828667304,6.537609862971627,6.496132759962659,6.513908863067627,2754000,0.0,0.0
2016-10-03 00:00:00-04:00,6.464531034212444,6.464531034212444,6.4052778273802895,6.417128562927246,882500,0.0,0.0
2016-10-04 00:00:00-04:00,6.298621654510498,6.385526734257359,6.284795953392276,6.298621654510498,1162000,0.0,0.0
2016-10-05 00:00:00-04:00,6.3618252858829525,6.434904193868915,6.3618252858829525,6.427003860473633,535500,0.0,0.0
2016-10-06 00:00:00-04:00,6.290721418062466,6.318372820724926,6.2472693484222095,6.280846118927002,597000,0.0,0.0
2016-10-07 00:00:00-04:00,6.38552664915136,6.442804889379611,6.304546938234834,6.355899810791016,579500,0.0,0.0
2016-10-10 00:00:00-04:00,6.436879438631774,6.436879438631774,6.351949797631736,6.4033026695251465,850500,0.0,0.0
2016-10-11 00:00:00-04:00,6.261095236488292,6.261095236488292,6.203816992905869,6.255169868469238,1644000,0.0,0.0
2016-10-12 00:00:00-04:00,6.15246353510292,6.197891038348194,6.142587765704876,6.164314270019531,1007500,0.0,0.0
2016-10-13 00:00:00-04:00,6.156414030882842,6.1978911328206,6.15246362888289,6.166289329528809,2004500,0.0,0.0
2016-10-14 00:00:00-04:00,6.320348450391598,6.3657759579690865,6.265045172474259,6.32429838180542,2523000,0.0,0.0
2016-10-17 00:00:00-04:00,6.166289900143814,6.168264865875244,6.122837357733771,6.168264865875244,1063500,0.0,0.0
2016-10-18 00:00:00-04:00,6.221592717379822,6.2591194180074385,6.1781401781920415,6.247269153594971,1105000,0.0,0.0
2016-10-19 00:00:00-04:00,6.225542737622828,6.241343875236561,6.2077666343958615,6.239368438720703,1173000,0.0,0.0
2016-10-20 00:00:00-04:00,6.407253073755143,6.484282387282981,6.338124564873224,6.39342737197876,5969000,0.0,0.0
2016-10-21 00:00:00-04:00,5.996430493120115,6.0635840357761035,5.99050512513251,6.0181565284729,3303500,0.0,0.0
2016-10-24 00:00:00-04:00,5.6902883600443595,5.751516531291795,5.674487222659376,5.745591163635254,3745500,0.0,0.0
2016-10-25 00:00:00-04:00,5.818670464364645,5.862122532069432,5.769292558178845,5.842371463775635,1014000,0.0,0.0
2016-10-26 00:00:00-04:00,5.70806432657009,5.70806432657009,5.510553174846071,5.536229610443115,3698000,0.0,0.0
2016-10-27 00:00:00-04:00,5.820645621440184,5.877923862647609,5.820645621440184,5.856197357177734,2181000,0.0,0.0
2016-10-28 00:00:00-04:00,5.972729014337485,6.008281222222442,5.939152243047899,5.9589033126831055,2131000,0.0,0.0
2016-10-31 00:00:00-04:00,5.960877991957449,5.97470416385013,5.939151957673444,5.9431023597717285,1226500,0.0,0.0
2016-11-01 00:00:00-04:00,5.935202120233235,5.984579557277347,5.9115006490743776,5.945077419281006,1076000,0.0,0.0
2016-11-02 00:00:00-04:00,5.9589031278348905,6.0576584729474785,5.9589031278348905,5.974704265594482,580500,0.0,0.0
2016-11-03 00:00:00-04:00,6.012231254197286,6.012231254197286,5.986554816151666,5.990505218505859,799000,0.0,0.0
2016-11-04 00:00:00-04:00,5.822620392990684,5.87594823027086,5.806819726723451,5.812745094299316,938000,0.0,0.0
2016-11-07 00:00:00-05:00,5.820645619929591,5.836446286719373,5.802869516614114,5.826570987701416,819000,0.0,0.0
2016-11-08 00:00:00-05:00,5.767317582871069,5.794968984255121,5.747566514610659,5.773242950439453,898000,0.0,0.0
2016-11-09 00:00:00-05:00,5.561906635487661,5.712014863000834,5.557956233091528,5.686338424682617,3819000,0.0,0.0
2016-11-10 00:00:00-05:00,5.678437615880634,5.725840086156463,5.648810777644105,5.676462650299072,5855500,0.0,0.0
2016-11-11 00:00:00-05:00,5.631035323552968,5.650786392700609,5.563881311728886,5.621159553527832,1431000,0.0,0.0
2016-11-14 00:00:00-05:00,5.644861120844794,5.67843789187642,5.589557843749509,5.613259315490723,3513000,0.0,0.0
2016-11-15 00:00:00-05:00,5.636960891714932,5.688313767504312,5.609309017203432,5.68436336517334,1175000,0.0,0.0
2016-11-16 00:00:00-05:00,5.7100395263667325,5.769292733044069,5.7100395263667325,5.757441997528076,3346000,0.0,0.0
2016-11-17 00:00:00-05:00,5.913475519954697,5.954953093818122,5.8700229804938875,5.952977657318115,1640500,0.0,0.0
2016-11-18 00:00:00-05:00,5.974704176723032,6.030006980802422,5.9648284069073565,6.022106647491455,1307500,0.0,0.0
2016-11-21 00:00:00-05:00,6.12283688905098,6.182090565484755,6.12283688905098,6.178140163421631,1303500,0.0,0.0
2016-11-22 00:00:00-05:00,6.168264603523804,6.3163978578416415,6.168264603523804,6.300597190856934,1158000,0.0,0.0
2016-11-23 00:00:00-05:00,6.229492780346083,6.436879226654468,6.201841379745659,6.320347785949707,1699500,0.0,0.0
2016-11-25 00:00:00-05:00,6.128762817925361,6.274921115008507,6.073460009393068,6.1208624839782715,1947000,0.0,0.0
2016-11-28 00:00:00-05:00,6.1682648678918905,6.21171741031614,6.132713130201254,6.158389568328857,1104500,0.0,0.0
2016-11-29 00:00:00-05:00,6.12481222759105,6.1722146970774325,6.122836791139769,6.166289329528809,1883500,0.0,0.0
2016-11-30 00:00:00-05:00,6.091235537795276,6.1623390074962385,6.028031930391513,6.089260101318359,2476000,0.0,0.0
2016-12-01 00:00:00-05:00,6.002355572339183,6.043832675354337,5.970753768226512,5.982604503631592,2198000,0.0,0.0
2016-12-02 00:00:00-05:00,5.864097778969289,5.899649512387843,5.830520540142891,5.848296642303467,816500,0.0,0.0
2016-12-05 00:00:00-05:00,5.954953473013886,5.954953473013886,5.856197652414206,5.911500930786133,768500,0.0,0.0
2016-12-06 00:00:00-05:00,5.966803472726076,6.071484185836782,5.966803472726076,6.053708553314209,550500,0.0,0.0
2016-12-07 00:00:00-05:00,6.030007466330081,6.122837449739379,6.030007466330081,6.1208624839782715,965500,0.0,0.0
2016-12-08 00:00:00-05:00,6.107036319888325,6.203816698401704,6.103085917762271,6.189990997314453,4451500,0.0,0.0
2016-12-09 00:00:00-05:00,6.330223564665818,6.355900001715201,6.2334431843183475,6.340099334716797,2950500,0.0,0.0
2016-12-12 00:00:00-05:00,6.314422804158269,6.346024608589727,6.286771401869229,6.3381242752075195,2967000,0.0,0.0
2016-12-13 00:00:00-05:00,6.15246362888289,6.280845807598727,6.073459356104716,6.166289329528809,3555000,0.0,0.0
2016-12-14 00:00:00-05:00,6.0339574755886085,6.065559280220491,5.98062963629221,5.994455337524414,5130500,0.0,0.0
2016-12-15 00:00:00-05:00,5.838421816240658,5.844347184106863,5.796944241177216,5.798919677734375,4630000,0.0,0.0
2016-12-16 00:00:00-05:00,5.559931338357985,5.5638812696160365,5.277490533691623,5.354519844055176,12804500,0.0,0.0
2016-12-19 00:00:00-05:00,5.184660813875301,5.21231221766489,5.105656533960674,5.143183708190918,4299500,0.0,0.0
2016-12-20 00:00:00-05:00,5.188610938237567,5.271565145161828,5.155033697260459,5.216262340545654,3880000,0.0,0.0
2016-12-21 00:00:00-05:00,5.1649096366028395,5.194536476406696,5.008876045742035,5.0819549560546875,3681000,0.0,0.0
2016-12-22 00:00:00-05:00,4.925921142691468,4.951597579060798,4.827165799310438,4.860742568969727,4360000,0.0,0.0
2016-12-23 00:00:00-05:00,4.929871844513879,4.967399018551032,4.8686431982632286,4.945672512054443,1431500,0.0,0.0
2016-12-27 00:00:00-05:00,5.10565596639956,5.174784468188987,5.103681000892034,5.151083469390869,1382000,0.0,0.0
2016-12-28 00:00:00-05:00,5.135282605601147,5.153058708821617,5.081954766842363,5.0878801345825195,903500,0.0,0.0
2016-12-29 00:00:00-05:00,5.123432159423828,5.15503349171439,5.089854919785541,5.123432159423828,826500,0.0,0.0
2016-12-30 00:00:00-05:00,5.135282517729303,5.184660424418142,5.1155314492342905,5.1254072189331055,1056500,0.0,0.0
2017-01-03 00:00:00-05:00,5.131332498969438,5.178734968367685,5.125407131431831,5.172809600830078,1069000,0.0,0.0
2017-01-04 00:00:00-05:00,5.151083755559029,5.166884422302246,5.121456916787214,5.166884422302246,1181500,0.0,0.0
2017-01-05 00:00:00-05:00,5.170834624915292,5.170834624915292,5.089854915998801,5.1036810874938965,735500,0.0,0.0
2017-01-06 00:00:00-05:00,5.095780379499082,5.135282516479492,5.079979713067965,5.135282516479492,1849000,0.0,0.0
2017-01-09 00:00:00-05:00,5.135282332622857,5.151083469390869,5.113556299332266,5.151083469390869,1673000,0.0,0.0
2017-01-10 00:00:00-05:00,5.22811300173592,5.3880965164457475,5.2044115310073735,5.332793712615967,3919000,0.0,0.0
2017-01-11 00:00:00-05:00,5.384146789293667,5.4275988594058076,5.342669213946902,5.425623893737793,2339500,0.0,0.0
2017-01-12 00:00:00-05:00,5.500678051424646,5.508578384728565,5.399947271366143,5.451300144195557,2042000,0.0,0.0
2017-01-13 00:00:00-05:00,5.115531923552178,5.1688602372457275,5.070104414711299,5.105656623840332,8078500,0.0,0.0
2017-01-17 00:00:00-05:00,5.127382379292096,5.1649095521289965,5.103681378739293,5.158984184265137,1133000,0.0,0.0
2017-01-18 00:00:00-05:00,5.133307736304784,5.133307736304784,5.074054528694076,5.07997989654541,797000,0.0,0.0
2017-01-19 00:00:00-05:00,5.105655965515293,5.172809501785562,5.074054162887342,5.160958766937256,2612500,0.0,0.0
2017-01-20 00:00:00-05:00,5.103681272190479,5.131332674376126,5.076029399102206,5.0878801345825195,729000,0.0,0.0
2017-01-23 00:00:00-05:00,5.105656337431174,5.143183510216904,5.095780567370663,5.12935733795166,705500,0.0,0.0
2017-01-24 00:00:00-05:00,5.137258048322116,5.16293448492627,5.066154106256968,5.127382278442383,2416500,0.0,0.0
2017-01-25 00:00:00-05:00,5.129357160285378,5.1846604347229,5.125407229120095,5.1846604347229,1099500,0.0,0.0
2017-01-26 00:00:00-05:00,5.184660517727635,5.184660517727635,5.091830541220658,5.0977559089660645,659000,0.0,0.0
2017-01-27 00:00:00-05:00,5.062203975848092,5.103681552305683,5.012826536506877,5.014801502227783,846500,0.0,0.0
2017-01-30 00:00:00-05:00,5.01875114440918,5.0641786496903265,5.002950477747314,5.01875114440918,3603000,0.0,0.0
2017-01-31 00:00:00-05:00,4.997025285660419,5.046403194793894,4.7639623833390665,4.884444236755371,3772000,0.0,0.0
2017-02-01 00:00:00-05:00,4.896294694910466,4.939746762744654,4.894319258443375,4.937771797180176,892000,0.0,0.0
2017-02-02 00:00:00-05:00,4.943697550321689,4.969373988272786,4.916046146652092,4.955548286437988,574500,0.0,0.0
2017-02-03 00:00:00-05:00,5.216262256607811,5.285391232168263,5.184660452663109,5.273540496826172,1522000,0.0,0.0
2017-02-06 00:00:00-05:00,5.228113076078443,5.263664811774179,5.1925608694800784,5.216262340545654,534000,0.0,0.0
2017-02-07 00:00:00-05:00,5.111581702574363,5.135282703082272,5.095780564666457,5.1096062660217285,560500,0.0,0.0
2017-02-08 00:00:00-05:00,5.101705932519092,5.125407403929636,5.095780564666457,5.1096062660217285,565500,0.0,0.0
2017-02-09 00:00:00-05:00,5.095780763520019,5.15305900772892,5.0701043254575,5.143183708190918,466500,0.0,0.0
2017-02-10 00:00:00-05:00,5.145158574124655,5.15503387347112,5.135282803875546,5.141208171844482,383000,0.0,0.0
2017-02-13 00:00:00-05:00,5.141207977895537,5.168859851008305,5.093805506834919,5.0977559089660645,3333500,0.0,0.0
2017-02-14 00:00:00-05:00,5.0701041210075335,5.095780558034661,4.9733237407439495,5.040477752685547,2644000,0.0,0.0
2017-02-15 00:00:00-05:00,4.888393596161894,4.919995397801562,4.874567896238774,4.892343997955322,1903500,0.0,0.0
2017-02-16 00:00:00-05:00,4.951597698909287,5.01282634291934,4.943697365428109,5.01085090637207,1035000,0.0,0.0
2017-02-17 00:00:00-05:00,5.115531628381538,5.115531628381538,5.0365273516347395,5.070104122161865,896500,0.0,0.0
2017-02-21 00:00:00-05:00,5.0720795559573455,5.07602948725096,5.000975612743322,5.050353050231934,743000,0.0,0.0
2017-02-22 00:00:00-05:00,5.052328588932988,5.081954957844635,5.026652151394818,5.072079658508301,709000,0.0,0.0
2017-02-23 00:00:00-05:00,5.085904972342013,5.0938053053892425,5.0503527672755695,5.054303169250488,679500,0.0,0.0
2017-02-24 00:00:00-05:00,5.123432165886832,5.174784566375077,5.121456729439222,5.172809600830078,841500,0.0,0.0
2017-02-27 00:00:00-05:00,5.153058634249706,5.220212173129508,5.153058634249706,5.204411506652832,887000,0.0,0.0
2017-02-28 00:00:00-05:00,5.184660527015537,5.204411595901395,5.147133354861617,5.157009124755859,713500,0.0,0.0
2017-03-01 00:00:00-05:00,5.135282704699719,5.1372581412529765,5.058253864396463,5.099730968475342,1165500,0.0,0.0
2017-03-02 00:00:00-05:00,4.955547615549957,4.987149417280914,4.937771513782058,4.951597213745117,1892000,0.0,0.0
2017-03-03 00:00:00-05:00,5.125407603939331,5.15305900772892,5.115531833498676,5.143183708190918,1687500,0.0,0.0
2017-03-06 00:00:00-05:00,5.25181389704222,5.281440734863281,5.23008786324185,5.281440734863281,1530500,0.0,0.0
2017-03-07 00:00:00-05:00,5.318968126807783,5.56388128906015,5.2932916899302,5.463150978088379,4019000,0.0,0.0
2017-03-08 00:00:00-05:00,5.401922322859457,5.403897759393814,5.342669115783971,5.384146690368652,2115500,0.0,0.0
2017-03-09 00:00:00-05:00,5.299217034864092,5.336743736297869,5.291316230549226,5.305142402648926,1926500,0.0,0.0
2017-03-10 00:00:00-05:00,5.332793704669024,5.332793704669024,5.28736619977542,5.30316686630249,1182000,0.0,0.0
2017-03-13 00:00:00-04:00,5.40784768772897,5.40784768772897,5.352544882849514,5.364395618438721,646500,0.0,0.0
2017-03-14 00:00:00-04:00,5.324893379340658,5.352544781255548,5.307117276294248,5.332793712615967,643500,0.0,0.0
2017-03-15 00:00:00-04:00,5.336743656781178,5.411798000335693,5.336743656781178,5.411798000335693,1897500,0.0,0.0
2017-03-16 00:00:00-04:00,5.45920038578331,5.492777154937837,5.45920038578331,5.478951454162598,1494500,0.0,0.0
2017-03-17 00:00:00-04:00,5.599433443424219,5.842371637762952,5.58955767353191,5.7376909255981445,6107500,0.0,0.0
2017-03-20 00:00:00-04:00,5.739665997462835,5.836446378046879,5.7258402960797765,5.808794975280762,3153500,0.0,0.0
2017-03-21 00:00:00-04:00,5.775218003206208,5.787068738521935,5.735715866088867,5.735715866088867,3548000,0.0,0.0
2017-03-22 00:00:00-04:00,6.012231079416549,6.114936828613281,6.010256113748192,6.114936828613281,4046000,0.0,0.0
2017-03-23 00:00:00-04:00,5.998405270162863,6.053708546006978,5.941127028685875,6.024081707000732,2934000,0.0,0.0
2017-03-24 00:00:00-04:00,5.978654386439739,6.075434768989758,5.939152247142096,5.96877908706665,2031500,0.0,0.0
2017-03-27 00:00:00-04:00,5.992479997382799,6.0240818025230185,5.958903226578389,6.016181468963623,987500,0.0,0.0
2017-03-28 00:00:00-04:00,5.970753944022699,5.97272890968082,5.830521022438106,5.877923965454102,1240000,0.0,0.0
2017-03-29 00:00:00-04:00,5.875948624997662,5.925326534479382,5.871998693616817,5.8996500968933105,628000,0.0,0.0
2017-03-30 00:00:00-04:00,5.810769836447417,5.810769836447417,5.727815629640721,5.757441997528076,874000,0.0,0.0
2017-03-31 00:00:00-04:00,5.767317954773182,5.7811436563567495,5.712014677536267,5.7317657470703125,922000,0.0,0.0
2017-04-03 00:00:00-04:00,5.943102067596788,5.945077033097526,5.889774231856088,5.917425632476807,870000,0.0,0.0
2017-04-04 00:00:00-04:00,5.791018775083601,5.877923855045444,5.771267706165478,5.787068843841553,1130500,0.0,0.0
2017-04-05 00:00:00-04:00,5.791018775083601,5.824595545154147,5.783118441696877,5.787068843841553,658500,0.0,0.0
2017-04-06 00:00:00-04:00,5.8877990751710625,5.901624776138255,5.856197271144927,5.883849143981934,829000,0.0,0.0
2017-04-07 00:00:00-04:00,5.7396659878229235,5.789043896310316,5.713989550753901,5.7594170570373535,1694000,0.0,0.0
2017-04-10 00:00:00-04:00,5.715965079804133,5.733741183655567,5.713989643218879,5.7317657470703125,769500,0.0,0.0
2017-04-11 00:00:00-04:00,5.7357159644627105,5.751516631219598,5.719914826803195,5.7475666999816895,481500,0.0,0.0
2017-04-12 00:00:00-04:00,5.739666276149078,5.777193450812424,5.739666276149078,5.755467414855957,381000,0.0,0.0
2017-04-13 00:00:00-04:00,5.708064459648797,5.757441895554039,5.7041140575792255,5.725840091705322,1089500,0.0,0.0
2017-04-17 00:00:00-04:00,6.028032204754036,6.0438328718728265,5.98853006605442,6.016181468963623,2121000,0.0,0.0
2017-04-18 00:00:00-04:00,6.030006983997347,6.053708454845427,6.030006983997347,6.041857719421387,716500,0.0,0.0
2017-04-19 00:00:00-04:00,6.14456358510538,6.193941022465394,6.142588148561083,6.1919660568237305,2898000,0.0,0.0
2017-04-20 00:00:00-04:00,6.073459725851214,6.13468789971103,6.07148428927967,6.1050615310668945,4159000,0.0,0.0
2017-04-21 00:00:00-04:00,6.097160344208558,6.116911412366859,6.097160344208558,6.107036113739014,1176500,0.0,0.0
2017-04-24 00:00:00-04:00,6.186040678944742,6.195916448942278,6.136663241664959,6.142588138580322,1445000,0.0,0.0
2017-04-25 00:00:00-04:00,6.245293904777925,6.251219272613525,6.215667536502556,6.251219272613525,3718000,0.0,0.0
2017-04-26 00:00:00-04:00,6.1327128410339355,6.152463910131362,6.0714841972000695,6.1327128410339355,1353000,0.0,0.0
2017-04-27 00:00:00-04:00,5.964828485327871,5.980629623060167,5.8798988415874955,5.925326347351074,4105000,0.0,0.0
2017-04-28 00:00:00-04:00,6.207766544306144,6.259119416725928,6.17221480927078,6.257144451141357,3985000,0.0,0.0
2017-05-01 00:00:00-04:00,6.259119606093448,6.261095042640403,6.243318939133602,6.251219272613525,988000,0.0,0.0
2017-05-02 00:00:00-04:00,6.239368628115056,6.249244398286244,6.221592995251142,6.233443260192871,1667500,0.0,0.0
2017-05-03 00:00:00-04:00,6.231468105365149,6.241343875236561,6.221592806396363,6.239368438720703,932500,0.0,0.0
2017-05-04 00:00:00-04:00,6.233443362098491,6.257144834174707,6.231468396393023,6.255169868469238,992000,0.0,0.0
2017-05-05 00:00:00-04:00,6.255169598977444,6.367750644683838,6.251219196834054,6.367750644683838,3617000,0.0,0.0
2017-05-08 00:00:00-04:00,6.310472491147448,6.332198996883676,6.302572157653652,6.330223560333252,1401500,0.0,0.0
2017-05-09 00:00:00-04:00,6.251219181785658,6.284795951764448,6.225542745172004,6.26899528503418,2249000,0.0,0.0
2017-05-10 00:00:00-04:00,6.397377301929552,6.409227566218127,6.363800061920311,6.4033026695251465,2571000,0.0,0.0
2017-05-11 00:00:00-04:00,6.393427088849297,6.403302858768027,6.3677506521437515,6.3973774909973145,1467000,0.0,0.0
2017-05-12 00:00:00-04:00,6.4072526900073346,6.4210783909556595,6.383551690197043,6.395401954650879,740000,0.0,0.0
2017-05-15 00:00:00-04:00,6.4842823000053835,6.498108001595675,6.4566308968248,6.480331897735596,1198000,0.0,0.0
2017-05-16 00:00:00-04:00,6.523784160614014,6.545510194913825,6.498107724213044,6.523784160614014,2053000,0.0,0.0
2017-05-17 00:00:00-04:00,6.6798178586625765,6.695618996434355,6.559336478803086,6.604763984680176,4469000,0.0,0.0
2017-05-18 00:00:00-04:00,6.7153700828048,6.729195784076648,6.664017208993577,6.723270416259766,3528500,0.0,0.0
2017-05-19 00:00:00-04:00,6.731170370369139,6.752896403871547,6.695618636374052,6.744996070861816,1276500,0.0,0.0
2017-05-22 00:00:00-04:00,6.760797592927648,6.7864740298489385,6.733145719464435,6.772647857666016,1129000,0.0,0.0
2017-05-23 00:00:00-04:00,6.804249682291796,6.88325395892583,6.792398946616164,6.871403694152832,1912000,0.0,0.0
2017-05-24 00:00:00-04:00,6.978059490317531,7.0412631010445335,6.978059490317531,7.021512031555176,1431000,0.0,0.0
2017-05-25 00:00:00-04:00,7.059038743658375,7.126192756736634,7.035337742780144,7.100516319274902,1822500,0.0,0.0
2017-05-26 00:00:00-04:00,7.426408768885143,7.428383734450886,7.367155563789297,7.416533470153809,2920000,0.0,0.0
2017-05-30 00:00:00-04:00,7.465911211691785,7.5824426610951114,7.465911211691785,7.540965557098389,3058000,0.0,0.0
2017-05-31 00:00:00-04:00,7.515289107397785,7.523189440873928,7.456035899972763,7.471836566925049,1578500,0.0,0.0
2017-06-01 00:00:00-04:00,7.373081102645748,7.386906803732317,7.292101390835325,7.321728229522705,5637000,0.0,0.0
2017-06-02 00:00:00-04:00,7.3987572790657525,7.473811149597168,7.3987572790657525,7.473811149597168,1803000,0.0,0.0
2017-06-05 00:00:00-04:00,7.663422018821461,7.722675223597592,7.653546249240799,7.720699787139893,2854500,0.0,0.0
2017-06-06 00:00:00-04:00,7.797729324593702,7.971538542035367,7.74835188794197,7.9419121742248535,8947500,0.0,0.0
2017-06-07 00:00:00-04:00,7.728600778720441,7.746376410952825,7.683173273532727,7.685148239135742,4328000,0.0,0.0
2017-06-08 00:00:00-04:00,7.683173186457967,7.722675323486328,7.617994613270911,7.722675323486328,3430000,0.0,0.0
2017-06-09 00:00:00-04:00,7.777978391215418,7.849082334462688,7.497513020424432,7.590342998504639,7253500,0.0,0.0
2017-06-12 00:00:00-04:00,7.5903425295972475,7.629844665527344,7.513313223262779,7.629844665527344,2468000,0.0,0.0
2017-06-13 00:00:00-04:00,7.600218979934075,7.860933288791124,7.586393278210159,7.752302169799805,8067000,0.0,0.0
2017-06-14 00:00:00-04:00,7.8490823734418065,7.860933109192309,7.809580234875223,7.827356338500977,2253000,0.0,0.0
2017-06-15 00:00:00-04:00,8.07622010901509,8.080170040199317,7.989315030325375,8.009065628051758,5225500,0.0,0.0
2017-06-16 00:00:00-04:00,8.016966811462051,8.036717410122721,7.98931540825394,7.997215270996094,1635000,0.0,0.0
2017-06-19 00:00:00-04:00,8.204601193887356,8.220402801936496,8.172999861399523,8.20262622833252,2092000,0.0,0.0
2017-06-20 00:00:00-04:00,8.236203959665692,8.277681064208027,8.22040329247889,8.232254028320312,1671000,0.0,0.0
2017-06-21 00:00:00-04:00,8.224352542739352,8.246079046950262,8.184850407141006,8.218426704406738,1850000,0.0,0.0
2017-06-22 00:00:00-04:00,8.275705816147902,8.315207953669637,8.275705816147902,8.30533218383789,1732500,0.0,0.0
2017-06-23 00:00:00-04:00,8.49691858800882,8.542345625625753,8.465316310626969,8.534445762634277,2794000,0.0,0.0
2017-06-26 00:00:00-04:00,8.633200100041634,8.75565738676585,8.633200100041634,8.739856719970703,3532000,0.0,0.0
2017-06-27 00:00:00-04:00,8.680602924243685,8.690478694033388,8.631225017100405,8.658876419067383,2943000,0.0,0.0
2017-06-28 00:00:00-04:00,8.340884606585352,8.469266792313668,8.309282330664772,8.427789688110352,3928000,0.0,0.0
2017-06-29 00:00:00-04:00,8.467291705706625,8.510743774945801,8.167075268678548,8.287556648254395,5344000,0.0,0.0
2017-06-30 00:00:00-04:00,8.287557219437488,8.295457082495297,8.228303537477307,8.259905815124512,1888500,0.0,0.0
2017-07-03 00:00:00-04:00,8.074244694478175,8.117697707378072,8.022891818727606,8.03869342803955,1419500,0.0,0.0
2017-07-05 00:00:00-04:00,7.693048771660686,7.728600978851318,7.66539736889195,7.728600978851318,4310000,0.0,0.0
2017-07-06 00:00:00-04:00,7.568616865598493,7.6041686013101355,7.531089693362083,7.578492164611816,2220500,0.0,0.0
2017-07-07 00:00:00-04:00,7.616019172171179,7.742426387307404,7.616019172171179,7.712799549102783,2404500,0.0,0.0
2017-07-10 00:00:00-04:00,7.874758637174029,7.934012314621593,7.860932936070473,7.92216157913208,2050000,0.0,0.0
2017-07-11 00:00:00-04:00,7.809579939776563,7.815505307427913,7.752301699748584,7.79180383682251,1673500,0.0,0.0
2017-07-12 00:00:00-04:00,7.839206706277915,7.900434876911269,7.831305902213354,7.8984599113464355,1582500,0.0,0.0
2017-07-13 00:00:00-04:00,7.882659053840243,7.902410122897294,7.843156915726142,7.874758720397949,1117000,0.0,0.0
2017-07-14 00:00:00-04:00,7.8609326380036,7.87475833858292,7.821430501804796,7.866858005523682,1342500,0.0,0.0
2017-07-17 00:00:00-04:00,7.841181934083094,7.876733669952152,7.785878658294678,7.785878658294678,1758000,0.0,0.0
2017-07-18 00:00:00-04:00,7.971537902749663,8.058442975403679,7.971537902749663,8.05646800994873,2686000,0.0,0.0
2017-07-19 00:00:00-04:00,8.27373074765782,8.319157781430564,8.253979208239942,8.283605575561523,1926000,0.0,0.0
2017-07-20 00:00:00-04:00,8.228302664155843,8.2599049384489,8.190775493198275,8.20262622833252,1222500,0.0,0.0
2017-07-21 00:00:00-04:00,8.216452700095568,8.238179206848145,8.149299155902973,8.238179206848145,622000,0.0,0.0
2017-07-24 00:00:00-04:00,8.018942175091558,8.078195857624635,8.001166541234301,8.064370155334473,863000,0.0,0.0
2017-07-25 00:00:00-04:00,7.825380892298533,7.839207064592174,7.766127684521669,7.777978420257568,2803500,0.0,0.0
2017-07-26 00:00:00-04:00,8.145348560109785,8.334958440977118,8.099920584569437,8.24410343170166,4310000,0.0,0.0
2017-07-27 00:00:00-04:00,8.48704222046671,8.506793760166664,8.346809302373835,8.364585876464844,4839500,0.0,0.0
2017-07-28 00:00:00-04:00,8.32705907804254,8.374461080199499,8.285581972978214,8.372486114501953,1452500,0.0,0.0
2017-07-31 00:00:00-04:00,8.33693456489114,8.388287438502553,8.33693456489114,8.386311531066895,2338500,0.0,0.0
2017-08-01 00:00:00-04:00,8.30533237155657,8.32508391166649,8.29545660150161,8.309282302856445,1015000,0.0,0.0
2017-08-02 00:00:00-04:00,8.447540177681237,8.47124164886509,8.327058797936118,8.366560935974121,2371000,0.0,0.0
2017-08-03 00:00:00-04:00,8.364586157966443,8.370511054992676,8.331008916068614,8.370511054992676,866000,0.0,0.0
2017-08-04 00:00:00-04:00,8.364585873669514,8.394212241404293,8.354710103822836,8.384336471557617,1023000,0.0,0.0
2017-08-07 00:00:00-04:00,8.473216728943575,8.483092499037783,8.453466130560434,8.467291831970215,2054500,0.0,0.0
2017-08-08 00:00:00-04:00,8.492967889818175,8.550245658556939,8.475191316081487,8.479142189025879,1015000,0.0,0.0
2017-08-09 00:00:00-04:00,8.40803803073289,8.429764536262608,8.323108857853555,8.346809387207031,1668000,0.0,0.0
2017-08-10 00:00:00-04:00,8.230278375448028,8.255954813597867,8.020916938781738,8.020916938781738,1441500,0.0,0.0
2017-08-11 00:00:00-04:00,8.064369874240981,8.127572544332814,8.00116626234385,8.117697715759277,1424000,0.0,0.0
2017-08-14 00:00:00-04:00,8.137448020530682,8.145348824909185,8.088070112226886,8.111771583557129,1161000,0.0,0.0
2017-08-15 00:00:00-04:00,8.157200054638993,8.19670219531354,8.157200054638993,8.180901527404785,566000,0.0,0.0
2017-08-16 00:00:00-04:00,8.196701341246282,8.230277639328186,8.171024905392954,8.22237777709961,352500,0.0,0.0
2017-08-17 00:00:00-04:00,8.216452684917831,8.230278386878846,8.137448404624799,8.139423370361328,838000,0.0,0.0
2017-08-18 00:00:00-04:00,8.119672206399793,8.174975010397082,8.119672206399793,8.147323608398438,382500,0.0,0.0
2017-08-21 00:00:00-04:00,8.068319036753003,8.10584620717197,8.06436910570002,8.082144737243652,410500,0.0,0.0
2017-08-22 00:00:00-04:00,8.133498581873202,8.182876493167715,8.133498581873202,8.180901527404785,592500,0.0,0.0
2017-08-23 00:00:00-04:00,8.117697715759277,8.139423280426357,8.107821945380442,8.117697715759277,301000,0.0,0.0
2017-08-24 00:00:00-04:00,8.109796911095149,8.139423280426357,8.086095438908062,8.117697715759277,410000,0.0,0.0
2017-08-25 00:00:00-04:00,8.117697618318479,8.157199757554359,8.097946077797893,8.135473251342773,370500,0.0,0.0
2017-08-28 00:00:00-04:00,8.32310848304406,8.340884114710002,8.271755611781094,8.338909149169922,766000,0.0,0.0
2017-08-29 00:00:00-04:00,8.297432789704848,8.297432789704848,8.24607991384783,8.25595474243164,436000,0.0,0.0
2017-08-30 00:00:00-04:00,8.167074673615408,8.206576808719737,8.159173869872467,8.176949501037598,573500,0.0,0.0
2017-08-31 00:00:00-04:00,8.174974836507243,8.242128374476279,8.174974836507243,8.22237777709961,545000,0.0,0.0
2017-09-01 00:00:00-04:00,8.26978006511352,8.285581673733772,8.23620376585732,8.267805099487305,1094000,0.0,0.0
2017-09-05 00:00:00-04:00,8.149298564808031,8.149298564808031,8.097945692066958,8.127572059631348,997000,0.0,0.0
2017-09-06 00:00:00-04:00,8.111771876809856,8.13744831471165,8.097946175001605,8.117697715759277,560000,0.0,0.0
2017-09-07 00:00:00-04:00,8.00906517557516,8.09794521483566,8.00906517557516,8.078194618225098,589000,0.0,0.0
2017-09-08 00:00:00-04:00,8.212502291785684,8.222378061718482,8.202626521852885,8.208552360534668,454500,0.0,0.0
2017-09-11 00:00:00-04:00,8.467291518068796,8.467291518068796,8.226327822451676,8.342859268188477,1114000,0.0,0.0
2017-09-12 00:00:00-04:00,8.490992167655993,8.540370075193508,8.485067270818012,8.502842903137207,1582000,0.0,0.0
2017-09-13 00:00:00-04:00,8.492967588684468,8.492967588684468,8.413963317871094,8.413963317871094,495000,0.0,0.0
2017-09-14 00:00:00-04:00,8.390262236098637,8.540369980860568,8.360634926820227,8.50086784362793,2013500,0.0,0.0
2017-09-15 00:00:00-04:00,8.64900209206798,8.818861386707805,8.593698343125364,8.807010650634766,3563000,0.0,0.0
2017-09-18 00:00:00-04:00,8.759607595389221,8.822811206376429,8.680603317106534,8.706279754638672,1234000,0.0,0.0
2017-09-19 00:00:00-04:00,9.055873902095566,9.241533857620015,9.026247533870556,9.233633995056152,6933000,0.0,0.0
2017-09-20 00:00:00-04:00,9.514098436432619,9.608903375276457,9.36399069508031,9.421268463134766,4976500,0.0,0.0
2017-09-21 00:00:00-04:00,9.241534323227507,9.241534323227507,9.18623151527315,9.204007148742676,1626500,0.0,0.0
2017-09-22 00:00:00-04:00,9.081550967287155,9.085500898842335,8.986746017325498,9.010446548461914,2201000,0.0,0.0
2017-09-25 00:00:00-04:00,9.014396544036757,9.059823577913827,8.870213696453959,8.874163627624512,4853500,0.0,0.0
2017-09-26 00:00:00-04:00,8.880089286793527,8.943292899975003,8.85243788261513,8.889965057373047,1655000,0.0,0.0
2017-09-27 00:00:00-04:00,8.963044256505954,9.00649632763333,8.905765541768872,8.984769821166992,1051500,0.0,0.0
2017-09-28 00:00:00-04:00,9.12500199388683,9.12500199388683,9.042047789904398,9.087474822998047,941000,0.0,0.0
2017-09-29 00:00:00-04:00,9.115126604027894,9.144753913945975,9.057848833435743,9.075624465942383,1407000,0.0,0.0
2017-10-02 00:00:00-04:00,9.176355253505418,9.18425605784963,9.099325942919084,9.115126609802246,1710500,0.0,0.0
2017-10-03 00:00:00-04:00,9.13487844447668,9.204006952949081,9.105252075389265,9.180305480957031,1065500,0.0,0.0
2017-10-04 00:00:00-04:00,9.23955889197905,9.23955889197905,9.166479512431742,9.233633995056152,650000,0.0,0.0
2017-10-05 00:00:00-04:00,9.391642578304294,9.529899591670683,9.389667612656956,9.490397453308105,1927000,0.0,0.0
2017-10-06 00:00:00-04:00,9.569400995777855,9.70963390583685,9.551625364510453,9.61285400390625,1860000,0.0,0.0
2017-10-09 00:00:00-04:00,9.634580517356117,9.64840716080217,9.559527112079936,9.573352813720703,601500,0.0,0.0
2017-10-10 00:00:00-04:00,9.490397750836069,9.565452098619533,9.490397750836069,9.535825729370117,923500,0.0,0.0
2017-10-11 00:00:00-04:00,9.628655351245293,9.709634593136432,9.628655351245293,9.705684661865234,1105500,0.0,0.0
2017-10-12 00:00:00-04:00,9.612854460198463,9.644455793241681,9.525949381621755,9.54372501373291,1020500,0.0,0.0
2017-10-13 00:00:00-04:00,9.6918585974344,9.796539306640625,9.6918585974344,9.796539306640625,1201500,0.0,0.0
2017-10-16 00:00:00-04:00,9.80049000029233,9.818266575340227,9.786664298480243,9.81234073638916,1517500,0.0,0.0
2017-10-17 00:00:00-04:00,9.610879132385303,9.632604694856738,9.589152628108666,9.614829063415527,1174000,0.0,0.0
2017-10-18 00:00:00-04:00,9.44102027812903,9.44102027812903,9.37979163538791,9.387691497802734,3184500,0.0,0.0
2017-10-19 00:00:00-04:00,9.464720828988227,9.5160737020239,9.43904439247039,9.48644733428955,613000,0.0,0.0
2017-10-20 00:00:00-04:00,9.516073424496007,9.567426296034022,9.482497126524366,9.539774894714355,1273500,0.0,0.0
2017-10-23 00:00:00-04:00,9.547676656656936,9.585203831300282,9.49237384846898,9.579277992248535,2759000,0.0,0.0
2017-10-24 00:00:00-04:00,9.591128825475481,9.638531771147253,9.58915385970671,9.620755195617676,1444500,0.0,0.0
2017-10-25 00:00:00-04:00,9.480522130936725,9.500272728185958,9.292886277140305,9.381766319274902,7134000,0.0,0.0
2017-10-26 00:00:00-04:00,9.204005921872255,9.24350805683202,9.168454659672095,9.23758316040039,1524000,0.0,0.0
2017-10-27 00:00:00-04:00,9.243508934462746,9.42126902956183,9.243508934462746,9.413368225097656,2536000,0.0,0.0
2017-10-30 00:00:00-04:00,9.729386549559127,10.219212894948926,9.69383434118078,10.04935359954834,6320000,0.0,0.0
2017-10-31 00:00:00-04:00,9.618779654946607,9.798514714436662,9.599029056634054,9.608903884887695,3025000,0.0,0.0
2017-11-01 00:00:00-04:00,9.484472062025528,9.484472062025528,9.365965653114472,9.381766319274902,3067500,0.0,0.0
2017-11-02 00:00:00-04:00,9.3501659261371,9.3501659261371,9.26326084081767,9.322513580322266,1386500,0.0,0.0
2017-11-03 00:00:00-04:00,9.34226436581049,9.350165169947942,9.273135861377417,9.32646369934082,1942000,0.0,0.0
2017-11-06 00:00:00-05:00,9.251409048811153,9.251409048811153,9.204006109172715,9.241533279418945,1740500,0.0,0.0
2017-11-07 00:00:00-05:00,9.302762118252648,9.350165058903926,9.25535917760137,9.26523494720459,1985000,0.0,0.0
2017-11-08 00:00:00-05:00,9.421268856402804,9.468671798706055,9.40151825831329,9.468671798706055,853500,0.0,0.0
2017-11-09 00:00:00-05:00,9.310663778636735,9.326464446372006,9.194132323655484,9.243509292602539,2287000,0.0,0.0
2017-11-10 00:00:00-05:00,9.529899415598232,9.654331667134265,9.490397277965487,9.565451622009277,2304000,0.0,0.0
2017-11-13 00:00:00-05:00,9.561501133794652,9.632604600669453,9.523973963958854,9.61285400390625,1859500,0.0,0.0
2017-11-14 00:00:00-05:00,9.755062197220628,9.83604143601743,9.693833555830382,9.757037162780762,2021500,0.0,0.0
2017-11-15 00:00:00-05:00,9.415343848032355,9.472621617799518,9.391642377161375,9.427193641662598,1521000,0.0,0.0
2017-11-16 00:00:00-05:00,9.814314758143823,9.851841928540132,9.782713426128621,9.832091331481934,1792000,0.0,0.0
2017-11-17 00:00:00-05:00,9.841965866194746,9.85184163533253,9.806414604187012,9.806414604187012,1439500,0.0,0.0
2017-11-20 00:00:00-05:00,9.857768536288186,9.911096376854163,9.838016995883233,9.887394905090332,686000,0.0,0.0
2017-11-21 00:00:00-05:00,9.865668100073991,9.875543869977228,9.818266099787905,9.84196662902832,1117500,0.0,0.0
2017-11-22 00:00:00-05:00,9.954548359851424,9.986150635860934,9.913071255531388,9.984174728393555,1406000,0.0,0.0
2017-11-24 00:00:00-05:00,10.302167808538599,10.389072890843096,10.302167808538599,10.379197120666504,1936000,0.0,0.0
2017-11-27 00:00:00-05:00,10.549056334710146,10.657686980439648,10.549056334710146,10.554981231689453,1778000,0.0,0.0
2017-11-28 00:00:00-05:00,10.487827497718316,10.535230439903755,10.440424555532877,10.511528968811035,1886000,0.0,0.0
2017-11-29 00:00:00-05:00,10.296241436413139,10.394997249453397,10.023676409571678,10.053303718566895,3575000,0.0,0.0
2017-11-30 00:00:00-05:00,9.976275166758603,10.11848305857904,9.976275166758603,10.06910514831543,4340500,0.0,0.0
2017-12-01 00:00:00-05:00,9.926896095275879,9.976273999763405,9.851841755799253,9.926896095275879,1960000,0.0,0.0
2017-12-04 00:00:00-05:00,9.743211625992416,9.780738797682044,9.500272963709138,9.58322811126709,2405000,0.0,0.0
2017-12-05 00:00:00-05:00,9.407442291705046,9.521998763886112,9.35608942285854,9.431143760681152,3567000,0.0,0.0
2017-12-06 00:00:00-05:00,9.454846585228227,9.593103604402568,9.441020883310792,9.557552337646484,2423000,0.0,0.0
2017-12-07 00:00:00-05:00,9.757037561379208,9.881468872997926,9.727411193156456,9.843942642211914,3362500,0.0,0.0
2017-12-08 00:00:00-05:00,9.535824963613038,9.575327100041878,9.516073424496007,9.539774894714355,1173500,0.0,0.0
2017-12-11 00:00:00-05:00,9.597054384283624,9.676058663558864,9.597054384283624,9.67408275604248,1691000,0.0,0.0
2017-12-12 00:00:00-05:00,9.593103011577414,9.593103011577414,9.450895127925179,9.48644733428955,3519000,0.0,0.0
2017-12-13 00:00:00-05:00,9.53977520059815,9.632605177092167,9.53977520059815,9.62470531463623,1013000,0.0,0.0
2017-12-14 00:00:00-05:00,9.441020766100165,9.448920628923304,9.401518626568587,9.4370698928833,2180500,0.0,0.0
2017-12-15 00:00:00-05:00,9.480522735700443,9.535825541692333,9.441020596876912,9.531875610351562,838000,0.0,0.0
2017-12-18 00:00:00-05:00,9.506198971061918,9.506198971061918,9.441020396297578,9.468671798706055,909000,0.0,0.0
2017-12-19 00:00:00-05:00,9.397567542355254,9.397567542355254,9.292886827856625,9.294861793518066,1108000,0.0,0.0
2017-12-20 00:00:00-05:00,9.21980817591889,9.241533739497083,9.119077395075056,9.152653694152832,1033500,0.0,0.0
2017-12-21 00:00:00-05:00,9.213882258468171,9.215857224067003,9.154629523282242,9.209932327270508,612500,0.0,0.0
2017-12-22 00:00:00-05:00,9.192156233247939,9.25733481043897,9.184256370440114,9.219808578491211,619000,0.0,0.0
2017-12-26 00:00:00-05:00,9.014397050925457,9.13487843464925,9.014397050925457,9.042048454284668,970500,0.0,0.0
2017-12-27 00:00:00-05:00,9.117102052972859,9.245484230745822,9.117102052972859,9.164504051208496,1453000,0.0,0.0
2017-12-28 00:00:00-05:00,9.03414782962266,9.03414782962266,8.963044354112165,8.966994285583496,1019500,0.0,0.0
2017-12-29 00:00:00-05:00,8.986745530905456,9.026247669735149,8.808985435269195,8.901815414428711,2176000,0.0,0.0
2018-01-02 00:00:00-05:00,8.929466186883609,9.075623996052158,8.929466186883609,9.065749168395996,1516000,0.0,0.0
2018-01-03 00:00:00-05:00,9.055873804307687,9.273136033157316,9.055873804307687,9.271160125732422,1896000,0.0,0.0
2018-01-04 00:00:00-05:00,9.518048782332095,9.589153195917701,9.460771011781407,9.587178230285645,1677000,0.0,0.0
2018-01-05 00:00:00-05:00,9.322512926590402,9.367940902709961,9.245484558997028,9.367940902709961,1472000,0.0,0.0
2018-01-08 00:00:00-05:00,9.411393356800703,9.411393356800703,9.314613445591002,9.39559268951416,753500,0.0,0.0
2018-01-09 00:00:00-05:00,9.490397832415136,9.490397832415136,9.411393552534044,9.478547096252441,1805500,0.0,0.0
2018-01-10 00:00:00-05:00,9.67803354455592,9.759012788833415,9.658282004007349,9.75111198425293,2180000,0.0,0.0
2018-01-11 00:00:00-05:00,9.818265914916992,9.82419081166422,9.755062307253702,9.818265914916992,883000,0.0,0.0
2018-01-12 00:00:00-05:00,9.911096763694914,9.974300376930271,9.794565307812139,9.954548835754395,1862500,0.0,0.0
2018-01-16 00:00:00-05:00,10.092805625041732,10.092805625041732,9.836041270442196,9.871593475341797,2417000,0.0,0.0
2018-01-17 00:00:00-05:00,10.053304017690937,10.221188339771434,10.053304017690937,10.177735328674316,3372500,0.0,0.0
2018-01-18 00:00:00-05:00,10.34759522603145,10.428575414299315,10.339695363043093,10.406848907470703,3499500,0.0,0.0
2018-01-19 00:00:00-05:00,10.784094806066976,10.813721176237095,10.73076696303863,10.803845405578613,3262000,0.0,0.0
2018-01-22 00:00:00-05:00,10.8492727193033,10.865073386303406,10.744592005445366,10.829521179199219,1861500,0.0,0.0
2018-01-23 00:00:00-05:00,11.060608866597203,11.074434567640365,10.983579557154481,11.040858268737793,3467500,0.0,0.0
2018-01-24 00:00:00-05:00,10.914451688879154,10.983580198129133,10.74261742771189,10.876924514770508,3150500,0.0,0.0
2018-01-25 00:00:00-05:00,10.86309832648594,10.91445120014507,10.813720418459042,10.827546119689941,2648000,0.0,0.0
2018-01-26 00:00:00-05:00,10.920376038720589,11.062583923339844,10.870999072762654,11.062583923339844,1889000,0.0,0.0
2018-01-29 00:00:00-05:00,10.863098423875906,10.880874056530637,10.762367641286804,10.809770584106445,1182500,0.0,0.0
2018-01-30 00:00:00-05:00,10.65373743180131,10.665588167990878,10.474002365032405,10.543130874633789,2499000,0.0,0.0
2018-01-31 00:00:00-05:00,11.424029723125457,11.544511109893946,11.228493987167948,11.273921966552734,9865500,0.0,0.0
2018-02-01 00:00:00-05:00,10.823595535188028,10.910500610398168,10.724839725094453,10.89272403717041,3728000,0.0,0.0
2018-02-02 00:00:00-05:00,10.51350390722902,10.570782619189083,10.369321057227541,10.373270988464355,2636000,0.0,0.0
2018-02-05 00:00:00-05:00,10.400923046933855,10.54115597454591,10.169836044311523,10.169836044311523,2731000,0.0,0.0
2018-02-06 00:00:00-05:00,9.990100620564526,10.377222146563897,9.944672642872272,10.359445571899414,3953500,0.0,0.0
2018-02-07 00:00:00-05:00,10.339694953133542,10.357470585957957,10.18761129497313,10.201436996459961,2355000,0.0,0.0
2018-02-08 00:00:00-05:00,10.043427878859259,10.043427878859259,9.6977834774341,9.737285614013672,3545500,0.0,0.0
2018-02-09 00:00:00-05:00,9.836041849000358,9.924921895574697,9.529899571000445,9.92294692993164,2631000,0.0,0.0
2018-02-12 00:00:00-05:00,9.96442415373167,10.181686387771084,9.954548383592316,10.122432708740234,2161000,0.0,0.0
2018-02-13 00:00:00-05:00,10.136257855691007,10.246864403229239,10.09478075354113,10.229087829589844,1675500,0.0,0.0
2018-02-14 00:00:00-05:00,10.130333279518354,10.432524681091309,10.080955371765945,10.432524681091309,1569000,0.0,0.0
2018-02-15 00:00:00-05:00,10.66558695344407,10.705089088975873,10.576706913046213,10.67546272277832,1617500,0.0,0.0
2018-02-16 00:00:00-05:00,10.691264340182236,10.728791513548252,10.649787235453045,10.69521427154541,1141000,0.0,0.0
2018-02-20 00:00:00-05:00,10.726816556216534,10.857173709355626,10.703115084408466,10.7149658203125,2260500,0.0,0.0
2018-02-21 00:00:00-05:00,10.979629701219281,11.021106804633131,10.9164260923864,10.92432689666748,2567000,0.0,0.0
2018-02-22 00:00:00-05:00,10.957903092421175,10.97172879342869,10.821621047946344,10.902600288391113,1222500,0.0,0.0
2018-02-23 00:00:00-05:00,11.185041242755867,11.248244851861571,11.080360530057275,11.240344047546387,1728000,0.0,0.0
2018-02-26 00:00:00-05:00,11.297621733180648,11.33712387084961,11.242318928805153,11.33712387084961,978500,0.0,0.0
2018-02-27 00:00:00-05:00,11.347000203170499,11.398353078866151,11.224543852868331,11.23046875,1387500,0.0,0.0
2018-02-28 00:00:00-05:00,11.301572120062891,11.366750691503219,11.238368514150268,11.26799488067627,795000,0.0,0.0
2018-03-01 00:00:00-05:00,11.009255974476774,11.151463857677001,10.86309816007259,10.922351837158203,1513500,0.0,0.0
2018-03-02 00:00:00-05:00,11.109987194132911,11.348974993921253,11.10011142392708,11.345025062561035,1606000,0.0,0.0
2018-03-05 00:00:00-05:00,10.784093694948512,10.967778677966146,10.754467327830888,10.957902908325195,1364000,0.0,0.0
2018-03-06 00:00:00-05:00,11.115911876706754,11.163314819335938,11.07048484152484,11.163314819335938,856000,0.0,0.0
2018-03-07 00:00:00-05:00,10.86704856623784,10.955928614848277,10.784094356497583,10.95197868347168,2398500,0.0,0.0
2018-03-08 00:00:00-05:00,11.258120059512175,11.266020864093697,11.161340147866298,11.228493690490723,1260500,0.0,0.0
2018-03-09 00:00:00-05:00,11.188991092849193,11.327249045627866,11.175165391751852,11.317373275756836,1327500,0.0,0.0
2018-03-12 00:00:00-04:00,11.242319862967664,11.303548511074087,11.153439810375843,11.179116249084473,1931000,0.0,0.0
2018-03-13 00:00:00-04:00,11.34700000859688,11.34700000859688,11.127762807794463,11.187016487121582,1091500,0.0,0.0
2018-03-14 00:00:00-04:00,11.27787111309144,11.27787111309144,11.155413827294572,11.159364700317383,544500,0.0,0.0
2018-03-15 00:00:00-04:00,11.34502469634718,11.447730442839829,11.337123892076493,11.435879707336426,2831500,0.0,0.0
2018-03-16 00:00:00-04:00,11.30749761129694,11.445755565364486,11.30749761129694,11.39835262298584,668000,0.0,0.0
2018-03-19 00:00:00-04:00,11.169240461073626,11.258119564227874,11.119862553673322,11.139613151550293,3057500,0.0,0.0
2018-03-20 00:00:00-04:00,11.123812037296467,11.289721385091449,11.123812037296467,11.26799488067627,983000,0.0,0.0
2018-03-21 00:00:00-04:00,11.289722058470325,11.321323392408901,11.236394218820685,11.262070655822754,895500,0.0,0.0
2018-03-22 00:00:00-04:00,11.412178192540987,11.412178192540987,11.151463896077011,11.159364700317383,1306500,0.0,0.0
2018-03-23 00:00:00-04:00,11.181090732836068,11.262070918829705,11.096161557264471,11.109987258911133,1197000,0.0,0.0
2018-03-26 00:00:00-04:00,11.115911699316975,11.27392119162429,11.066534733639017,11.258119583129883,1302500,0.0,0.0
2018-03-27 00:00:00-04:00,11.171215877108285,11.242319350859653,10.886800098492245,10.93222713470459,1840000,0.0,0.0
2018-03-28 00:00:00-04:00,10.8137203123241,10.89865042631342,10.707064634788178,10.746566772460938,1386000,0.0,0.0
2018-03-29 00:00:00-04:00,10.843346719651803,10.979629707292991,10.805820489260363,10.963829040527344,825500,0.0,0.0
2018-04-02 00:00:00-04:00,11.056659005029397,11.056659005029397,10.813720339733274,10.884824752807617,2016000,0.0,0.0
2018-04-03 00:00:00-04:00,10.756442367968342,10.829520803485453,10.709039426807333,10.82162094116211,892000,0.0,0.0
2018-04-04 00:00:00-04:00,10.50362826945694,10.602384086061555,10.391047693349579,10.592508316040039,2395000,0.0,0.0
2018-04-05 00:00:00-04:00,10.50165328703229,10.556956092175975,10.468076987540169,10.47400188446045,1559500,0.0,0.0
2018-04-06 00:00:00-04:00,10.416723589059165,10.46610055299053,10.132307831493875,10.227112770080566,2647000,0.0,0.0
2018-04-09 00:00:00-04:00,10.414748010405802,10.566831663496611,10.414748010405802,10.450300216674805,1290500,0.0,0.0
2018-04-10 00:00:00-04:00,10.418699064913486,10.434499731817658,10.329819018595288,10.414748191833496,2725500,0.0,0.0
2018-04-11 00:00:00-04:00,10.349569702600677,10.373271174056116,10.278466230039632,10.317968368530273,1338500,0.0,0.0
2018-04-12 00:00:00-04:00,10.387097268796149,10.440425110687771,10.339695265895433,10.4246244430542,1296500,0.0,0.0
2018-04-13 00:00:00-04:00,10.402898395386686,10.448325430450382,10.327844050354214,10.35549545288086,951500,0.0,0.0
2018-04-16 00:00:00-04:00,10.365371395568156,10.365371395568156,10.201437001508578,10.240939140319824,1870000,0.0,0.0
2018-04-17 00:00:00-04:00,10.223162841121319,10.274515712409189,10.173784935374487,10.207362174987793,9054000,0.0,0.0
2018-04-18 00:00:00-04:00,10.207362465906977,10.2508145344639,10.171810259739361,10.233038902282715,1096000,0.0,0.0
2018-04-19 00:00:00-04:00,10.12243222718907,10.148108663246727,10.02762728705511,10.112556457519531,1227000,0.0,0.0
2018-04-20 00:00:00-04:00,10.547081657922535,10.547081657922535,10.412773629521672,10.521405220031738,3107000,0.0,0.0
2018-04-23 00:00:00-04:00,10.590533533129125,10.596458430161105,10.477952013273981,10.55695629119873,1575500,0.0,0.0
2018-04-24 00:00:00-04:00,10.509553966525093,10.517453828991602,10.207362565660253,10.274516105651855,2871500,0.0,0.0
2018-04-25 00:00:00-04:00,10.474002067176821,10.515479171758143,10.34956981162758,10.43844985961914,2257000,0.0,0.0
2018-04-26 00:00:00-04:00,10.128356764100527,10.183660507202148,10.01380123050228,10.183660507202148,3883000,0.0,0.0
2018-04-27 00:00:00-04:00,10.43844966046079,10.468076970429564,10.333768947264812,10.35549545288086,2014000,0.0,0.0
2018-04-30 00:00:00-04:00,10.369320681520943,10.412772748967274,10.34561921134832,10.365370750427246,607500,0.0,0.0
2018-05-01 00:00:00-04:00,10.369320892142497,10.468076705932617,10.321917950834402,10.468076705932617,1415500,0.0,0.0
2018-05-02 00:00:00-04:00,10.294266703623384,10.448325323383372,10.272541140035228,10.274516105651855,1488500,0.0,0.0
2018-05-03 00:00:00-04:00,10.300193029035013,10.389073078620232,10.274516591194956,10.383147239685059,837000,0.0,0.0
2018-05-04 00:00:00-04:00,10.32389396326772,10.551031018768679,10.32389396326772,10.549056053161621,938500,0.0,0.0
2018-05-07 00:00:00-04:00,10.507579145674306,10.594483284834741,10.485852639981564,10.572757720947266,963500,0.0,0.0
2018-05-08 00:00:00-04:00,10.655711854718556,10.760392567556092,10.596458176789168,10.748541831970215,2386000,0.0,0.0
2018-05-09 00:00:00-04:00,10.442400746067264,10.517454150821985,10.389072905565493,10.497703552246094,2358500,0.0,0.0
2018-05-10 00:00:00-04:00,10.22908747081922,10.353519714709794,10.22908747081922,10.300191879272461,2719500,0.0,0.0
2018-05-11 00:00:00-04:00,10.389071934622539,10.454250504900491,10.389071934622539,10.398946762084961,1570000,0.0,0.0
2018-05-14 00:00:00-04:00,10.37919624260886,10.39697187397872,10.314017671845775,10.321917533874512,866000,0.0,0.0
2018-05-15 00:00:00-04:00,10.270565138738757,10.321918011522714,10.254764472144904,10.272541046142578,1018500,0.0,0.0
2018-05-16 00:00:00-04:00,10.199462327811615,10.321918679090368,10.199462327811615,10.30611801147461,643000,0.0,0.0
2018-05-17 00:00:00-04:00,10.351545237396792,10.406848040931695,10.333768663542546,10.3693208694458,336000,0.0,0.0
2018-05-18 00:00:00-04:00,10.199461250964363,10.199461250964363,10.104656313473907,10.1066312789917,2183500,0.0,0.0
2018-05-21 00:00:00-04:00,9.903196050688386,9.928872489371912,9.85381813909617,9.857769012451172,1395000,0.0,0.0
2018-05-22 00:00:00-04:00,9.871593266682941,9.895294736115023,9.826165293303921,9.828140258789062,1270000,0.0,0.0
2018-05-23 00:00:00-04:00,9.681983763634562,9.731361674667914,9.668158061561861,9.717535972595215,1677500,0.0,0.0
2018-05-24 00:00:00-04:00,9.559526608620029,9.606928608118212,9.401518060015606,9.464720726013184,3962500,0.0,0.0
2018-05-25 00:00:00-04:00,9.537800307609063,9.585203249926634,9.506198973934186,9.527924537658691,1803500,0.0,0.0
2018-05-29 00:00:00-04:00,9.510148537444245,9.599028579950161,9.510148537444245,9.559526443481445,1732000,0.0,0.0
2018-05-30 00:00:00-04:00,10.094781209006692,10.197486957138583,10.03355256489608,10.14020824432373,2456500,0.0,0.0
2018-05-31 00:00:00-04:00,10.136258310720207,10.1836612534796,10.073054700976105,10.080955505371094,1594000,0.0,0.0
2018-06-01 00:00:00-04:00,9.76296255656536,9.946647548283627,9.749136855135236,9.885419845581055,3002000,0.0,0.0
2018-06-04 00:00:00-04:00,9.259310434492807,9.344239607908778,9.251409630121554,9.292886734008789,4798000,0.0,0.0
2018-06-05 00:00:00-04:00,9.225732425731941,9.24350805683202,9.196106059963414,9.23758316040039,2269000,0.0,0.0
2018-06-06 00:00:00-04:00,8.89391384496281,8.943291749704185,8.868237409841711,8.90576457977295,3632000,0.0,0.0
2018-06-07 00:00:00-04:00,9.198081387273326,9.231657685317094,9.119077114245936,9.146728515625,2575000,0.0,0.0
2018-06-08 00:00:00-04:00,9.304738143966329,9.389668265342348,9.304738143966329,9.385717391967773,1730500,0.0,0.0
2018-06-11 00:00:00-04:00,9.381766610086263,9.466696723764679,9.324488840302276,9.407443046569824,1885000,0.0,0.0
2018-06-12 00:00:00-04:00,9.391642846927892,9.606929177529807,9.288937095886505,9.298812866210938,4250500,0.0,0.0
2018-06-13 00:00:00-04:00,8.72405492133775,8.77540779365732,8.700354392563918,8.755657196044922,4400000,0.0,0.0
2018-06-14 00:00:00-04:00,8.45741595349948,8.481117424699748,8.378411677368758,8.406063079833984,4810000,0.0,0.0
2018-06-15 00:00:00-04:00,8.417914106129903,8.500868316390239,8.411988267222569,8.490992546081543,5536500,0.0,0.0
2018-06-18 00:00:00-04:00,8.257930171170003,8.265830033579027,8.14534865559418,8.226327896118164,4614500,0.0,0.0
2018-06-19 00:00:00-04:00,8.011041830708491,8.10387180959594,8.011041830708491,8.074244499206543,3224000,0.0,0.0
2018-06-20 00:00:00-04:00,8.250029376094142,8.301382249030672,8.202626434366499,8.246079444885254,3649000,0.0,0.0
2018-06-21 00:00:00-04:00,8.19867657567656,8.253979380311142,8.147323702285803,8.149298667907715,1423000,0.0,0.0
2018-06-22 00:00:00-04:00,8.293482300315443,8.293482300315443,8.174975875577145,8.18485164642334,843500,0.0,0.0
2018-06-25 00:00:00-04:00,8.17695054136569,8.17695054136569,8.005116278890178,8.040668487548828,1165500,0.0,0.0
2018-06-26 00:00:00-04:00,8.058443840552153,8.133498186729074,8.054493909218191,8.093996047973633,851500,0.0,0.0
2018-06-27 00:00:00-04:00,8.005115970109829,8.011041808893683,7.880684186409555,7.8866095542907715,2391000,0.0,0.0
2018-06-28 00:00:00-04:00,8.022891072218155,8.10782118259745,8.005115440652819,8.101896286010742,1832000,0.0,0.0
2018-06-29 00:00:00-04:00,8.068318744483603,8.125596509897848,8.038692379049007,8.05646800994873,2693000,0.0,0.0
2018-07-02 00:00:00-04:00,7.943887144345328,7.979439350821266,7.9063599722549345,7.951787948608398,1358500,0.0,0.0
2018-07-03 00:00:00-04:00,8.09597081976374,8.127572153289215,8.050543785095215,8.050543785095215,775000,0.0,0.0
2018-07-05 00:00:00-04:00,7.781928734338458,7.870808309545858,7.74045115973255,7.815505504608154,1928000,0.0,0.0
2018-07-06 00:00:00-04:00,7.762177659524158,7.781928728544723,7.7147747171526975,7.776003360748291,2274000,0.0,0.0
2018-07-09 00:00:00-04:00,8.005116561086014,8.097946546573835,7.96956435117408,8.086095809936523,1626000,0.0,0.0
2018-07-10 00:00:00-04:00,7.89846009914141,7.924136535705184,7.839206892664076,7.90241003036499,1223000,0.0,0.0
2018-07-11 00:00:00-04:00,7.900434866106256,7.900434866106256,7.823405558351744,7.839206695556641,1150500,0.0,0.0
2018-07-12 00:00:00-04:00,7.843157011820015,7.900435254058021,7.843157011820015,7.896484851837158,1089500,0.0,0.0
2018-07-13 00:00:00-04:00,7.9438873361165,8.020916647771283,7.9438873361165,7.965613842010498,1048000,0.0,0.0
2018-07-16 00:00:00-04:00,8.196701448406642,8.311257928465707,8.196701448406642,8.303357124328613,2672500,0.0,0.0
2018-07-17 00:00:00-04:00,8.22830333878637,8.25595474243164,8.200651935141098,8.25595474243164,1669000,0.0,0.0
2018-07-18 00:00:00-04:00,8.028817466848741,8.084120272710257,8.02091666238055,8.05449390411377,2596000,0.0,0.0
2018-07-19 00:00:00-04:00,8.107822236230975,8.226328659612271,8.068320095103877,8.182876586914062,2835000,0.0,0.0
2018-07-20 00:00:00-04:00,8.202626709394629,8.23225401987041,8.165099536236193,8.212502479553223,475000,0.0,0.0
2018-07-23 00:00:00-04:00,8.05646811432881,8.107820984043535,8.05646811432881,8.078194618225098,582000,0.0,0.0
2018-07-24 00:00:00-04:00,8.192751126371883,8.259905611540018,8.192751126371883,8.216452598571777,1712000,0.0,0.0
2018-07-25 00:00:00-04:00,8.24607945747512,8.334958560642276,8.202626446890022,8.32508373260498,914500,0.0,0.0
2018-07-26 00:00:00-04:00,8.338909715635056,8.384336751558438,8.32508401411009,8.331008911132812,1049000,0.0,0.0
2018-07-27 00:00:00-04:00,8.419889156724544,8.429764927132812,8.319158370531873,8.354710578918457,1024500,0.0,0.0
2018-07-30 00:00:00-04:00,8.31520841036559,8.364586320431052,7.995240419602278,8.13744831085205,8712000,0.0,0.0
2018-07-31 00:00:00-04:00,8.394212446533226,8.483092493714773,8.285581800980928,8.427789688110352,2839000,0.0,0.0
2018-08-01 00:00:00-04:00,8.568020838886929,8.650975981073554,8.568020838886929,8.647025108337402,2042000,0.0,0.0
2018-08-02 00:00:00-04:00,8.4732170144553,8.522594924784888,8.398162666098745,8.51271915435791,846500,0.0,0.0
2018-08-03 00:00:00-04:00,8.498893083273225,8.544321060180664,8.419888806900108,8.544321060180664,825500,0.0,0.0
2018-08-06 00:00:00-04:00,8.15917426345242,8.228302767768298,8.113746287898245,8.224352836608887,2100000,0.0,0.0
2018-08-07 00:00:00-04:00,8.291505907639609,8.319157307806206,8.275705242088007,8.29348087310791,1367500,0.0,0.0
2018-08-08 00:00:00-04:00,8.283605952723487,8.287556825870093,8.212502479553223,8.212502479553223,2019000,0.0,0.0
2018-08-09 00:00:00-04:00,8.297432891729093,8.311258593721728,8.273731419225916,8.277681350708008,1124500,0.0,0.0
2018-08-10 00:00:00-04:00,8.111771009401094,8.111771009401094,8.058443173585255,8.080169677734375,1496000,0.0,0.0
2018-08-13 00:00:00-04:00,7.9517876720764535,8.05054348380686,7.9517876720764535,8.005115509033203,1278000,0.0,0.0
2018-08-14 00:00:00-04:00,7.975489518139631,8.014991656332578,7.949813081223953,7.963638782501221,1279000,0.0,0.0
2018-08-15 00:00:00-04:00,7.758227241151034,7.762177643307947,7.6653972640385755,7.6871232986450195,2434500,0.0,0.0
2018-08-16 00:00:00-04:00,7.712799742797799,7.742426581746452,7.671322639172314,7.716750144958496,1081000,0.0,0.0
2018-08-17 00:00:00-04:00,7.801679731149452,7.965613649714832,7.801679731149452,7.951787948608398,823000,0.0,0.0
2018-08-20 00:00:00-04:00,8.216452700095568,8.259905713600721,8.196702100888482,8.238179206848145,1123500,0.0,0.0
2018-08-21 00:00:00-04:00,8.662827533747011,8.662827533747011,8.252004540364272,8.329033851623535,712500,0.0,0.0
2018-08-22 00:00:00-04:00,8.443589682264838,8.453465451565808,8.39421177756518,8.433713912963867,670000,0.0,0.0
2018-08-23 00:00:00-04:00,8.364586156487832,8.364586156487832,8.281631005498268,8.311258316040039,1582500,0.0,0.0
2018-08-24 00:00:00-04:00,8.415938281666277,8.441614716765683,8.364585411467464,8.433713912963867,647500,0.0,0.0
2018-08-27 00:00:00-04:00,8.631225687350414,8.660852999020209,8.631225687350414,8.652952194213867,930000,0.0,0.0
2018-08-28 00:00:00-04:00,8.57592230298502,8.635175980538587,8.57592230298502,8.601598739624023,966000,0.0,0.0
2018-08-29 00:00:00-04:00,8.704304882732844,8.72998132054162,8.682578376339173,8.70825481414795,1023000,0.0,0.0
2018-08-30 00:00:00-04:00,8.781333739119598,8.844537347498221,8.755657302647196,8.836636543273926,2815000,0.0,0.0
2018-08-31 00:00:00-04:00,8.889964482210708,8.937367424481272,8.866263011075425,8.878113746643066,1680500,0.0,0.0
2018-09-04 00:00:00-04:00,8.824786567125381,8.824786567125381,8.728006651528355,8.753683090209961,1236000,0.0,0.0
2018-09-05 00:00:00-04:00,8.708254804910574,8.710229770616031,8.528519740439794,8.569997787475586,3692500,0.0,0.0
2018-09-06 00:00:00-04:00,8.51271867300576,8.51469363861842,8.431739432055178,8.502842903137207,1428500,0.0,0.0
2018-09-07 00:00:00-04:00,8.516668907638696,8.635176266672673,8.516668907638696,8.587773323059082,1071000,0.0,0.0
2018-09-10 00:00:00-04:00,8.627275176263026,8.629250141880604,8.587773038495733,8.601598739624023,263000,0.0,0.0
2018-09-11 00:00:00-04:00,8.643075572239463,8.718129914187601,8.627274905988598,8.694428443908691,975500,0.0,0.0
2018-09-12 00:00:00-04:00,8.692453409442088,8.797134117506376,8.680602674396582,8.79120922088623,1315500,0.0,0.0
2018-09-13 00:00:00-04:00,8.601599220399596,8.700355041240288,8.597649288943666,8.611474990844727,1734000,0.0,0.0
2018-09-14 00:00:00-04:00,8.435688880171393,8.469266119079416,8.346808840055049,8.413963317871094,1724500,0.0,0.0
2018-09-17 00:00:00-04:00,8.433714194796242,8.471241365949831,8.410012724403948,8.4396390914917,730500,0.0,0.0
2018-09-18 00:00:00-04:00,8.595673582955913,8.761581991480593,8.595673582955913,8.714179992675781,2258500,0.0,0.0
2018-09-19 00:00:00-04:00,8.789233604290084,8.838611511645583,8.753682339782742,8.816885948181152,1287000,0.0,0.0
2018-09-20 00:00:00-04:00,9.205981621637005,9.253384564091753,9.036122333581174,9.115126609802246,4945000,0.0,0.0
2018-09-21 00:00:00-04:00,9.16253012961353,9.16845596869641,9.079575916895807,9.126977920532227,1739500,0.0,0.0
2018-09-24 00:00:00-04:00,9.16252935949148,9.168455198076284,9.040073016466689,9.051923751831055,1838000,0.0,0.0
2018-09-25 00:00:00-04:00,9.14475363701633,9.14475363701633,9.083524995206126,9.109201431274414,1065500,0.0,0.0
2018-09-26 00:00:00-04:00,8.976870253969153,9.08550090626806,8.976870253969153,9.030198097229004,696500,0.0,0.0
2018-09-27 00:00:00-04:00,9.038098223693671,9.038098223693671,8.947243212033097,8.996620178222656,1082000,0.0,0.0
2018-09-28 00:00:00-04:00,8.996619413984767,9.026246721348059,8.966993048426657,8.980818748474121,851000,0.0,0.0
2018-10-01 00:00:00-04:00,9.095376122396996,9.180305296556398,9.095376122396996,9.156604766845703,770500,0.0,0.0
2018-10-02 00:00:00-04:00,9.146729563027538,9.184256738283612,9.10525245620935,9.148704528808594,634000,0.0,0.0
2018-10-03 00:00:00-04:00,9.036122803200998,9.036122803200998,8.97292013238362,8.986745834350586,629000,0.0,0.0
2018-10-04 00:00:00-04:00,8.874164280616593,8.887989982536109,8.652952108099022,8.729981422424316,2136500,0.0,0.0
2018-10-05 00:00:00-04:00,8.92156676356493,8.965018832804871,8.854412281368761,8.91761589050293,693500,0.0,0.0
2018-10-08 00:00:00-04:00,8.887988751446478,8.933415782374059,8.807009516876546,8.862312316894531,804500,0.0,0.0
2018-10-09 00:00:00-04:00,8.726030545827104,8.797134013453912,8.690478341111097,8.769482612609863,772000,0.0,0.0
2018-10-10 00:00:00-04:00,8.690478772626573,8.741831645831159,8.51271868202528,8.522594451904297,1462000,0.0,0.0
2018-10-11 00:00:00-04:00,8.415939136017483,8.548271255946633,8.380386928007992,8.45149040222168,2466000,0.0,0.0
2018-10-12 00:00:00-04:00,8.64307632985077,8.785284222184274,8.607524121316068,8.710229873657227,2565000,0.0,0.0
2018-10-15 00:00:00-04:00,8.682578466077992,8.682578466077992,8.581847679509334,8.611474990844727,1349000,0.0,0.0
2018-10-16 00:00:00-04:00,8.700354677876177,8.805035391528849,8.700354677876177,8.801084518432617,1130000,0.0,0.0
2018-10-17 00:00:00-04:00,8.749732013649572,8.801084889820151,8.654927066029005,8.710229873657227,744500,0.0,0.0
2018-10-18 00:00:00-04:00,8.690478585705074,8.747756354521945,8.552220635788355,8.577897071838379,512000,0.0,0.0
2018-10-19 00:00:00-04:00,8.39618719068071,8.39618719068071,8.240153606266675,8.246079444885254,2210500,0.0,0.0
2018-10-22 00:00:00-04:00,8.352734926983873,8.352734926983873,8.25990495310527,8.281630516052246,538000,0.0,0.0
2018-10-23 00:00:00-04:00,8.167075160829492,8.2559542637625,8.113746380542342,8.226327896118164,874000,0.0,0.0
2018-10-24 00:00:00-04:00,8.151273789774566,8.151273789774566,7.90636015366297,7.91623592376709,1329500,0.0,0.0
2018-10-25 00:00:00-04:00,7.862907619766104,7.981414028607026,7.827355885474872,7.9359869956970215,3442500,0.0,0.0
2018-10-26 00:00:00-04:00,7.643670853462038,7.7266255325664375,7.588368047994195,7.67922306060791,779500,0.0,0.0
2018-10-29 00:00:00-04:00,7.72267518480117,7.72267518480117,7.416533392877817,7.533064365386963,2951500,0.0,0.0
2018-10-30 00:00:00-04:00,7.5745424974999604,7.6041688664756615,7.26050034930272,7.38690710067749,5231500,0.0,0.0
2018-10-31 00:00:00-04:00,7.60614416114353,7.789829152253895,7.540965585530005,7.728600978851318,2656000,0.0,0.0
2018-11-01 00:00:00-04:00,7.75230160150887,7.78587837050595,7.667371960785924,7.7799530029296875,1341000,0.0,0.0
2018-11-02 00:00:00-04:00,7.835256756211383,7.8530328600281125,7.683173568186403,7.750327110290527,774500,0.0,0.0
2018-11-05 00:00:00-05:00,7.655521394185333,7.69897393373375,7.621944624448992,7.645646095275879,1067000,0.0,0.0
2018-11-06 00:00:00-05:00,7.647620973790981,7.726625247777455,7.647620973790981,7.683173179626465,774000,0.0,0.0
2018-11-07 00:00:00-05:00,7.862907907771305,7.97351445849063,7.862907907771305,7.961663722991943,892000,0.0,0.0
2018-11-08 00:00:00-05:00,8.08214578919173,8.125597861845764,8.046593579671883,8.064370155334473,443000,0.0,0.0
2018-11-09 00:00:00-05:00,7.870808141733471,7.935987186153082,7.841181774263541,7.920186519622803,5399000,0.0,0.0
2018-11-12 00:00:00-05:00,7.856982490066276,7.856982490066276,7.683173273532727,7.685148239135742,1904000,0.0,0.0
2018-11-13 00:00:00-05:00,7.637745949492661,7.726625525470445,7.63577051294017,7.649596214294434,1045500,0.0,0.0
2018-11-14 00:00:00-05:00,7.724650466517004,7.724650466517004,7.588367949367704,7.6377458572387695,982500,0.0,0.0
2018-11-15 00:00:00-05:00,7.564666470877183,7.65354651659748,7.527139769506565,7.608119010925293,2120500,0.0,0.0
2018-11-16 00:00:00-05:00,6.942507295845285,7.169644815447971,6.904980125019057,7.110391139984131,3058000,0.0,0.0
2018-11-19 00:00:00-05:00,7.264450152774527,7.264450152774527,7.110391529925036,7.138043403625488,1865000,0.0,0.0
2018-11-20 00:00:00-05:00,6.764747611909687,6.794374451396294,6.695619104612001,6.705494403839111,2822000,0.0,0.0
2018-11-21 00:00:00-05:00,6.816100702934756,6.918806455213974,6.7370964229977135,6.877329349517822,2727500,0.0,0.0
2018-11-23 00:00:00-05:00,6.903004938386737,6.940532110571066,6.833876432681529,6.918806076049805,924000,0.0,0.0
2018-11-26 00:00:00-05:00,7.132118034120354,7.179520506177555,7.098541263458893,7.147918701171875,1350500,0.0,0.0
2018-11-27 00:00:00-05:00,7.151869194853225,7.151869194853225,7.0728649167799365,7.130142688751221,912500,0.0,0.0
2018-11-28 00:00:00-05:00,7.327653422359799,7.406657695770264,7.307902354007183,7.406657695770264,2595000,0.0,0.0
2018-11-29 00:00:00-05:00,7.568616965264107,7.621944804985122,7.55874119521811,7.580467700958252,1235500,0.0,0.0
2018-11-30 00:00:00-05:00,7.49553794261546,7.49553794261546,7.436284735946489,7.479736804962158,1539500,0.0,0.0
2018-12-03 00:00:00-05:00,7.604168889655028,7.604168889655028,7.5251646109421415,7.584417819976807,1787000,0.0,0.0
2018-12-04 00:00:00-05:00,7.256550099587764,7.256550099587764,7.053114031154675,7.055088996887207,5241500,0.0,0.0
2018-12-06 00:00:00-05:00,6.972134120648209,7.049163432908361,6.849677301483556,7.0313873291015625,3329000,0.0,0.0
2018-12-07 00:00:00-05:00,7.185445865945779,7.209147337398973,7.041263013378326,7.08866548538208,1379000,0.0,0.0
2018-12-10 00:00:00-05:00,7.147918327921462,7.224947635306242,7.076814388097252,7.169644832611084,2994500,0.0,0.0
2018-12-11 00:00:00-05:00,7.246673745173608,7.246673745173608,7.0294119923147145,7.08273983001709,3923000,0.0,0.0
2018-12-12 00:00:00-05:00,7.110391614396244,7.157794557930086,7.088665579211661,7.090640544891357,5399000,0.0,0.0
2018-12-13 00:00:00-05:00,7.090640260447765,7.143968569784053,7.0708891917351995,7.104465961456299,1705000,0.0,0.0
2018-12-14 00:00:00-05:00,6.9227564812124,6.976084320180442,6.9227564812124,6.938557147979736,1779000,0.0,0.0
2018-12-17 00:00:00-05:00,6.887204262505474,6.942507537899029,6.827951055878353,6.85955286026001,2440000,0.0,0.0
2018-12-18 00:00:00-05:00,6.833876507186638,6.8536275763038335,6.77659826547598,6.812150001525879,1217500,0.0,0.0
2018-12-19 00:00:00-05:00,6.610688565545271,6.650191172634922,6.438854320221895,6.470456123352051,3368000,0.0,0.0
2018-12-20 00:00:00-05:00,6.642290981286576,6.729196065635317,6.614639577585909,6.699569225311279,3720500,0.0,0.0
2018-12-21 00:00:00-05:00,6.411203367937445,6.486257243586512,6.302572250366211,6.302572250366211,2786000,0.0,0.0
2018-12-24 00:00:00-05:00,6.330223840268636,6.363800612279074,6.197891717962014,6.227518558502197,1226000,0.0,0.0
2018-12-26 00:00:00-05:00,6.324298212858712,6.474406904237508,6.286771510916648,6.458605766296387,2588500,0.0,0.0
2018-12-27 00:00:00-05:00,6.430954368833328,6.49810791015625,6.3460247239004675,6.49810791015625,1193500,0.0,0.0
2018-12-28 00:00:00-05:00,6.547485917490541,6.559336653409178,6.48033190425248,6.509958744049072,1310000,0.0,0.0
2018-12-31 00:00:00-05:00,6.577112192579749,6.577112192579749,6.413178270450395,6.537610054016113,1491000,0.0,0.0
2019-01-02 00:00:00-05:00,6.464530970274067,6.632415290089334,6.405277764027965,6.622539520263672,1034500,0.0,0.0
2019-01-03 00:00:00-05:00,6.585012525844946,6.644265729450726,6.525758851336564,6.567236423492432,1054000,0.0,0.0
2019-01-04 00:00:00-05:00,6.440829690254449,6.671917625273674,6.421078620920531,6.646241188049316,2001500,0.0,0.0
2019-01-07 00:00:00-05:00,6.699569142788775,6.847702400779013,6.699569142788775,6.79634952545166,1224500,0.0,0.0
2019-01-08 00:00:00-05:00,6.901030058061244,6.901030058061244,6.812150011453024,6.861527919769287,1207000,0.0,0.0
2019-01-09 00:00:00-05:00,6.972134118216506,7.023486993038697,6.962258818929046,7.011636257171631,1493500,0.0,0.0
2019-01-10 00:00:00-05:00,6.827951156389063,6.910905835249215,6.776598282375762,6.891154766082764,1717000,0.0,0.0
2019-01-11 00:00:00-05:00,6.883253957343825,6.9030050264977945,6.839801887746673,6.881278991699219,724500,0.0,0.0
2019-01-14 00:00:00-05:00,6.889179159915072,7.080764949924973,6.889179159915072,7.0155863761901855,3169000,0.0,0.0
2019-01-15 00:00:00-05:00,7.151868929809714,7.276300710254048,7.110391355726519,7.252599239349365,3480500,0.0,0.0
2019-01-16 00:00:00-05:00,7.276300710254048,7.311852445708446,7.250624273741517,7.252599239349365,2530500,0.0,0.0
2019-01-17 00:00:00-05:00,7.4915878328544405,7.576517479484819,7.450110727838202,7.525164604187012,1465000,0.0,0.0
2019-01-18 00:00:00-05:00,7.683173661180222,7.770078273831689,7.683173661180222,7.752302169799805,2098000,0.0,0.0
2019-01-22 00:00:00-05:00,7.564666455861061,7.625895099112213,7.4896125823661786,7.509363651275635,3001500,0.0,0.0
2019-01-23 00:00:00-05:00,7.568617056456063,7.641695966246944,7.5113388138459944,7.562691688537598,1455000,0.0,0.0
2019-01-24 00:00:00-05:00,7.659471606916469,7.665396974476691,7.604168333321937,7.651571273803711,819000,0.0,0.0
2019-01-25 00:00:00-05:00,7.665397542063698,7.665397542063698,7.629845334069892,7.643671035766602,1791500,0.0,0.0
2019-01-28 00:00:00-05:00,7.371105943055328,7.396781908038532,7.236798396044696,7.3079023361206055,2349000,0.0,0.0
2019-01-29 00:00:00-05:00,7.535040472358921,7.576517577914004,7.52318973622814,7.537015438079834,2326500,0.0,0.0
2019-01-30 00:00:00-05:00,7.505413547896865,7.653546806065763,7.505413547896865,7.643671035766602,2142000,0.0,0.0
2019-01-31 00:00:00-05:00,7.424434173026879,7.4264091386909685,7.262475216005607,7.355305194854736,3848000,0.0,0.0
2019-02-01 00:00:00-05:00,6.9602835725248235,7.045213220689134,6.9523832386984665,6.995835781097412,2864000,0.0,0.0
2019-02-04 00:00:00-05:00,7.219022568849516,7.254574775695801,7.064963947654205,7.254574775695801,1104000,0.0,0.0
2019-02-05 00:00:00-05:00,7.066939452106377,7.084715084797716,7.029412279264421,7.078790187835693,1112500,0.0,0.0
2019-02-06 00:00:00-05:00,6.654141324442117,6.691668496335436,6.620564554659588,6.622539520263672,2716500,0.0,0.0
2019-02-07 00:00:00-05:00,6.55538625821973,6.573162362116896,6.5040333831185695,6.569211959838867,1725500,0.0,0.0
2019-02-08 00:00:00-05:00,6.409227677757016,6.511933423331212,6.409227677757016,6.494157791137695,1380000,0.0,0.0
2019-02-11 00:00:00-05:00,6.513909134945471,6.513909134945471,6.3242983023837445,6.440829753875732,2630000,0.0,0.0
2019-02-12 00:00:00-05:00,6.537610054016113,6.5652614568301315,6.533660122701331,6.537610054016113,2232000,0.0,0.0
2019-02-13 00:00:00-05:00,6.691668795524054,6.695619197811468,6.648216253973073,6.67784309387207,1317000,0.0,0.0
2019-02-14 00:00:00-05:00,6.6264901170535735,6.683768359378365,6.569211874728782,6.656116485595703,1944500,0.0,0.0
2019-02-15 00:00:00-05:00,6.541560096643022,6.650191207172872,6.541560096643022,6.6482157707214355,932500,0.0,0.0
2019-02-19 00:00:00-05:00,6.54353505106758,6.598838324464206,6.525758948450528,6.588962554931641,1590000,0.0,0.0
2019-02-20 00:00:00-05:00,6.57711220215292,6.6403158123077874,6.56921186860922,6.5869879722595215,2022000,0.0,0.0
2019-02-21 00:00:00-05:00,6.6541414636539065,6.991885075954482,6.6166142909754795,6.90103006362915,8966000,0.0,0.0
2019-02-22 00:00:00-05:00,6.879304045098152,7.118292312154599,6.84375183798101,7.01953649520874,9453000,0.0,0.0
2019-02-25 00:00:00-05:00,6.895104778607224,6.910905916668122,6.786474132363254,6.794374465942383,8402000,0.0,0.0
2019-02-26 00:00:00-05:00,6.788448823891014,6.873378465967839,6.7805484906309275,6.867453098297119,3368500,0.0,0.0
2019-02-27 00:00:00-05:00,7.0215118423056415,7.0787900835517625,6.96423360105952,7.027437210083008,4427000,0.0,0.0
2019-02-28 00:00:00-05:00,6.794374459149321,6.814125528528717,6.733145814441344,6.764747619628906,4732500,0.0,0.0
2019-03-01 00:00:00-05:00,6.8398016931109415,6.86350269287968,6.780548487335163,6.8477020263671875,2462500,0.0,0.0
2019-03-04 00:00:00-05:00,6.725245082839953,6.743021185500131,6.620564374234362,6.6580915451049805,3426500,0.0,0.0
2019-03-05 00:00:00-05:00,6.711419774304216,6.741046613802158,6.665992267675796,6.725245475769043,1389000,0.0,0.0
2019-03-06 00:00:00-05:00,6.824000837939793,6.87140378124312,6.824000837939793,6.843751907348633,744500,0.0,0.0
2019-03-07 00:00:00-05:00,6.748947038727018,6.748947038727018,6.660066989932672,6.67784309387207,1333000,0.0,0.0
2019-03-08 00:00:00-05:00,6.573162269180766,6.602788637687853,6.529709728347383,6.596863269805908,892500,0.0,0.0
2019-03-11 00:00:00-04:00,6.586987795658396,6.677842806231651,6.547485658096339,6.67191743850708,1148500,0.0,0.0
2019-03-12 00:00:00-04:00,6.784498593307017,6.808200064589018,6.735121156006357,6.772647857666016,2057000,0.0,0.0
2019-03-13 00:00:00-04:00,6.873378469289563,6.897079939983897,6.8200506311299325,6.887204170227051,1412000,0.0,0.0
2019-03-14 00:00:00-04:00,6.699569035941789,6.723270507531075,6.695619104612001,6.705494403839111,1084500,0.0,0.0
2019-03-15 00:00:00-04:00,6.873378473900362,6.908930209063092,6.8536274052760415,6.897079944610596,1634500,0.0,0.0
2019-03-18 00:00:00-04:00,7.061014082621777,7.104466152415786,7.0511383125487335,7.08866548538208,1440000,0.0,0.0
2019-03-19 00:00:00-04:00,6.970159337218849,6.985960004858493,6.865478619123915,6.936582565307617,2961500,0.0,0.0
2019-03-20 00:00:00-04:00,6.721295548679037,6.7963494239501205,6.713394744206174,6.735121250152588,2228000,0.0,0.0
2019-03-21 00:00:00-04:00,6.7311706680470715,6.818075276802562,6.727220265916202,6.800299644470215,2510000,0.0,0.0
2019-03-22 00:00:00-04:00,6.794374458283224,6.831901631370085,6.7173451464426055,6.735121250152588,1034500,0.0,0.0
2019-03-25 00:00:00-04:00,6.8832538664637415,6.946457475283014,6.853627498575263,6.899055004119873,2370500,0.0,0.0
2019-03-26 00:00:00-04:00,7.134093097577001,7.179520604601184,7.11039162577216,7.159769535064697,3360000,0.0,0.0
2019-03-27 00:00:00-04:00,7.108416174436206,7.149893276358284,7.066939072514129,7.110391139984131,2701000,0.0,0.0
2019-03-28 00:00:00-04:00,7.130142599195281,7.138043403625488,7.078790195814753,7.138043403625488,789000,0.0,0.0
2019-03-29 00:00:00-04:00,7.070889188524112,7.098541061431245,7.033362487619116,7.084714889526367,1616500,0.0,0.0
2019-04-01 00:00:00-04:00,7.126192474456643,7.138043209877653,7.080764969277855,7.134092807769775,1241000,0.0,0.0
2019-04-02 00:00:00-04:00,7.128167816585114,7.1419935183390555,7.072865009569347,7.10249137878418,695500,0.0,0.0
2019-04-03 00:00:00-04:00,7.185445697917257,7.256549639711471,7.17754536458515,7.222972869873047,1474500,0.0,0.0
2019-04-04 00:00:00-04:00,7.20717201256388,7.20717201256388,7.153844171870172,7.1992716789245605,584500,0.0,0.0
2019-04-05 00:00:00-04:00,7.3079025376615405,7.420483583010457,7.2822261010676055,7.3809814453125,2277500,0.0,0.0
2019-04-08 00:00:00-04:00,7.23877372728125,7.254574865264454,7.199271588677195,7.246674060821533,943500,0.0,0.0
2019-04-09 00:00:00-04:00,7.298026376975865,7.3493792474137845,7.298026376975865,7.323702812194824,1356500,0.0,0.0
2019-04-10 00:00:00-04:00,7.323703290574998,7.327653692752338,7.298026853678867,7.313827991485596,1092000,0.0,0.0
2019-04-11 00:00:00-04:00,7.254574963342131,7.307902804088303,7.240748790831417,7.2585248947143555,634000,0.0,0.0
2019-04-12 00:00:00-04:00,7.465910919817947,7.511338424234772,7.465910919817947,7.495537757873535,2068500,0.0,0.0
2019-04-15 00:00:00-04:00,7.538990014687418,7.5449153824469795,7.495537945654134,7.49948787689209,2320000,0.0,0.0
2019-04-16 00:00:00-04:00,7.60614413523765,7.641695871404561,7.527139858508838,7.56071662902832,3234500,0.0,0.0
2019-04-17 00:00:00-04:00,7.6732975915287,7.702924430426106,7.610093982482651,7.647621154785156,2023500,0.0,0.0
2019-04-18 00:00:00-04:00,8.374460835527598,8.726031089967183,8.21645228267693,8.583823204040527,15535000,0.0,0.0
2019-04-22 00:00:00-04:00,8.51074361601748,8.51074361601748,8.449514973656134,8.481117248535156,4700000,0.0,0.0
2019-04-23 00:00:00-04:00,8.198676099228699,8.202626030242982,8.123621759126092,8.178924560546875,3816500,0.0,0.0
2019-04-24 00:00:00-04:00,8.378412043184177,8.44359062092809,8.285582061767732,8.334959030151367,2949000,0.0,0.0
2019-04-25 00:00:00-04:00,8.10979640364341,8.14732357529057,7.83130600648163,7.949812889099121,8888000,0.0,0.0
2019-04-26 00:00:00-04:00,8.390262328773556,8.5107437073931,8.384336490130323,8.502842903137207,3371500,0.0,0.0
2019-04-29 00:00:00-04:00,8.443590460135164,8.568021774291992,8.443590460135164,8.568021774291992,1074000,0.0,0.0
2019-04-30 00:00:00-04:00,8.457415212498852,8.534444516248133,8.457415212498852,8.508768081665039,1084000,0.0,0.0
2019-05-01 00:00:00-04:00,8.496918584521472,8.560122197453918,8.492968653027356,8.494943618774414,922000,0.0,0.0
2019-05-02 00:00:00-04:00,8.47321644436409,8.504818719243112,8.423838537356723,8.481117248535156,786500,0.0,0.0
2019-05-03 00:00:00-04:00,8.481117268106734,8.601598645710759,8.471241498321422,8.599623680114746,1032000,0.0,0.0
2019-05-06 00:00:00-04:00,8.38631156259559,8.568021586549085,8.36853593004991,8.564071655273438,1489500,0.0,0.0
2019-05-07 00:00:00-04:00,8.293481338400216,8.309282004838288,8.200651363545655,8.24410343170166,2914000,0.0,0.0
2019-05-08 00:00:00-04:00,8.2164522433842,8.477166542702069,8.2164522433842,8.386311531066895,3029000,0.0,0.0
2019-05-09 00:00:00-04:00,8.267805681325157,8.315208626911321,8.169050800427748,8.299407958984375,3071500,0.0,0.0
2019-05-10 00:00:00-04:00,8.246080217136607,8.443590923156723,8.216452904879587,8.419889450073242,2634500,0.0,0.0
2019-05-13 00:00:00-04:00,8.331008495815912,8.331008495815912,8.10584640948745,8.165099143981934,4030000,0.0,0.0
2019-05-14 00:00:00-04:00,8.309282041160007,8.449514957747008,8.309282041160007,8.421863555908203,1480000,0.0,0.0
2019-05-15 00:00:00-04:00,8.372485858769103,8.522594548861052,8.36853592749466,8.5048189163208,1567500,0.0,0.0
2019-05-16 00:00:00-04:00,8.236204155581378,8.43568982034748,8.236204155581378,8.37446117401123,2154500,0.0,0.0
2019-05-17 00:00:00-04:00,8.400137611977533,8.449515522190467,8.348785677850232,8.37446117401123,1822000,0.0,0.0
2019-05-20 00:00:00-04:00,8.447540283203125,8.526544560266007,8.406063179015904,8.447540283203125,1323000,0.0,0.0
2019-05-21 00:00:00-04:00,8.49691743948119,8.568020905820003,8.49691743948119,8.53049373626709,1705500,0.0,0.0
2019-05-22 00:00:00-04:00,8.489017208195587,8.5601216211344,8.487042242581495,8.54234504699707,2470500,0.0,0.0
2019-05-23 00:00:00-04:00,8.552220542110968,8.579871943430383,8.52061920969027,8.575922012329102,3056500,0.0,0.0
2019-05-24 00:00:00-04:00,8.795159149857191,8.81886061994252,8.767507748692713,8.810959815979004,2352000,0.0,0.0
2019-05-28 00:00:00-04:00,8.769482984526949,8.826760754160905,8.718130111694336,8.718130111694336,919000,0.0,0.0
2019-05-29 00:00:00-04:00,8.824785883596617,8.824785883596617,8.66282740095282,8.720105171203613,1190500,0.0,0.0
2019-05-30 00:00:00-04:00,8.650975981073554,8.660851750206158,8.609498880882832,8.647025108337402,1000500,0.0,0.0
2019-05-31 00:00:00-04:00,8.874163695792623,8.874163695792623,8.690478709677583,8.718130111694336,1555000,0.0,0.0
2019-06-03 00:00:00-04:00,8.771458144599192,8.820836052926113,8.73788090323141,8.761582374572754,1415000,0.0,0.0
2019-06-04 00:00:00-04:00,8.688503657274383,8.759607127206355,8.593697774958107,8.755657196044922,1102000,0.0,0.0
2019-06-05 00:00:00-04:00,8.8484878461616,8.8484878461616,8.77738342899875,8.828736305236816,768500,0.0,0.0
2019-06-06 00:00:00-04:00,8.828735741813434,8.830711649224062,8.759607236598884,8.816885948181152,735000,0.0,0.0
2019-06-07 00:00:00-04:00,8.951193043635591,9.00452088229858,8.909715940431626,8.955142974853516,3299000,0.0,0.0
2019-06-10 00:00:00-04:00,9.016372101885603,9.081550679507338,8.95119352426387,8.965019226074219,3192000,0.0,0.0
2019-06-11 00:00:00-04:00,8.974894966983163,8.976869932691685,8.724055485894956,8.747756958007812,3827000,0.0,0.0
2019-06-12 00:00:00-04:00,8.611474975017092,8.619374837914432,8.496918486757925,8.51271915435791,2808500,0.0,0.0
2019-06-13 00:00:00-04:00,8.5048189163208,8.558146755746819,8.455441008169224,8.5048189163208,1771500,0.0,0.0
2019-06-14 00:00:00-04:00,8.542345049857078,8.542345049857078,8.487042245422987,8.522594451904297,748000,0.0,0.0
2019-06-17 00:00:00-04:00,8.562095914978705,8.562095914978705,8.522593780380397,8.528518676757812,455500,0.0,0.0
2019-06-18 00:00:00-04:00,8.641101371910107,8.729981422424316,8.641101371910107,8.729981422424316,1134000,0.0,0.0
2019-06-19 00:00:00-04:00,8.566046071415109,8.656901077563674,8.566046071415109,8.650976181030273,909500,0.0,0.0
2019-06-20 00:00:00-04:00,8.907741150639358,8.915641013231133,8.818861103845022,8.880088806152344,990500,0.0,0.0
2019-06-21 00:00:00-04:00,8.856387790610086,8.856387790610086,8.757631979189625,8.810959815979004,535000,0.0,0.0
2019-06-24 00:00:00-04:00,8.793184186426279,8.80898485255188,8.743806280704208,8.79120922088623,1217000,0.0,0.0
2019-06-25 00:00:00-04:00,8.791209871785467,8.808985504767222,8.70035485757985,8.706279754638672,656000,0.0,0.0
2019-06-26 00:00:00-04:00,8.795159031520873,8.816885535774302,8.619373915590842,8.690478324890137,2394500,0.0,0.0
2019-06-27 00:00:00-04:00,8.91761599839259,8.986745447053492,8.903790297021462,8.97884464263916,1561500,0.0,0.0
2019-06-28 00:00:00-04:00,9.014396957378965,9.04994822315457,9.000571255842834,9.04007339477539,1512000,0.0,0.0
2019-07-01 00:00:00-04:00,9.184255497822575,9.21388186414764,9.119076926824311,9.142778396606445,2940500,0.0,0.0
2019-07-02 00:00:00-04:00,9.138827901934917,9.156604475909708,9.10920153438392,9.130928039550781,556500,0.0,0.0
2019-07-03 00:00:00-04:00,9.243508542953155,9.30671215057373,9.225732910918245,9.30671215057373,1624500,0.0,0.0
2019-07-05 00:00:00-04:00,9.188205256249386,9.283010191791787,9.174379556103727,9.23758316040039,1437000,0.0,0.0
2019-07-08 00:00:00-04:00,9.233633892198913,9.294861593607857,9.196106720022808,9.211907386779785,562000,0.0,0.0
2019-07-09 00:00:00-04:00,9.119077111996168,9.174379914740653,9.119077111996168,9.166479110717773,535000,0.0,0.0
2019-07-10 00:00:00-04:00,9.290912270525189,9.559527390197559,9.286962339028706,9.480523109436035,4690500,0.0,0.0
2019-07-11 00:00:00-04:00,9.539774988653527,9.614829331148957,9.381766441382242,9.541749954223633,3222500,0.0,0.0
2019-07-12 00:00:00-04:00,9.543726065894585,9.555576802543603,9.512124729367434,9.52595043182373,1621500,0.0,0.0
2019-07-15 00:00:00-04:00,9.531876075956905,9.5615024460704,9.492373935203805,9.502248764038086,970000,0.0,0.0
2019-07-16 00:00:00-04:00,9.480522613996083,9.502248177896696,9.385716728592435,9.411393165588379,2451500,0.0,0.0
2019-07-17 00:00:00-04:00,9.435094725837002,9.435094725837002,9.373866081237793,9.373866081237793,1061500,0.0,0.0
2019-07-18 00:00:00-04:00,9.334363206640239,9.476571083068848,9.334363206640239,9.476571083068848,1045500,0.0,0.0
2019-07-19 00:00:00-04:00,9.448920246985978,9.448920246985978,9.38374167230321,9.389667510986328,658500,0.0,0.0
2019-07-22 00:00:00-04:00,9.251410101510183,9.284987344542298,9.207958029767429,9.223758697509766,2132500,0.0,0.0
2019-07-23 00:00:00-04:00,9.134878831061926,9.148704533341506,9.095376690005223,9.12895393371582,1316000,0.0,0.0
2019-07-24 00:00:00-04:00,9.125002865133332,9.132903669897782,9.063775159978766,9.105252265930176,1030000,0.0,0.0
2019-07-25 00:00:00-04:00,9.119077184432411,9.204006354778178,9.034147072281415,9.049947738647461,2120500,0.0,0.0
2019-07-26 00:00:00-04:00,9.211908147393297,9.211908147393297,9.097351655787259,9.12895393371582,1223500,0.0,0.0
2019-07-29 00:00:00-04:00,9.190180778503418,9.190180778503418,9.107226572603777,9.190180778503418,1146000,0.0,0.0
2019-07-30 00:00:00-04:00,8.884039144581534,9.115126122172882,8.862312640151195,9.045997619628906,5271500,0.0,0.0
2019-07-31 00:00:00-04:00,9.154629121449247,9.2533839896928,9.115126043985581,9.123026847839355,3016000,0.0,0.0
2019-08-01 00:00:00-04:00,9.358065417473712,9.56545188111454,9.342264750353664,9.35411548614502,2743500,0.0,0.0
2019-08-02 00:00:00-04:00,9.302762293771712,9.340289465527809,9.136852940167186,9.190180778503418,1234000,0.0,0.0
2019-08-05 00:00:00-04:00,9.040072699156514,9.119076970942377,8.911690522053185,8.927491188049316,2402500,0.0,0.0
2019-08-06 00:00:00-04:00,8.998596484822128,9.065750028279593,8.96896917362786,9.063775062561035,1045500,0.0,0.0
2019-08-07 00:00:00-04:00,9.121051525599636,9.196105862956873,9.000570157824178,9.194130897521973,1027500,0.0,0.0
2019-08-08 00:00:00-04:00,9.160554525425068,9.298812478790943,9.134878088734489,9.290911674499512,1735000,0.0,0.0
2019-08-09 00:00:00-04:00,9.233633495735608,9.243508323406441,9.14080258118807,9.164504051208496,933000,0.0,0.0
2019-08-12 00:00:00-04:00,9.21980798213189,9.21980798213189,9.063774400106434,9.08945083618164,763000,0.0,0.0
2019-08-13 00:00:00-04:00,8.917615079436139,9.125001520437221,8.917615079436139,9.097350120544434,2721000,0.0,0.0
2019-08-14 00:00:00-04:00,9.144754205781764,9.202031978201815,9.085500525859906,9.101301193237305,1826000,0.0,0.0
2019-08-15 00:00:00-04:00,9.249435135768055,9.283011436994856,9.188206488735522,9.223758697509766,1405500,0.0,0.0
2019-08-16 00:00:00-04:00,9.209932526234317,9.300787538380044,9.184256089284323,9.292886734008789,787500,0.0,0.0
2019-08-19 00:00:00-04:00,9.267209356735544,9.352139463339107,9.267209356735544,9.312637329101562,978000,0.0,0.0
2019-08-20 00:00:00-04:00,9.249434461956307,9.28301076073711,9.213882255772006,9.229682922363281,564000,0.0,0.0
2019-08-21 00:00:00-04:00,9.318562619476463,9.40546769519606,9.318562619476463,9.379791259765625,1762000,0.0,0.0
2019-08-22 00:00:00-04:00,9.36794108237671,9.36794108237671,9.229683127567363,9.273136138916016,579000,0.0,0.0
2019-08-23 00:00:00-04:00,9.448919841460857,9.46669641494203,9.292886262043993,9.302762031555176,1386000,0.0,0.0
2019-08-26 00:00:00-04:00,9.322513206762059,9.381766885697628,9.31658830977114,9.373866081237793,505000,0.0,0.0
2019-08-27 00:00:00-04:00,9.3778159263875,9.442994495169206,9.375840960940353,9.431143760681152,1092500,0.0,0.0
2019-08-28 00:00:00-04:00,9.403493115358584,9.435094448659006,9.35411520799708,9.407443046569824,639000,0.0,0.0
2019-08-29 00:00:00-04:00,9.365965754018445,9.437069223409024,9.365965754018445,9.423243522644043,423500,0.0,0.0
2019-08-30 00:00:00-04:00,9.312638279636534,9.385716717442218,9.304737475260527,9.332388877868652,359500,0.0,0.0
2019-09-03 00:00:00-04:00,9.446945002546464,9.446945002546464,9.381766429787351,9.442995071411133,880500,0.0,0.0
2019-09-04 00:00:00-04:00,9.632605170897255,9.63853100954065,9.520024596530549,9.585203170776367,2481000,0.0,0.0
2019-09-05 00:00:00-04:00,9.520024289956073,9.521999255505188,9.480522153558132,9.500272750854492,1472000,0.0,0.0
2019-09-06 00:00:00-04:00,9.58322800789384,9.58322800789384,9.537800032515545,9.561501502990723,439000,0.0,0.0
2019-09-09 00:00:00-04:00,9.693834210993904,9.71951064862144,9.648407174624959,9.691859245300293,2241000,0.0,0.0
2019-09-10 00:00:00-04:00,9.654331572343784,9.654331572343784,9.525949390846563,9.5634765625,1206000,0.0,0.0
2019-09-11 00:00:00-04:00,9.448920730719056,9.49237374393563,9.391642957413051,9.458796501159668,1520500,0.0,0.0
2019-09-12 00:00:00-04:00,9.476572236134238,9.533850951859797,9.468672373141274,9.480523109436035,995500,0.0,0.0
2019-09-13 00:00:00-04:00,9.484473223878672,9.510149662711706,9.464721682404644,9.504223823547363,733000,0.0,0.0
2019-09-16 00:00:00-04:00,9.488422964732518,9.533850944126469,9.442995927143881,9.460771560668945,578500,0.0,0.0
2019-09-17 00:00:00-04:00,9.47657157688429,9.577302357479626,9.47657157688429,9.565451622009277,534500,0.0,0.0
2019-09-18 00:00:00-04:00,9.701734437044161,9.701734437044161,9.62273016317909,9.699758529663086,1105500,0.0,0.0
2019-09-19 00:00:00-04:00,9.737285992573126,9.764937395073314,9.717535394418105,9.725435256958008,1307000,0.0,0.0
2019-09-20 00:00:00-04:00,9.753087801367398,9.855792609130178,9.707659823609855,9.729386329650879,2631500,0.0,0.0
2019-09-23 00:00:00-04:00,9.717535026162427,9.766912932386651,9.691858590270249,9.757037162780762,1328000,0.0,0.0
2019-09-24 00:00:00-04:00,9.660256248925041,9.717534958797952,9.344239158169081,9.401517868041992,3730500,0.0,0.0
2019-09-25 00:00:00-04:00,9.334363283533584,9.478546126657857,9.334363283533584,9.399541854858398,3198000,0.0,0.0
2019-09-26 00:00:00-04:00,9.37189131066216,9.37189131066216,9.257334823538935,9.3383150100708,1538000,0.0,0.0
2019-09-27 00:00:00-04:00,9.306712901689517,9.306712901689517,9.204007148742676,9.204007148742676,1626500,0.0,0.0
2019-09-30 00:00:00-04:00,9.178330710505964,9.223758689757982,9.125002868292075,9.204007148742676,872500,0.0,0.0
2019-10-01 00:00:00-04:00,9.34818876156566,9.350164668848059,9.207956794631862,9.23758316040039,1334500,0.0,0.0
2019-10-02 00:00:00-04:00,9.383741746154515,9.40941818310451,9.243508825750299,9.292886734008789,1387000,0.0,0.0
2019-10-03 00:00:00-04:00,9.292886558915624,9.371890833918533,9.279060857880378,9.367940902709961,1316500,0.0,0.0
2019-10-04 00:00:00-04:00,9.429169564429104,9.48644733428955,9.403493127911268,9.48644733428955,1304500,0.0,0.0
2019-10-07 00:00:00-04:00,9.298812203900008,9.360039903578876,9.298812203900008,9.324488639831543,637500,0.0,0.0
2019-10-08 00:00:00-04:00,9.33831499685624,9.340289962558197,9.219808578491211,9.219808578491211,2132500,0.0,0.0
2019-10-09 00:00:00-04:00,9.42521858215332,9.450895018373526,9.417318719811867,9.42521858215332,1781000,0.0,0.0
2019-10-10 00:00:00-04:00,9.194131856821052,9.271160225845023,9.194131856821052,9.233633995056152,1320000,0.0,0.0
2019-10-11 00:00:00-04:00,9.089451792659117,9.134878831061926,9.089451792659117,9.12895393371582,556500,0.0,0.0
2019-10-14 00:00:00-04:00,9.125001625235084,9.219807502305084,9.115125856072762,9.1190767288208,1120500,0.0,0.0
2019-10-15 00:00:00-04:00,9.140803149392479,9.178330322290023,9.125002482331743,9.136853218078613,2019000,0.0,0.0
2019-10-16 00:00:00-04:00,9.130928023728385,9.144753724681909,9.061798577155528,9.071674346923828,1571500,0.0,0.0
2019-10-17 00:00:00-04:00,8.90774066956214,8.90774066956214,8.828735455274327,8.850461959838867,3930500,0.0,0.0
2019-10-18 00:00:00-04:00,8.832686596509154,8.832686596509154,8.747756483017222,8.777382850646973,897500,0.0,0.0
2019-10-21 00:00:00-04:00,8.777382551136702,8.791209193484375,8.712203979492188,8.712203979492188,2322000,0.0,0.0
2019-10-22 00:00:00-04:00,8.716154485394211,8.765532388883447,8.710228647236812,8.743805885314941,628500,0.0,0.0
2019-10-23 00:00:00-04:00,8.710229401289777,8.72208013682533,8.668752297817969,8.720105171203613,1208000,0.0,0.0
2019-10-24 00:00:00-04:00,8.587773319524512,8.670727529008868,8.573947617943785,8.607523918151855,1401000,0.0,0.0
2019-10-25 00:00:00-04:00,8.348785588012346,8.36063538220285,8.307307541124416,8.35273551940918,1193000,0.0,0.0
2019-10-28 00:00:00-04:00,8.42976445687064,8.42976445687064,8.398162181688203,8.404088020324707,1106500,0.0,0.0
2019-10-29 00:00:00-04:00,8.498893350689558,8.601599101567285,8.481117717578142,8.490992546081543,2839500,0.0,0.0
2019-10-30 00:00:00-04:00,8.710229498194872,8.755657475220774,8.666777428617925,8.702329635620117,3318500,0.0,0.0
2019-10-31 00:00:00-04:00,9.144753650891582,9.231657787096701,8.990695034248096,9.18820571899414,4728000,0.0,0.0
2019-11-01 00:00:00-04:00,9.529899269288068,9.855792135206173,9.529899269288068,9.798514366149902,11836500,0.0,0.0
2019-11-04 00:00:00-05:00,9.806415069004986,9.84591720562332,9.757037162780762,9.757037162780762,8913500,0.0,0.0
2019-11-05 00:00:00-05:00,9.719510462442894,9.780739106798473,9.70173482973559,9.747161865234375,7630000,0.0,0.0
2019-11-06 00:00:00-05:00,9.599028465770038,9.599028465770038,9.506198493263026,9.518048286437988,2516000,0.0,0.0
2019-11-07 00:00:00-05:00,9.531875601881326,9.557552039184069,9.512124061584473,9.512124061584473,487000,0.0,0.0
2019-11-08 00:00:00-05:00,9.549650362947702,9.549650362947702,9.450894554089087,9.47459602355957,316000,0.0,0.0
2019-11-11 00:00:00-05:00,9.452869810454873,9.504222681952719,9.452869810454873,9.500272750854492,394500,0.0,0.0
2019-11-12 00:00:00-05:00,9.539774998087605,9.595077801326198,9.539774998087605,9.561501502990723,357000,0.0,0.0
2019-11-13 00:00:00-05:00,9.510149002075195,9.555576037421266,9.498298266375075,9.510149002075195,499500,0.0,0.0
2019-11-14 00:00:00-05:00,9.470646384007342,9.50817355485617,9.470646384007342,9.500272750854492,394000,0.0,0.0
2019-11-15 00:00:00-05:00,9.421268646787192,9.439044278852789,9.358065039057509,9.365965843200684,1608000,0.0,0.0
2019-11-18 00:00:00-05:00,9.520024963566692,9.567426965515125,9.48052282437369,9.494348526000977,955000,0.0,0.0
2019-11-19 00:00:00-05:00,9.587178516364721,9.656307024575788,9.587178516364721,9.63260555267334,1546000,0.0,0.0
2019-11-20 00:00:00-05:00,9.689883061894227,9.794563764942922,9.689883061894227,9.784687995910645,8837000,0.0,0.0
2019-11-21 00:00:00-05:00,9.719509770158089,9.735310436084188,9.56150122728669,9.614829063415527,6468500,0.0,0.0
2019-11-22 00:00:00-05:00,9.373865342214563,9.476571083068848,9.373865342214563,9.476571083068848,1432000,0.0,0.0
2019-11-25 00:00:00-05:00,9.54570112933764,9.648406876676166,9.54570112933764,9.646430969238281,1580000,0.0,0.0
2019-11-26 00:00:00-05:00,9.628655339778755,9.644456006649994,9.614829638540762,9.626680374145508,776000,0.0,0.0
2019-11-27 00:00:00-05:00,9.604953491338916,9.642480662312535,9.604953491338916,9.638530731201172,519500,0.0,0.0
2019-11-29 00:00:00-05:00,9.579277902485135,9.579277902485135,9.529899992006309,9.557552337646484,141500,0.0,0.0
2019-12-02 00:00:00-05:00,9.753087635651122,10.033552534717092,9.753087635651122,9.883444786071777,1959500,0.0,0.0
2019-12-03 00:00:00-05:00,9.984174552425882,10.08293036823281,9.982199586798584,10.059228897094727,1672500,0.0,0.0
2019-12-04 00:00:00-05:00,10.00392608642053,10.084905327923597,10.00392608642053,10.019726753234863,1147000,0.0,0.0
2019-12-05 00:00:00-05:00,9.934797175793438,9.990099978293523,9.873568534851074,9.873568534851074,1706000,0.0,0.0
2019-12-06 00:00:00-05:00,9.940722658411413,9.990100567185145,9.907145416739796,9.984174728393555,437500,0.0,0.0
2019-12-09 00:00:00-05:00,10.20933751618378,10.248839653873691,10.199461746309987,10.215262413024902,641000,0.0,0.0
2019-12-10 00:00:00-05:00,10.497703547324774,10.51547918021527,10.428575039633643,10.45820140838623,2503000,0.0,0.0
2019-12-11 00:00:00-05:00,10.408822332445487,10.408822332445487,10.335742959788913,10.375245094299316,1683000,0.0,0.0
2019-12-12 00:00:00-05:00,10.14810850728052,10.278465651138218,10.14810850728052,10.246864318847656,1183000,0.0,0.0
2019-12-13 00:00:00-05:00,10.124407660728222,10.124407660728222,10.043428417666535,10.063179016113281,1054500,0.0,0.0
2019-12-16 00:00:00-05:00,10.221188177092593,10.353520290297977,10.221188177092593,10.331793785095215,2936500,0.0,0.0
2019-12-17 00:00:00-05:00,10.31006765628772,10.31006765628772,10.233039286076774,10.260690689086914,2804500,0.0,0.0
2019-12-18 00:00:00-05:00,10.073054598291066,10.073054598291066,9.994050322367627,10.059228897094727,605500,0.0,0.0
2019-12-19 00:00:00-05:00,9.92097013568666,9.92097013568666,9.806414604187012,9.806414604187012,1412500,0.0,0.0
2019-12-20 00:00:00-05:00,9.717535785304372,9.776788523958134,9.713585853875536,9.772838592529297,1319500,0.0,0.0
2019-12-23 00:00:00-05:00,9.784688958344711,9.810365395271095,9.757037555778645,9.80444049835205,601000,0.0,0.0
2019-12-24 00:00:00-05:00,9.757037640630845,9.81036548058706,9.757037640630845,9.786664009094238,318500,0.0,0.0
2019-12-26 00:00:00-05:00,9.766912944446188,9.855792045593262,9.766912944446188,9.855792045593262,548500,0.0,0.0
2019-12-27 00:00:00-05:00,9.859742928039305,9.899245064744537,9.859742928039305,9.875543594360352,1170500,0.0,0.0
2019-12-30 00:00:00-05:00,9.861718834947906,9.924922448070385,9.816290855407715,9.816290855407715,1170500,0.0,0.0
2019-12-31 00:00:00-05:00,9.847892183342978,9.861717884086204,9.826165678544237,9.855792045593262,547500,0.0,0.0
2020-01-02 00:00:00-05:00,10.009850595973724,10.03750199728017,9.964423562914625,10.011825561523438,1180500,0.0,0.0
2020-01-03 00:00:00-05:00,9.822215296783137,9.974298939786372,9.822215296783137,9.924921035766602,506000,0.0,0.0
2020-01-06 00:00:00-05:00,9.757037640630845,9.812340446243917,9.701734835017772,9.786664009094238,1162500,0.0,0.0
2020-01-07 00:00:00-05:00,9.757036765945607,9.778763269833865,9.687908265126401,9.709633827209473,1096500,0.0,0.0
2020-01-08 00:00:00-05:00,9.69778358710106,9.826165767887774,9.658281450074782,9.798514366149902,2783000,0.0,0.0
2020-01-09 00:00:00-05:00,9.816289326647725,9.824190130234582,9.757036596064404,9.784687995910645,2596500,0.0,0.0
2020-01-10 00:00:00-05:00,9.78666410640447,9.78666410640447,9.731361300241513,9.768888473510742,1036000,0.0,0.0
2020-01-13 00:00:00-05:00,9.697783494119177,9.796539306640625,9.697783494119177,9.796539306640625,639000,0.0,0.0
2020-01-14 00:00:00-05:00,9.658281812785996,9.70963468702921,9.658281812785996,9.707659721374512,594000,0.0,0.0
2020-01-15 00:00:00-05:00,9.689883704257275,9.707659336249622,9.672107130459695,9.680007934570312,436000,0.0,0.0
2020-01-16 00:00:00-05:00,9.678033244776044,9.681983176041292,9.63063030237203,9.646430969238281,1199500,0.0,0.0
2020-01-17 00:00:00-05:00,9.64050540445785,9.64050540445785,9.593102465337854,9.61285400390625,1492500,0.0,0.0
2020-01-21 00:00:00-05:00,9.678033441520297,9.727411350560738,9.648407072818145,9.670132637023926,958500,0.0,0.0
2020-01-22 00:00:00-05:00,9.72938527270284,9.72938527270284,9.67803240349751,9.687908172607422,490000,0.0,0.0
2020-01-23 00:00:00-05:00,9.727410426410502,9.830116166079394,9.727410426410502,9.828140258789062,526000,0.0,0.0
2020-01-24 00:00:00-05:00,9.798514562882858,9.867643068615486,9.792589666022314,9.822216033935547,945000,0.0,0.0
2020-01-27 00:00:00-05:00,9.496322630026953,9.559526235361943,9.496322630026953,9.516073226928711,1284000,0.0,0.0
2020-01-28 00:00:00-05:00,9.525949690597159,9.676058381934336,9.525949690597159,9.668157577514648,928500,0.0,0.0
2020-01-29 00:00:00-05:00,9.656306363007527,9.668157098146839,9.616804226478228,9.638530731201172,752000,0.0,0.0
2020-01-30 00:00:00-05:00,9.614829693463403,9.636556199163753,9.245484747389055,9.352140426635742,2372500,0.0,0.0
2020-01-31 00:00:00-05:00,9.215856908627012,9.219807781494689,9.03612186001187,9.065749168395996,4826000,0.0,0.0
2020-02-03 00:00:00-05:00,9.113151345916876,9.113151345916876,9.045997807507257,9.049947738647461,2226000,0.0,0.0
2020-02-04 00:00:00-05:00,9.105251516404495,9.168455123901367,9.089450849981587,9.168455123901367,2166000,0.0,0.0
2020-02-05 00:00:00-05:00,9.111176214565145,9.164504051208496,9.111176214565145,9.164504051208496,2425000,0.0,0.0
2020-02-06 00:00:00-05:00,9.144754690914013,9.184256832355755,9.136853885903529,9.150679588317871,1834000,0.0,0.0
2020-02-07 00:00:00-05:00,9.059823620761321,9.160554400528719,9.059823620761321,9.091425895690918,2522000,0.0,0.0
2020-02-10 00:00:00-05:00,9.091425617418265,9.164504051208496,9.091425617418265,9.164504051208496,3653500,0.0,0.0
2020-02-11 00:00:00-05:00,9.146728248899734,9.249433989201412,9.146728248899734,9.239558219909668,902500,0.0,0.0
2020-02-12 00:00:00-05:00,9.105251317962646,9.164504051208496,9.105251317962646,9.164504051208496,1258000,0.0,0.0
2020-02-13 00:00:00-05:00,9.040072725047995,9.091425596036405,8.98476898119533,9.026247024536133,878000,0.0,0.0
2020-02-14 00:00:00-05:00,8.91761560630463,8.961068615965011,8.907740778477478,8.931441307067871,2728500,0.0,0.0
2020-02-18 00:00:00-05:00,8.88008814637136,8.931441016623502,8.874163249867744,8.886013984680176,1911000,0.0,0.0
2020-02-19 00:00:00-05:00,8.947243215045122,9.006495951214644,8.947243215045122,8.976869583129883,1989000,0.0,0.0
2020-02-20 00:00:00-05:00,8.793184378557235,8.92946642185049,8.793184378557235,8.854412078857422,874500,0.0,0.0
2020-02-21 00:00:00-05:00,8.720105177186284,8.838611590817862,8.720105177186284,8.759607315063477,835000,0.0,0.0
2020-02-24 00:00:00-05:00,8.50284309941331,8.617399583839248,8.50284309941331,8.526544570922852,1217500,0.0,0.0
2020-02-25 00:00:00-05:00,8.654926963642037,8.710229770616031,8.546296315399504,8.569997787475586,2358000,0.0,0.0
2020-02-26 00:00:00-05:00,8.605548685836311,8.735905834875778,8.605548685836311,8.660852432250977,1204500,0.0,0.0
2020-02-27 00:00:00-05:00,8.512718568204743,8.534445073287031,8.394212156656804,8.40211296081543,1702500,0.0,0.0
2020-02-28 00:00:00-05:00,8.050544002664635,8.301382537443526,8.050544002664635,8.29150676727295,3888000,0.0,0.0
2020-03-02 00:00:00-05:00,8.297433102625037,8.538395881652832,8.297433102625037,8.538395881652832,2259500,0.0,0.0
2020-03-03 00:00:00-05:00,8.415938661739094,8.520619372363369,8.331008548803522,8.40211296081543,1036500,0.0,0.0
2020-03-04 00:00:00-05:00,8.524568877619892,8.652951052500335,8.524568877619892,8.649001121520996,1197500,0.0,0.0
2020-03-05 00:00:00-05:00,8.516668723953428,8.680603115577,8.516668723953428,8.643075942993164,2066500,0.0,0.0
2020-03-06 00:00:00-05:00,8.49691831838298,8.672702507834405,8.49691831838298,8.666777610778809,968500,0.0,0.0
2020-03-09 00:00:00-04:00,8.334959034201944,8.50284336384274,8.218427580493753,8.37446117401123,2255500,0.0,0.0
2020-03-10 00:00:00-04:00,8.508769137848338,8.607524015714977,8.360635408340437,8.58974838256836,2001500,0.0,0.0
2020-03-11 00:00:00-04:00,8.34680907369305,8.394212014230025,8.14139852891169,8.20262622833252,1200500,0.0,0.0
2020-03-12 00:00:00-04:00,7.801679781266551,7.870808287242795,7.4362847696981405,7.6871232986450195,4167500,0.0,0.0
2020-03-13 00:00:00-04:00,7.7937792846885126,7.937962132309141,7.584417392807852,7.841181755065918,1869500,0.0,0.0
2020-03-16 00:00:00-04:00,7.446159944711447,7.677247871732596,7.074839571543784,7.4975128173828125,2145000,0.0,0.0
2020-03-17 00:00:00-04:00,7.886609032671755,8.127571779691689,7.801679393195065,8.101896286010742,2632000,0.0,0.0
2020-03-18 00:00:00-04:00,7.900435560455243,8.17695054136569,7.898460594719537,8.040668487548828,1833000,0.0,0.0
2020-03-19 00:00:00-04:00,8.39618726112476,8.887989489356908,8.325083789741985,8.660852432250977,1835500,0.0,0.0
2020-03-20 00:00:00-04:00,8.724054690848204,8.923541278113902,8.55222044639767,8.593697547912598,1443500,0.0,0.0
2020-03-23 00:00:00-04:00,8.437664611700882,8.64900195002827,8.437664611700882,8.489017486572266,1488500,0.0,0.0
2020-03-24 00:00:00-04:00,9.065749508758785,9.065749508758785,8.46729160728714,8.816885948181152,2518000,0.0,0.0
2020-03-25 00:00:00-04:00,8.805035858647406,8.805035858647406,8.352735738652623,8.652952194213867,2179000,0.0,0.0
2020-03-26 00:00:00-04:00,8.81886113365505,9.069699666091875,8.81886113365505,9.057848930358887,6165500,0.0,0.0
2020-03-27 00:00:00-04:00,8.680602526311276,9.190180357354102,8.680602526311276,9.024271011352539,2746000,0.0,0.0
2020-03-30 00:00:00-04:00,9.42916966654852,9.549651046204263,9.047973045869051,9.508173942565918,3060500,0.0,0.0
2020-03-31 00:00:00-04:00,9.365966434905344,9.628655710342171,9.365966434905344,9.535825729370117,2230000,0.0,0.0
2020-04-01 00:00:00-04:00,9.405468290447155,9.685933190602114,9.403493324797548,9.569401741027832,3479500,0.0,0.0
2020-04-02 00:00:00-04:00,9.547676656656936,9.64643153673467,9.423244396428718,9.579277992248535,1677500,0.0,0.0
2020-04-03 00:00:00-04:00,9.585203244003187,9.585203244003187,9.448920255827016,9.488422393798828,1886500,0.0,0.0
2020-04-06 00:00:00-04:00,9.695808448340264,9.913070669006816,9.695808448340264,9.893319129943848,2363000,0.0,0.0
2020-04-07 00:00:00-04:00,10.015777282327095,10.090831630401402,9.875544356568323,9.891345024108887,2669500,0.0,0.0
2020-04-08 00:00:00-04:00,9.891344470548237,10.001951020752788,9.774813023524544,9.978249549865723,2581000,0.0,0.0
2020-04-09 00:00:00-04:00,9.954547785924202,10.071079229517295,9.891344179354446,9.972323417663574,2780000,0.0,0.0
2020-04-13 00:00:00-04:00,10.0039258370658,10.29031656543251,10.0039258370658,10.231062889099121,1892500,0.0,0.0
2020-04-14 00:00:00-04:00,10.434499652709983,10.5925082041643,10.385121744929194,10.472026824951172,3006000,0.0,0.0
2020-04-15 00:00:00-04:00,10.622135267162903,10.70114048986497,10.525355352696245,10.683363914489746,2777000,0.0,0.0
2020-04-16 00:00:00-04:00,10.691263902940392,10.88284969329834,10.691263902940392,10.88284969329834,2189000,0.0,0.0
2020-04-17 00:00:00-04:00,10.507579142548705,10.819646317508546,10.507579142548705,10.592508316040039,2946000,0.0,0.0
2020-04-20 00:00:00-04:00,10.438450340207147,10.566832533016221,10.438450340207147,10.448326110839844,1358500,0.0,0.0
2020-04-21 00:00:00-04:00,10.428574821838511,11.044808364771146,10.36142033942072,10.886799812316895,6653500,0.0,0.0
2020-04-22 00:00:00-04:00,10.83149728620635,10.908525656976638,10.791995147075694,10.83347225189209,2739500,0.0,0.0
2020-04-23 00:00:00-04:00,10.705089381192684,10.77816781592848,10.687312807544744,10.701139450073242,2424500,0.0,0.0
2020-04-24 00:00:00-04:00,10.738666166692035,10.837421983601907,10.728791338445262,10.829521179199219,2137500,0.0,0.0
2020-04-27 00:00:00-04:00,10.841371152022672,10.841371152022672,10.756441984245056,10.79396915435791,1595000,0.0,0.0
2020-04-28 00:00:00-04:00,10.744591788083257,10.803844523586287,10.606333835567437,10.628060340881348,1530000,0.0,0.0
2020-04-29 00:00:00-04:00,10.693239314187556,10.841372100280056,10.693239314187556,10.7149658203125,1915500,0.0,0.0
2020-04-30 00:00:00-04:00,10.306117611016706,10.306117611016706,10.07700558497741,10.15995979309082,2328500,0.0,0.0
2020-05-01 00:00:00-04:00,10.235014354546923,10.387097072630187,10.235014354546923,10.341670036315918,1362000,0.0,0.0
2020-05-04 00:00:00-04:00,10.203411231832314,10.32784347811298,10.108606293878841,10.323893547058105,728500,0.0,0.0
2020-05-05 00:00:00-04:00,10.491776932448527,10.491776932448527,10.349569054427366,10.422648429870605,713000,0.0,0.0
2020-05-06 00:00:00-04:00,10.452275574452567,10.58065776151434,10.400922699627857,10.497703552246094,2646000,0.0,0.0
2020-05-07 00:00:00-04:00,10.705090046557611,10.831497268288723,10.616209998209339,10.734716415405273,2396500,0.0,0.0
2020-05-08 00:00:00-04:00,10.16588431603501,10.266615094899155,10.144158752883795,10.231062889099121,4781000,0.0,0.0
2020-05-11 00:00:00-04:00,10.112556363564766,10.116507236479013,10.007875654733848,10.110581398010254,1207000,0.0,0.0
2020-05-12 00:00:00-04:00,10.396973412687005,10.410799115088642,10.227114110463084,10.235014915466309,1220000,0.0,0.0
2020-05-13 00:00:00-04:00,10.3712958213389,10.408822992775262,10.223163042978726,10.290316581726074,1931000,0.0,0.0
2020-05-14 00:00:00-04:00,10.240938402269258,10.329818443640418,10.189585531335041,10.323893547058105,1094500,0.0,0.0
2020-05-15 00:00:00-04:00,10.31994285967791,10.373270697098024,10.286366561497587,10.347594261169434,651500,0.0,0.0
2020-05-18 00:00:00-04:00,10.288341731962328,10.398947340131235,10.278465962145749,10.391047477722168,1196000,0.0,0.0
2020-05-19 00:00:00-04:00,10.092806816101074,10.142184727321217,10.035528100035792,10.092806816101074,1861500,0.0,0.0
2020-05-20 00:00:00-04:00,10.140208351700982,10.266615572556525,10.140208351700982,10.201436996459961,1361500,0.0,0.0
2020-05-21 00:00:00-04:00,10.244889361023054,10.345620147468692,10.23106365913888,10.266615867614746,1104500,0.0,0.0
2020-05-22 00:00:00-04:00,10.266615392132104,10.319943231473454,10.262665460863934,10.296241760253906,1383000,0.0,0.0
2020-05-26 00:00:00-04:00,10.225138466414665,10.225138466414665,10.128357614217489,10.142184257507324,1339000,0.0,0.0
2020-05-27 00:00:00-04:00,10.165884967243073,10.165884967243073,10.001951512195678,10.126382827758789,1542500,0.0,0.0
2020-05-28 00:00:00-04:00,10.02762728705511,10.225137971419704,10.023676414104155,10.112556457519531,1967500,0.0,0.0
2020-05-29 00:00:00-04:00,9.97429982050902,10.122432603843153,9.97429982050902,10.04145336151123,2201500,0.0,0.0
2020-06-01 00:00:00-04:00,10.132308122377093,10.244888695866676,10.132308122377093,10.233038902282715,1049500,0.0,0.0
2020-06-02 00:00:00-04:00,10.092806324668143,10.134283429023569,9.960474207141429,10.003926277160645,5859000,0.0,0.0
2020-06-03 00:00:00-04:00,10.138232429525857,10.191560264773091,10.057253193913773,10.161933898925781,2258000,0.0,0.0
2020-06-04 00:00:00-04:00,10.250815301318795,10.325869650463433,10.231063760257442,10.288342475891113,1999000,0.0,0.0
2020-06-05 00:00:00-04:00,10.432524672130318,10.483877545459872,10.337719729754703,10.412773132324219,1947000,0.0,0.0
2020-06-08 00:00:00-04:00,10.161934574233785,10.240938849613608,10.073054528980167,10.215262413024902,2117500,0.0,0.0
2020-06-09 00:00:00-04:00,10.270565527408937,10.33969497680664,10.240939158698653,10.33969497680664,1021500,0.0,0.0
2020-06-10 00:00:00-04:00,10.45820130923855,10.45820130923855,10.361420457583202,10.41672420501709,1141500,0.0,0.0
2020-06-11 00:00:00-04:00,10.764342778128023,10.803844917170858,10.592508520381955,10.635961532592773,2150500,0.0,0.0
2020-06-12 00:00:00-04:00,10.942102432250977,10.999380201915061,10.8769238583757,10.942102432250977,1176500,0.0,0.0
2020-06-15 00:00:00-04:00,10.867047981768204,10.920375819705244,10.780143845325375,10.861123085021973,1309000,0.0,0.0
2020-06-16 00:00:00-04:00,10.955928148758526,11.00135612487793,10.886799643582528,11.00135612487793,1328000,0.0,0.0
2020-06-17 00:00:00-04:00,11.190965404390175,11.435879020406942,11.190965404390175,11.343049049377441,1711000,0.0,0.0
2020-06-18 00:00:00-04:00,11.530685054240834,11.643266574571703,11.530685054240834,11.562287330627441,1470500,0.0,0.0
2020-06-19 00:00:00-04:00,11.621539593714585,11.635365294754836,11.489207480127073,11.572162628173828,1883000,0.0,0.0
2020-06-22 00:00:00-04:00,11.629440483288345,11.629440483288345,11.52278480539359,11.554386138916016,1549500,0.0,0.0
2020-06-23 00:00:00-04:00,11.39637773214989,11.433904904811737,11.208742810645923,11.22256851196289,3955500,0.0,0.0
2020-06-24 00:00:00-04:00,11.31737363485093,11.394402947039614,11.092211537117622,11.147514343261719,7525000,0.0,0.0
2020-06-25 00:00:00-04:00,11.080360688829723,11.20676696704717,10.8848249618283,11.046783447265625,5928000,0.0,0.0
2020-06-26 00:00:00-04:00,11.218617420300744,11.218617420300744,11.06060887015366,11.10011100769043,1372000,0.0,0.0
2020-06-29 00:00:00-04:00,11.135663408610055,11.135663408610055,10.995430488272119,11.064559936523438,730000,0.0,0.0
2020-06-30 00:00:00-04:00,10.914451051938672,11.06258383220262,10.914451051938672,11.040858268737793,541500,0.0,0.0
2020-07-01 00:00:00-04:00,10.977655604114135,11.082336324642839,10.90655118537464,11.060609817504883,682000,0.0,0.0
2020-07-02 00:00:00-04:00,11.131713960970407,11.196892538967157,11.10603752291698,11.133688926696777,724000,0.0,0.0
2020-07-06 00:00:00-04:00,11.467481818455491,11.611664666243424,11.467481818455491,11.609688758850098,1831000,0.0,0.0
2020-07-07 00:00:00-04:00,11.767698003895365,11.850652207696033,11.720295063549143,11.781523704528809,1149000,0.0,0.0
2020-07-08 00:00:00-04:00,11.382552066126983,11.518834114074707,11.38057710047633,11.518834114074707,982000,0.0,0.0
2020-07-09 00:00:00-04:00,11.354900466234223,11.465506075192303,11.354900466234223,11.435879707336426,840000,0.0,0.0
2020-07-10 00:00:00-04:00,11.410203157529098,11.410203157529098,11.256144539318319,11.315398216247559,868000,0.0,0.0
2020-07-13 00:00:00-04:00,11.17911530446789,11.317373257017637,11.17911530446789,11.198866844177246,957000,0.0,0.0
2020-07-14 00:00:00-04:00,11.080360322694935,11.14356393061782,11.03295738130146,11.137638092041016,1590000,0.0,0.0
2020-07-15 00:00:00-04:00,11.356875498838711,11.356875498838711,11.18701621136171,11.220593452453613,741000,0.0,0.0
2020-07-16 00:00:00-04:00,11.052709473778796,11.108012280301129,10.999380691140503,11.05073356628418,632500,0.0,0.0
2020-07-17 00:00:00-04:00,10.995430669822344,11.029007911682129,10.971729198133705,11.029007911682129,650000,0.0,0.0
2020-07-20 00:00:00-04:00,10.959877772446722,10.959877772446722,10.807795065326776,10.916425704956055,1327500,0.0,0.0
2020-07-21 00:00:00-04:00,11.011230840241312,11.042833115002187,10.948028174330037,10.959877967834473,748500,0.0,0.0
2020-07-22 00:00:00-04:00,10.920375447996914,11.01518132715152,10.9124755859375,10.9124755859375,691500,0.0,0.0
2020-07-23 00:00:00-04:00,10.973704694331074,10.973704694331074,10.86309814453125,10.86309814453125,578000,0.0,0.0
2020-07-24 00:00:00-04:00,10.922351449379438,10.932226277038746,10.863097774397522,10.914450645446777,922000,0.0,0.0
2020-07-27 00:00:00-04:00,10.969754807861902,11.23836993141413,10.969754807861902,11.179116249084473,511000,0.0,0.0
2020-07-28 00:00:00-04:00,10.963828581885759,11.183065767229351,10.963828581885759,11.07245922088623,822500,0.0,0.0
2020-07-29 00:00:00-04:00,11.07246019149193,11.240344520358079,11.07246019149193,11.23046875,1025500,0.0,0.0
2020-07-30 00:00:00-04:00,11.10801248864335,11.169241135187361,11.001356804976906,11.133688926696777,648500,0.0,0.0
2020-07-31 00:00:00-04:00,10.942102513904786,10.942102513904786,10.817671203835388,10.865073204040527,742500,0.0,0.0
2020-08-03 00:00:00-04:00,10.959877711074911,11.066534326363305,10.863097807085973,11.052708625793457,1445000,0.0,0.0
2020-08-04 00:00:00-04:00,11.038882868773875,11.307497016646007,11.038882868773875,11.26799488067627,3666000,0.0,0.0
2020-08-05 00:00:00-04:00,11.514883445114641,11.611664290238865,11.495132848068096,11.601788520812988,3224000,0.0,0.0
2020-08-06 00:00:00-04:00,12.225923710515058,12.285176447712335,11.751897103910462,12.111367225646973,5422000,0.0,0.0
2020-08-07 00:00:00-04:00,11.771648681928372,11.791399280455707,11.674867829548063,11.678818702697754,2004500,0.0,0.0
2020-08-10 00:00:00-04:00,11.89015529776119,11.89015529776119,11.67486802519329,11.702520370483398,1783000,0.0,0.0
2020-08-11 00:00:00-04:00,11.71239516936417,11.71239516936417,11.534636012868114,11.544510841369629,1691000,0.0,0.0
2020-08-12 00:00:00-04:00,11.745972644328441,11.870404903964976,11.66301843244096,11.864479064941406,2239000,0.0,0.0
2020-08-13 00:00:00-04:00,11.661042332558793,11.949408987279858,11.661042332558793,11.840777397155762,751000,0.0,0.0
2020-08-14 00:00:00-04:00,11.653142562032015,11.939533311509344,11.653142562032015,11.842752456665039,527000,0.0,0.0
2020-08-17 00:00:00-04:00,11.874354383128784,12.063964272164828,11.874354383128784,12.032362937927246,1221500,0.0,0.0
2020-08-18 00:00:00-04:00,12.383932594651236,12.466886805654713,12.383932594651236,12.4530611038208,2450000,0.0,0.0
2020-08-19 00:00:00-04:00,12.482687950134277,12.571567054982854,12.423434271763293,12.482687950134277,2066500,0.0,0.0
2020-08-20 00:00:00-04:00,12.443185803127504,12.54194067793645,12.425409228725997,12.462936401367188,3953000,0.0,0.0
2020-08-21 00:00:00-04:00,12.626870931605144,12.786854452140194,12.626870931605144,12.701925277709961,4592500,0.0,0.0
2020-08-24 00:00:00-04:00,13.351735889254684,13.484068005058907,13.351735889254684,13.446540832519531,3133500,0.0,0.0
2020-08-25 00:00:00-04:00,13.067320250679748,13.132498826426332,12.976465237766165,13.11472225189209,8956500,0.0,0.0
2020-08-26 00:00:00-04:00,13.292481940086526,13.568996901691312,13.292481940086526,13.559121131896973,5314000,0.0,0.0
2020-08-27 00:00:00-04:00,13.391237630283838,13.497893306019328,13.254954645439973,13.339884757995605,4732500,0.0,0.0
2020-08-28 00:00:00-04:00,13.252980615367472,13.304333491280623,13.20360270517324,13.280632019042969,3985000,0.0,0.0
2020-08-31 00:00:00-04:00,13.278656390368612,13.331984229338218,13.223353585778687,13.306307792663574,3435000,0.0,0.0
2020-09-01 00:00:00-04:00,13.671703188888616,14.070675451417781,13.40111311335659,13.924517631530762,12259500,0.0,0.0
2020-09-02 00:00:00-04:00,13.92451742089507,13.94426801916225,13.732931626135505,13.841562271118164,12019500,0.0,0.0
2020-09-03 00:00:00-04:00,14.052897898770812,14.084500172804495,13.681578006962855,13.845512390136719,19199500,0.0,0.0
2020-09-04 00:00:00-04:00,13.849462145819338,14.001545792030178,13.740830566323648,13.960067749023438,3591000,0.0,0.0
2020-09-08 00:00:00-04:00,13.128548539577334,13.302358710533468,13.0396694301582,13.185827255249023,3520000,0.0,0.0
2020-09-09 00:00:00-04:00,13.555171987526757,13.78230999695482,13.061394770810871,13.75268268585205,5317000,0.0,0.0
2020-09-10 00:00:00-04:00,13.758607160233343,13.796134330464046,13.606523513793945,13.606523513793945,2032000,0.0,0.0
2020-09-11 00:00:00-04:00,13.804035195323571,13.825761701194722,13.685528779472822,13.823786735534668,998000,0.0,0.0
2020-09-14 00:00:00-04:00,13.861314483991771,13.914642326248433,13.817861470445369,13.894890785217285,2050000,0.0,0.0
2020-09-15 00:00:00-04:00,14.011421601717384,14.116102315718146,14.003521739109187,14.098326683044434,2821500,0.0,0.0
2020-09-16 00:00:00-04:00,14.05289927850444,14.181281469172113,14.05289927850444,14.110177993774414,2782000,0.0,0.0
2020-09-17 00:00:00-04:00,13.956118198429783,13.956118198429783,13.845512592210655,13.928466796875,1083500,0.0,0.0
2020-09-18 00:00:00-04:00,14.372866510130018,14.382742280074286,14.033147935211378,14.232633590698242,2717000,0.0,0.0
2020-09-21 00:00:00-04:00,14.080550769035819,14.106227205609972,13.886990011923377,14.092401504516602,967000,0.0,0.0
2020-09-22 00:00:00-04:00,14.216832336006892,14.216832336006892,14.025246550953275,14.122027397155762,660000,0.0,0.0
2020-09-23 00:00:00-04:00,14.143753707555318,14.201032420446941,13.954143819830977,14.019322395324707,1632500,0.0,0.0
2020-09-24 00:00:00-04:00,13.82576084904728,13.904765121411703,13.770458046753227,13.865262985229492,1941500,0.0,0.0
2020-09-25 00:00:00-04:00,13.802059762112014,13.89884061061839,13.689479188860423,13.892914772033691,956000,0.0,0.0
2020-09-28 00:00:00-04:00,13.979820434199723,14.062774643405543,13.926492593738084,13.944268226623535,901000,0.0,0.0
2020-09-29 00:00:00-04:00,14.127952678750011,14.220782654584417,14.127952678750011,14.149679183959961,827500,0.0,0.0
2020-09-30 00:00:00-04:00,13.94821722134734,14.023271562810939,13.94426729026143,14.003520965576172,1295000,0.0,0.0
2020-10-01 00:00:00-04:00,14.054874803856057,14.104251771242605,13.993646158785975,14.082526206970215,639000,0.0,0.0
2020-10-02 00:00:00-04:00,13.713179881864418,13.764532755121781,13.570971997598278,13.71910572052002,2979000,0.0,0.0
2020-10-05 00:00:00-04:00,13.237178646318865,13.758607217058719,13.237178646318865,13.391237258911133,2339000,0.0,0.0
2020-10-06 00:00:00-04:00,13.452465717996766,13.58677374113015,13.35371084353971,13.367536544799805,1577500,0.0,0.0
2020-10-07 00:00:00-04:00,13.489992723182862,13.5591212286259,13.478141987706161,13.541345596313477,1206000,0.0,0.0
2020-10-08 00:00:00-04:00,13.584797586617267,13.70725487189979,13.584797586617267,13.598624229431152,1112000,0.0,0.0
2020-10-09 00:00:00-04:00,13.576897043511712,13.604548444142637,13.55319557388372,13.584796905517578,823000,0.0,0.0
2020-10-12 00:00:00-04:00,13.977844982450778,13.977844982450778,13.687503376716341,13.875139236450195,1083000,0.0,0.0
2020-10-13 00:00:00-04:00,13.999570256785352,13.999570256785352,13.788233872328432,13.90871524810791,1290000,0.0,0.0
2020-10-14 00:00:00-04:00,13.746757239963578,14.019322275313664,13.746757239963578,13.87908935546875,1849000,0.0,0.0
2020-10-15 00:00:00-04:00,13.628250694448964,13.705280004249873,13.598624326619461,13.659852027893066,1449000,0.0,0.0
2020-10-16 00:00:00-04:00,13.594673356424936,13.667752734474355,13.568996920008141,13.598624229431152,1217000,0.0,0.0
2020-10-19 00:00:00-04:00,13.60257471894756,13.71713120472485,13.565047545582312,13.570972442626953,957500,0.0,0.0
2020-10-20 00:00:00-04:00,13.511719020683836,13.511719020683836,13.331983967491412,13.418889045715332,1490500,0.0,0.0
2020-10-21 00:00:00-04:00,13.254954244084164,13.355685020031023,13.233227739756941,13.252979278564453,1000500,0.0,0.0
2020-10-22 00:00:00-04:00,13.292481309944094,13.292481309944094,13.179899799958246,13.231252670288086,1106500,0.0,0.0
2020-10-23 00:00:00-04:00,12.970539377842693,13.035717953483028,12.917211537937442,12.956713676452637,1232000,0.0,0.0
2020-10-26 00:00:00-04:00,12.93696364809601,12.982390685577611,12.838207826554235,12.929062843322754,1233000,0.0,0.0
2020-10-27 00:00:00-04:00,13.644051241402254,13.644051241402254,13.430739888013894,13.499868392944336,1828500,0.0,0.0
2020-10-28 00:00:00-04:00,13.440614700317383,13.535420583317359,13.345809759122648,13.440614700317383,1809500,0.0,0.0
2020-10-29 00:00:00-04:00,13.717130564484698,13.766507529634584,13.499868338965289,13.734906196594238,1216500,0.0,0.0
2020-10-30 00:00:00-04:00,13.653927760860507,13.653927760860507,13.371486945229096,13.377411842346191,1607500,0.0,0.0
2020-11-02 00:00:00-05:00,13.505793115800113,13.760582510670645,13.505793115800113,13.574922561645508,1256500,0.0,0.0
2020-11-03 00:00:00-05:00,13.434689787415431,13.837611964266234,13.434689787415431,13.833662033081055,1376500,0.0,0.0
2020-11-04 00:00:00-05:00,13.636150730506971,13.681578707442116,13.434690108174236,13.525545120239258,2342000,0.0,0.0
2020-11-05 00:00:00-05:00,14.173380313121449,14.566426712194668,14.122027441539604,14.359040260314941,5318500,0.0,0.0
2020-11-06 00:00:00-05:00,13.881064239212835,13.989695824668443,13.821811503332734,13.9561185836792,4480000,0.0,0.0
2020-11-09 00:00:00-05:00,13.331984488336477,13.331984488336477,12.739451467688301,13.094971656799316,9566000,0.0,0.0
2020-11-10 00:00:00-05:00,12.755253114516101,12.818455783003158,12.60316945668159,12.721675872802734,7802000,0.0,0.0
2020-11-11 00:00:00-05:00,12.263450657684,12.541940589352894,12.168644773026283,12.500463485717773,5100000,0.0,0.0
2020-11-12 00:00:00-05:00,12.68414803222554,12.824380946887304,12.458985947625605,12.707849502563477,3596000,0.0,0.0
2020-11-13 00:00:00-05:00,12.978439511581406,13.000165074468626,12.729575957615662,12.942887306213379,2448500,0.0,0.0
2020-11-16 00:00:00-05:00,12.636746031348075,12.680199044134312,12.541941084750889,12.628846168518066,4822500,0.0,0.0
2020-11-17 00:00:00-05:00,12.439235429824977,12.701925648867805,12.383932622365563,12.670323371887207,7738000,0.0,0.0
2020-11-18 00:00:00-05:00,12.719700341151203,12.75722751252385,12.64069606725255,12.729576110839844,3869500,0.0,0.0
2020-11-19 00:00:00-05:00,13.065344551241065,13.24507961427176,12.842157417622566,13.197677612304688,7824000,0.0,0.0
2020-11-20 00:00:00-05:00,13.211503296223635,13.211503296223635,12.986340255412108,13.098921775817871,2686500,0.0,0.0
2020-11-23 00:00:00-05:00,13.233228086934993,13.247053787740892,13.023866667469768,13.10287094116211,3810500,0.0,0.0
2020-11-24 00:00:00-05:00,13.091020953445733,13.091020953445733,12.958688834544953,13.000165939331055,2838000,0.0,0.0
2020-11-25 00:00:00-05:00,13.134473797356867,13.231253707283864,13.025842209865436,13.154224395751953,4233500,0.0,0.0
2020-11-27 00:00:00-05:00,13.746757517273831,13.924517613159228,13.746757517273831,13.825761795043945,1880000,0.0,0.0
2020-11-30 00:00:00-05:00,14.351140845886453,14.351140845886453,13.973895076509422,14.013397216796875,3502500,0.0,0.0
2020-12-01 00:00:00-05:00,13.551221182374077,13.64602612309652,13.513694010841075,13.596648216247559,2735000,0.0,0.0
2020-12-02 00:00:00-05:00,13.58479784784223,13.58479784784223,13.371486490004115,13.505793571472168,1205500,0.0,0.0
2020-12-03 00:00:00-05:00,13.381361771103295,13.43073967748184,13.24507878717072,13.397162437438965,1832000,0.0,0.0
2020-12-04 00:00:00-05:00,13.499867921044379,13.559120654112025,13.424813580140494,13.509743690490723,1725500,0.0,0.0
2020-12-07 00:00:00-05:00,13.873164813465062,13.873164813465062,13.458391882025904,13.66972827911377,1200500,0.0,0.0
2020-12-08 00:00:00-05:00,13.86328870005947,13.962043574458983,13.825761527573865,13.958093643188477,1681500,0.0,0.0
2020-12-09 00:00:00-05:00,14.179306184044068,14.179306184044068,13.756633389033228,13.847488403320312,1371000,0.0,0.0
2020-12-10 00:00:00-05:00,13.847487856458452,14.102276314454677,13.73885627165844,14.052898406982422,2194000,0.0,0.0
2020-12-11 00:00:00-05:00,14.357066151066096,14.400518221224969,14.206957458472264,14.376816749572754,1705000,0.0,0.0
2020-12-14 00:00:00-05:00,14.951573832581923,14.98120020063378,14.833067418569238,14.862693786621094,2588500,0.0,0.0
2020-12-15 00:00:00-05:00,14.93182283974333,14.93182283974333,14.631606391550934,14.657282829284668,1788500,0.0,0.0
2020-12-16 00:00:00-05:00,15.03452732012437,15.206361565126544,14.997000149546045,15.143157958984375,1450500,0.0,0.0
2020-12-17 00:00:00-05:00,16.107011822874373,16.304523457376657,16.107011822874373,16.22551918029785,3686000,0.0,0.0
2020-12-18 00:00:00-05:00,16.075409381367606,16.075409381367606,15.919376745420172,15.966777801513672,1436500,0.0,0.0
2020-12-21 00:00:00-05:00,15.269565830257708,15.634960840525501,15.228088726819598,15.589533805847168,2289500,0.0,0.0
2020-12-22 00:00:00-05:00,15.348570248575545,15.480902364405747,15.313018041667272,15.336719512939453,2147000,0.0,0.0
2020-12-23 00:00:00-05:00,15.307093071606245,15.480902290429578,15.21031316314678,15.433500289916992,1051500,0.0,0.0
2020-12-24 00:00:00-05:00,15.437449657776007,15.555956067440396,15.332768948815534,15.520403861999512,824500,0.0,0.0
2020-12-28 00:00:00-05:00,15.702113654923505,15.949002240326736,15.702113654923505,15.85024642944336,3834500,0.0,0.0
2020-12-29 00:00:00-05:00,15.77716807832448,15.77716807832448,15.565831696751143,15.733716011047363,2110000,0.0,0.0
2020-12-30 00:00:00-05:00,15.800869199992203,16.268970869243844,15.77914269593011,15.943076133728027,1695500,0.0,0.0
2020-12-31 00:00:00-05:00,16.01023157483936,16.01023157483936,15.864072817706697,15.903575897216797,976000,0.0,0.0
2021-01-04 00:00:00-05:00,15.76136775449952,15.800869891556202,15.461151324507698,15.544105529785156,3369000,0.0,0.0
2021-01-05 00:00:00-05:00,15.710015720544815,15.97468090057373,15.710015720544815,15.97468090057373,1448500,0.0,0.0
2021-01-06 00:00:00-05:00,15.674462581525763,15.674462581525763,15.433499829477812,15.542130470275879,1900000,0.0,0.0
2021-01-07 00:00:00-05:00,15.609284213113343,15.64483641925668,15.405848629648933,15.605334281921387,2363000,0.0,0.0
2021-01-08 00:00:00-05:00,15.711990376066993,15.889750469702129,15.607309662256476,15.810746192932129,2465000,0.0,0.0
2021-01-11 00:00:00-05:00,15.52040398633073,15.777168346896415,15.52040398633073,15.660636901855469,1436000,0.0,0.0
2021-01-12 00:00:00-05:00,15.897649958294105,15.897649958294105,15.721865776248125,15.862098693847656,1507500,0.0,0.0
2021-01-13 00:00:00-05:00,15.79296881401323,15.79296881401323,15.603358936145803,15.636935234069824,1996500,0.0,0.0
2021-01-14 00:00:00-05:00,15.650762276607141,15.715940854300962,15.603360273978645,15.644837379455566,1413500,0.0,0.0
2021-01-15 00:00:00-05:00,15.702114564102857,15.702114564102857,15.506578838348293,15.55398178100586,1855500,0.0,0.0
2021-01-19 00:00:00-05:00,15.757418336709833,15.757418336709833,15.553981806247114,15.692239761352539,1659000,0.0,0.0
2021-01-20 00:00:00-05:00,15.597433374530633,15.603359213084602,15.423624159766405,15.58360767364502,1774000,0.0,0.0
2021-01-21 00:00:00-05:00,14.973298853163369,15.050328160748212,14.967373956490023,15.04835319519043,3631000,0.0,0.0
2021-01-22 00:00:00-05:00,15.174760461796792,15.3051176071167,15.081930487621129,15.3051176071167,2515500,0.0,0.0
2021-01-25 00:00:00-05:00,15.058230008407124,15.0641549054911,14.916022118533526,15.01082706451416,5881500,0.0,0.0
2021-01-26 00:00:00-05:00,14.848867613756736,14.90614538241168,14.831091040046061,14.87256908416748,3349000,0.0,0.0
2021-01-27 00:00:00-05:00,14.935771509971534,14.981199484497727,14.615804489974028,14.671107292175293,2362500,0.0,0.0
2021-01-28 00:00:00-05:00,14.615804512932792,14.844916526043018,14.572351503873357,14.789613723754883,1819000,0.0,0.0
2021-01-29 00:00:00-05:00,14.657282394884554,14.657282394884554,14.220782966347668,14.2741117477417,2473500,0.0,0.0
2021-02-01 00:00:00-05:00,15.02070286609289,15.439425732002295,14.961449186103213,15.287342071533203,3334500,0.0,0.0
2021-02-02 00:00:00-05:00,14.756038206934422,14.904170989990234,14.671108091664104,14.904170989990234,8896000,0.0,0.0
2021-02-03 00:00:00-05:00,14.797514689001577,14.797514689001577,14.615804672241211,14.615804672241211,3886000,0.0,0.0
2021-02-04 00:00:00-05:00,14.497298518510132,14.524949920444055,14.361015532629805,14.443970680236816,2256000,0.0,0.0
2021-02-05 00:00:00-05:00,14.793563952968015,14.961448270559154,14.793563952968015,14.854792594909668,1539000,0.0,0.0
2021-02-08 00:00:00-05:00,15.010827059035568,15.010827059035568,14.91207218170166,14.91207218170166,1826500,0.0,0.0
2021-02-09 00:00:00-05:00,14.763937065629143,14.763937065629143,14.590127857426678,14.647405624389648,3118000,0.0,0.0
2021-02-10 00:00:00-05:00,15.20833683259249,15.245864003915841,15.016751986632789,15.188586235046387,2717000,0.0,0.0
2021-02-11 00:00:00-05:00,15.230063445098919,15.395972797962195,15.18858634233441,15.26956558227539,1646500,0.0,0.0
2021-02-12 00:00:00-05:00,15.573732968162092,15.73569144889684,15.573732968162092,15.723840713500977,2005500,0.0,0.0
2021-02-16 00:00:00-05:00,16.079358969418447,16.195890408867157,15.804818990067448,16.116886138916016,3033500,0.0,0.0
2021-02-17 00:00:00-05:00,16.093185135140757,16.112936674102542,15.814695216777126,16.047758102416992,3536500,0.0,0.0
2021-02-18 00:00:00-05:00,16.018131743727483,16.041833215164857,15.792969648682977,15.988506317138672,1796500,0.0,0.0
2021-02-19 00:00:00-05:00,16.06356086117043,16.097136219478433,15.99838228481521,16.071460723876953,1637500,0.0,0.0
2021-02-22 00:00:00-05:00,15.909501502388146,15.97468007573489,15.660637002513997,15.70211410522461,1550000,0.0,0.0
2021-02-23 00:00:00-05:00,15.524355147512885,15.696189399002867,14.81331572882387,15.68631362915039,2596500,0.0,0.0
2021-02-24 00:00:00-05:00,15.374246727703918,15.64878673011583,15.374246727703918,15.593483924865723,1986500,0.0,0.0
2021-02-25 00:00:00-05:00,15.753467054874214,15.92530130512046,15.524355035147636,15.565832138061523,3932500,0.0,0.0
2021-02-26 00:00:00-05:00,15.016752178711869,15.386097116336947,15.016752178711869,15.232038497924805,3032000,0.0,0.0
2021-03-01 00:00:00-05:00,15.182660314609313,15.28536605834961,15.1589597860429,15.28536605834961,2973000,0.0,0.0
2021-03-02 00:00:00-05:00,14.989101486326431,15.060204960295401,14.87454499989365,14.89232063293457,2972000,0.0,0.0
2021-03-03 00:00:00-05:00,14.556551819378326,14.61580549854366,14.335339653503212,14.396568298339844,3116500,0.0,0.0
2021-03-04 00:00:00-05:00,14.05684993036383,14.112152737224882,13.689479939350704,13.84946346282959,3852000,0.0,0.0
2021-03-05 00:00:00-05:00,14.319538380743879,14.319538380743879,13.827736160788762,14.187206268310547,3909000,0.0,0.0
2021-03-08 00:00:00-05:00,13.638126741268927,13.707255248209938,13.456416715762321,13.547271728515625,5579500,0.0,0.0
2021-03-09 00:00:00-05:00,13.549246794732328,13.725030982774213,13.468266609651515,13.648001670837402,3492000,0.0,0.0
2021-03-10 00:00:00-05:00,13.628250962516523,13.821811723633434,13.517644409676027,13.527520179748535,3653000,0.0,0.0
2021-03-11 00:00:00-05:00,13.64405165953728,13.960068768109938,13.6282509924697,13.705280303955078,3866000,0.0,0.0
2021-03-12 00:00:00-05:00,13.679603955433285,13.713180255443794,13.588748941949403,13.667753219604492,2004000,0.0,0.0
2021-03-15 00:00:00-04:00,13.9620436878292,14.07067527489758,13.924517456844148,14.05882453918457,2547000,0.0,0.0
2021-03-16 00:00:00-04:00,14.487423040045195,14.596053684370698,14.418294533820353,14.469647407531738,3274000,0.0,0.0
2021-03-17 00:00:00-04:00,14.222759357979314,14.517049968557627,14.108202870523698,14.441995620727539,2190500,0.0,0.0
2021-03-18 00:00:00-04:00,14.260284498307358,14.285960934188402,14.066724688225124,14.124002456665039,1827000,0.0,0.0
2021-03-19 00:00:00-04:00,14.056849603467196,14.236584663391113,13.987720154693214,14.236584663391113,2694500,0.0,0.0
2021-03-22 00:00:00-04:00,14.505198666769495,14.542725839220934,14.23460859707559,14.430145263671875,1539000,0.0,0.0
2021-03-23 00:00:00-04:00,14.673083385054564,14.673083385054564,14.509149931390649,14.556551933288574,2207000,0.0,0.0
2021-03-24 00:00:00-04:00,14.388666702074678,14.493347411335366,14.216832454658768,14.222758293151855,2527000,0.0,0.0
2021-03-25 00:00:00-04:00,14.137828426371335,14.137828426371335,13.94426767080119,14.050923347473145,2678000,0.0,0.0
2021-03-26 00:00:00-04:00,14.487423599289807,14.517049968557627,14.236585059757981,14.441995620727539,1737000,0.0,0.0
2021-03-29 00:00:00-04:00,14.418293945571053,14.441994474020285,14.157579656382469,14.378791809082031,1712000,0.0,0.0
2021-03-30 00:00:00-04:00,14.122028366540091,14.355091269476487,14.098326894749054,14.299787521362305,1211500,0.0,0.0
2021-03-31 00:00:00-04:00,13.960067946699672,14.04697302316577,13.831685768444718,13.983769416809082,2850000,0.0,0.0
2021-04-01 00:00:00-04:00,14.031173535628907,14.280037109071504,14.031173535628907,14.185232162475586,1889000,0.0,0.0
2021-04-05 00:00:00-04:00,14.285961626920075,14.285961626920075,14.050923761475062,14.256335258483887,1039500,0.0,0.0
2021-04-06 00:00:00-04:00,14.432120211610453,14.432120211610453,14.26028501643684,14.390642166137695,1469000,0.0,0.0
2021-04-07 00:00:00-04:00,14.351139456300341,14.418293935911388,14.299786584718495,14.359040260314941,2093000,0.0,0.0
2021-04-08 00:00:00-04:00,14.540750907938657,14.803440173914057,14.540750907938657,14.667158126831055,755500,0.0,0.0
2021-04-09 00:00:00-04:00,14.519023825376872,14.684933175854864,14.479521688768322,14.615804672241211,887000,0.0,0.0
2021-04-12 00:00:00-04:00,14.321513519220584,14.645431424657026,14.321513519220584,14.64345645904541,889000,0.0,0.0
2021-04-13 00:00:00-04:00,14.813315429218772,15.01082611324731,14.67110754835718,14.99107551574707,1827000,0.0,0.0
2021-04-14 00:00:00-04:00,14.870593925694083,15.012801813515063,14.795540521353928,14.829116821289062,1107000,0.0,0.0
2021-04-15 00:00:00-04:00,14.698759288066366,14.862693677574025,14.698759288066366,14.801465034484863,1183500,0.0,0.0
2021-04-16 00:00:00-04:00,14.76393795901227,14.858742901786265,14.637530740776773,14.783689498901367,1496500,0.0,0.0
2021-04-19 00:00:00-04:00,14.469647013111215,14.708634800834986,14.280036190313385,14.42224407196045,1951000,0.0,0.0
2021-04-20 00:00:00-04:00,14.515074600825091,14.515074600825091,14.252385332500747,14.29583740234375,2321500,0.0,0.0
2021-04-21 00:00:00-04:00,14.270160803893575,14.44594593054478,14.260285033921036,14.430145263671875,989500,0.0,0.0
2021-04-22 00:00:00-04:00,14.280036823952194,14.366941905983037,14.131904038990903,14.258310317993164,1362000,0.0,0.0
2021-04-23 00:00:00-04:00,14.497298679552138,14.497298679552138,14.262260818697653,14.309662818908691,2999000,0.0,0.0
2021-04-26 00:00:00-04:00,13.948218269301771,14.112152665151555,13.944268337919095,14.044999122619629,6111500,0.0,0.0
2021-04-27 00:00:00-04:00,13.827736191864568,14.031172716746436,13.827736191864568,13.853412628173828,1470500,0.0,0.0
2021-04-28 00:00:00-04:00,13.999570012325155,14.23855873595002,13.999570012325155,14.100300788879395,942000,0.0,0.0
2021-04-29 00:00:00-04:00,14.449896285307812,14.449896285307812,13.861314128051179,14.044999122619629,975500,0.0,0.0
2021-04-30 00:00:00-04:00,13.973893601864086,14.210907360382388,13.973893601864086,14.199056625366211,1515500,0.0,0.0
2021-05-03 00:00:00-04:00,14.283985723614503,14.408417969766766,14.220782117775672,14.315587997436523,2146000,0.0,0.0
2021-05-04 00:00:00-04:00,14.220782730155529,14.305712844041462,13.965994272108231,14.033147811889648,2072500,0.0,0.0
2021-05-05 00:00:00-04:00,14.122028370030606,14.289912696485786,14.122028370030606,14.280036926269531,2181500,0.0,0.0
2021-05-06 00:00:00-04:00,13.446541164635342,13.877114763945947,13.446541164635342,13.827736854553223,3800000,0.0,0.0
2021-05-07 00:00:00-04:00,13.703305327660939,13.924517491851152,13.578873073264138,13.626276016235352,6181000,0.0,0.0
2021-05-10 00:00:00-04:00,14.02524699510869,14.173380717422766,13.914641386580552,13.954143524169922,5612500,0.0,0.0
2021-05-11 00:00:00-04:00,14.062774201074067,14.17338075167475,13.956118523505545,14.131903648376465,5854500,0.0,0.0
2021-05-12 00:00:00-04:00,13.932417659680322,13.944268395682728,13.709230524944706,13.73095703125,1683000,0.0,0.0
2021-05-13 00:00:00-04:00,13.68750380286462,13.70528037749064,13.403088026901088,13.549246788024902,7994500,0.0,0.0
2021-05-14 00:00:00-04:00,13.825761146161575,14.072649738057319,13.825761146161575,13.930441856384277,1918500,0.0,0.0
2021-05-17 00:00:00-04:00,14.02722358761343,14.203007778839606,13.997596276620465,14.08647632598877,1740500,0.0,0.0
2021-05-18 00:00:00-04:00,13.999571027794591,14.088451075800888,13.885015484209651,13.904766082763672,3242500,0.0,0.0
2021-05-19 00:00:00-04:00,13.960068922966926,14.181281089782715,13.960068922966926,14.181281089782715,1964500,0.0,0.0
2021-05-20 00:00:00-04:00,14.078574682168947,14.30966260839082,14.078574682168947,14.20695686340332,5358000,0.0,0.0
2021-05-21 00:00:00-04:00,14.586178947613751,14.62568108596198,14.398543084105714,14.491373062133789,2528000,0.0,0.0
2021-05-24 00:00:00-04:00,14.732336162012851,14.852817537770285,14.696783956413775,14.833066940307617,2657500,0.0,0.0
2021-05-25 00:00:00-04:00,15.109582419755624,15.151059523485783,15.018727407953973,15.099706649780273,1570500,0.0,0.0
2021-05-26 00:00:00-04:00,15.39597241684865,15.39597241684865,15.212287436434753,15.281415939331055,1087500,0.0,0.0
2021-05-27 00:00:00-04:00,15.099706468220957,15.158960145555332,15.070080100456394,15.135258674621582,1328500,0.0,0.0
2021-05-28 00:00:00-04:00,15.192536366945843,15.334744250016778,15.192536366945843,15.271540641784668,1156000,0.0,0.0
2021-06-01 00:00:00-04:00,14.991075607146922,15.206361924418786,14.848867725418295,15.012801170349121,1492000,0.0,0.0
2021-06-02 00:00:00-04:00,15.111557379606266,15.192536621401574,15.0147774709396,15.06020450592041,1171000,0.0,0.0
2021-06-03 00:00:00-04:00,15.066128930518866,15.25573975244691,15.022676862533478,15.070079803466797,1557000,0.0,0.0
2021-06-04 00:00:00-04:00,15.271541319777032,15.415724174849265,15.107607866020874,15.364371299743652,784000,0.0,0.0
2021-06-07 00:00:00-04:00,15.405848803026048,15.575708089659933,15.405848803026048,15.530280113220215,863000,0.0,0.0
2021-06-08 00:00:00-04:00,15.581633647735167,15.581633647735167,15.34067087959418,15.40584945678711,1547000,0.0,0.0
2021-06-09 00:00:00-04:00,15.101682100899467,15.356471511983907,15.101682100899467,15.14908504486084,912000,0.0,0.0
2021-06-10 00:00:00-04:00,15.060204435885362,15.235989561701876,15.060204435885362,15.216238021850586,1015500,0.0,0.0
2021-06-11 00:00:00-04:00,15.158960345050957,15.222163012632386,15.113532368195886,15.218213081359863,1077500,0.0,0.0
2021-06-14 00:00:00-04:00,14.756037402817421,14.756037402817421,14.615804489974028,14.671107292175293,1448000,0.0,0.0
2021-06-15 00:00:00-04:00,14.572352878287733,14.615805891445508,14.44792156140349,14.463722229003906,1639500,0.0,0.0
2021-06-16 00:00:00-04:00,14.270160258232591,14.270160258232591,13.946242361600282,14.10425090789795,1597000,0.0,0.0
2021-06-17 00:00:00-04:00,14.376816398051506,14.657282236069687,14.309662857882362,14.526925086975098,2400500,0.0,0.0
2021-06-18 00:00:00-04:00,14.651357729729003,14.651357729729003,14.50519896815332,14.534826278686523,1398000,0.0,0.0
2021-06-21 00:00:00-04:00,14.497298745687663,14.665183067321777,14.477547205822352,14.665183067321777,1276500,0.0,0.0
2021-06-22 00:00:00-04:00,14.42026988284977,14.59012917537923,14.418294917163017,14.556551933288574,1059500,0.0,0.0
2021-06-23 00:00:00-04:00,14.220782385784007,14.35904033502492,14.220782385784007,14.222758293151855,1012500,0.0,0.0
2021-06-24 00:00:00-04:00,14.232633056447952,14.485447483421865,14.232633056447952,14.378791809082031,1052500,0.0,0.0
2021-06-25 00:00:00-04:00,14.272135930863833,14.37286671375085,14.222758964053485,14.29583740234375,1278000,0.0,0.0
2021-06-28 00:00:00-04:00,14.376816676689693,14.596053875653329,14.36101600960341,14.53285026550293,1796000,0.0,0.0
2021-06-29 00:00:00-04:00,14.335339751656042,14.491373342420276,14.317564118687374,14.438045501708984,2051000,0.0,0.0
2021-06-30 00:00:00-04:00,14.315588467031988,14.426194074524242,14.28201122658313,14.32546329498291,1016500,0.0,0.0
2021-07-01 00:00:00-04:00,14.2721362236855,14.392618549212813,14.226709187254688,14.301763534545898,813000,0.0,0.0
2021-07-02 00:00:00-04:00,14.509149551391602,14.528900149547141,14.402492930852745,14.509149551391602,704500,0.0,0.0
2021-07-06 00:00:00-04:00,14.856768323097853,14.916022002503126,14.815291218416801,14.870594024658203,1499500,0.0,0.0
2021-07-07 00:00:00-04:00,14.84689271876015,14.902195522111267,14.765912537504317,14.775788307189941,2171500,0.0,0.0
2021-07-08 00:00:00-04:00,14.341265056799449,14.3926179299148,13.833662164285142,14.072649955749512,1136000,0.0,0.0
2021-07-09 00:00:00-04:00,14.114127482694945,14.35706615447998,14.114127482694945,14.35706615447998,1133500,0.0,0.0
2021-07-12 00:00:00-04:00,14.167454452581156,14.321513067086613,14.167454452581156,14.240533828735352,794500,0.0,0.0
2021-07-13 00:00:00-04:00,14.122027481529834,14.19905678912073,14.037097369901964,14.10425090789795,919500,0.0,0.0
2021-07-14 00:00:00-04:00,14.357065461794328,14.357065461794328,14.110176870579716,14.244483947753906,1075000,0.0,0.0
2021-07-15 00:00:00-04:00,14.244484198236043,14.246459163846092,13.999570568290068,14.052898406982422,3065500,0.0,0.0
2021-07-16 00:00:00-04:00,13.924517147365854,14.052898388093809,13.924517147365854,13.934391975402832,1159000,0.0,0.0
2021-07-19 00:00:00-04:00,13.699353590235866,13.819835905718795,13.549245849972937,13.628250122070312,5535500,0.0,0.0
2021-07-20 00:00:00-04:00,13.576898664903572,13.576898664903572,13.452466405399157,13.539371490478516,13523000,0.0,0.0
2021-07-21 00:00:00-04:00,13.468266599613038,13.568997383117676,13.341860320620547,13.568997383117676,4378000,0.0,0.0
2021-07-22 00:00:00-04:00,13.667753104286712,13.667753104286712,13.493942941467765,13.507769584655762,2455000,0.0,0.0
2021-07-23 00:00:00-04:00,13.515668876053654,13.626275424246131,13.493942371168204,13.555171012878418,3072000,0.0,0.0
2021-07-26 00:00:00-04:00,13.430740250717585,13.49591882621368,13.361610802115026,13.428764343261719,2867500,0.0,0.0
2021-07-27 00:00:00-04:00,13.47024239237854,13.61245027911372,13.292482298508245,13.409013748168945,2050500,0.0,0.0
2021-07-28 00:00:00-04:00,13.282607089811616,13.401113510131836,13.235205086766715,13.401113510131836,2081000,0.0,0.0
2021-07-29 00:00:00-04:00,13.28260620234567,13.28260620234567,13.136448387896673,13.146324157714844,2437500,0.0,0.0
2021-07-30 00:00:00-04:00,12.739451889170878,12.761178395745782,12.642671976056437,12.690074920654297,2511500,0.0,0.0
2021-08-02 00:00:00-04:00,12.861908619174567,12.934987056791586,12.822406481007045,12.855982780456543,1820000,0.0,0.0
2021-08-03 00:00:00-04:00,12.731550996774503,12.887584578019064,12.731550996774503,12.806605339050293,1878500,0.0,0.0
2021-08-04 00:00:00-04:00,12.694024454318445,12.719700891536796,12.449110817913034,12.603169441223145,1872000,0.0,0.0
2021-08-05 00:00:00-04:00,12.56169192088916,12.571566748872822,12.17852034096575,12.378006935119629,3837500,0.0,0.0
2021-08-06 00:00:00-04:00,11.793375093159655,11.870404404588328,11.67486773572687,11.676843643188477,6412500,0.0,0.0
2021-08-09 00:00:00-04:00,11.75979794608986,11.75979794608986,11.637341598165598,11.678818702697754,2437000,0.0,0.0
2021-08-10 00:00:00-04:00,11.356875878657398,11.356875878657398,11.202817252857388,11.228493690490723,5256000,0.0,0.0
2021-08-11 00:00:00-04:00,11.672892485668978,11.811150438101823,11.641291152327026,11.690669059753418,3232500,0.0,0.0
2021-08-12 00:00:00-04:00,11.633390435561662,11.751896849192914,11.56426192972808,11.653141975402832,3637000,0.0,0.0
2021-08-13 00:00:00-04:00,11.672891917053716,11.819050666604921,11.672891917053716,11.738070487976074,2257500,0.0,0.0
2021-08-16 00:00:00-04:00,11.696594527804907,11.730171770200135,11.623516087705745,11.722270965576172,4859500,0.0,0.0
2021-08-17 00:00:00-04:00,11.755847432998497,11.755847432998497,11.611664586204412,11.686717987060547,2785500,0.0,0.0
2021-08-18 00:00:00-04:00,11.880279319747409,11.880279319747409,11.657092188259888,11.659067153930664,2255500,0.0,0.0
2021-08-19 00:00:00-04:00,11.422053582394811,11.696593570791945,11.422053582394811,11.663017272949219,1858500,0.0,0.0
2021-08-20 00:00:00-04:00,11.870404059413,11.92570686340332,11.78547394602337,11.92570686340332,2760500,0.0,0.0
2021-08-23 00:00:00-04:00,11.854603107476045,11.949408995915451,11.811151036478183,11.919781684875488,2567500,0.0,0.0
2021-08-24 00:00:00-04:00,12.028412036551197,12.028412036551197,11.949407765523373,11.953357696533203,1831000,0.0,0.0
2021-08-25 00:00:00-04:00,11.927682199219875,11.927682199219875,11.805225852039696,11.894104957580566,1820500,0.0,0.0
2021-08-26 00:00:00-04:00,11.781523973068857,11.80127457079315,11.702519698561199,11.708444595336914,1264000,0.0,0.0
2021-08-27 00:00:00-04:00,11.769672936885579,11.769672936885579,11.53463508496195,11.643265724182129,3375500,0.0,0.0
2021-08-30 00:00:00-04:00,11.655116481875789,11.840776428403535,11.655116481875789,11.761772155761719,1338500,0.0,0.0
2021-08-31 00:00:00-04:00,11.803250511263267,11.931632703393127,11.803250511263267,11.866454124450684,2424000,0.0,0.0
2021-09-01 00:00:00-04:00,11.957308503998759,12.190371403155618,11.957308503998759,12.069890022277832,3558000,0.0,0.0
2021-09-02 00:00:00-04:00,12.235798729920718,12.399732171793284,12.210122294229205,12.2338228225708,2691000,0.0,0.0
2021-09-03 00:00:00-04:00,12.338505055823545,12.340480021461582,12.087665583687452,12.225923538208008,3380500,0.0,0.0
2021-09-07 00:00:00-04:00,12.52614001415154,12.59131858942793,12.364181529685169,12.443185806274414,2288000,0.0,0.0
2021-09-08 00:00:00-04:00,12.342454495895037,12.342454495895037,12.156794548034668,12.156794548034668,2085000,0.0,0.0
2021-09-09 00:00:00-04:00,12.107416641827804,12.302952359290591,12.107416641827804,12.156794548034668,3337500,0.0,0.0
2021-09-10 00:00:00-04:00,12.443185486333284,12.518238887899594,12.245673858133356,12.279251098632812,2462000,0.0,0.0
2021-09-13 00:00:00-04:00,12.397757332815537,12.417508872074597,12.326653863454428,12.374055862426758,2636000,0.0,0.0
2021-09-14 00:00:00-04:00,12.245674692299007,12.245674692299007,12.097541902863615,12.099516868591309,3279000,0.0,0.0
2021-09-15 00:00:00-04:00,12.332579094961606,12.332579094961606,12.008661188399891,12.08569049835205,4769000,0.0,0.0
2021-09-16 00:00:00-04:00,12.004711505493225,12.004711505493225,11.77757350217511,11.854602813720703,1979000,0.0,0.0
2021-09-17 00:00:00-04:00,11.998785503210932,11.998785503210932,11.850652720921516,11.988910675048828,3217500,0.0,0.0
2021-09-20 00:00:00-04:00,11.821026798282023,11.971134551860441,11.76967392268289,11.840777397155762,2430500,0.0,0.0
2021-09-21 00:00:00-04:00,11.99878500627628,11.99878500627628,11.890154366550044,11.900030136108398,2301000,0.0,0.0
2021-09-22 00:00:00-04:00,12.016562257083933,12.111367201493676,11.97113427963836,11.973109245300293,3606000,0.0,0.0
2021-09-23 00:00:00-04:00,12.174570644176422,12.174570644176422,11.979034919256488,12.127167701721191,1792500,0.0,0.0
2021-09-24 00:00:00-04:00,12.111366638473262,12.111366638473262,11.90595515029671,12.000761032104492,1412000,0.0,0.0
2021-09-27 00:00:00-04:00,12.0975407362526,12.105441540206778,11.933606353193854,11.996809959411621,967000,0.0,0.0
2021-09-28 00:00:00-04:00,11.925707669682971,11.925707669682971,11.465506749035775,11.489208221435547,3581000,0.0,0.0
2021-09-29 00:00:00-04:00,11.742022115663849,11.834852093332513,11.653142069273136,11.65511703491211,3394000,0.0,0.0
2021-09-30 00:00:00-04:00,11.900031068092993,11.937558241909612,11.613640321107756,11.702520370483398,5248500,0.0,0.0
2021-10-01 00:00:00-04:00,10.81964612257143,11.232443130536522,10.81964612257143,11.11986255645752,7871000,0.0,0.0
2021-10-04 00:00:00-04:00,11.013207787956064,11.013207787956064,10.764343264750012,10.803845405578613,3313500,0.0,0.0
2021-10-05 00:00:00-04:00,10.829520890953365,10.863098131514482,10.74656668505683,10.784093856811523,3419000,0.0,0.0
2021-10-06 00:00:00-04:00,10.946053137115857,11.04085902713,10.888775363403406,11.017157554626465,1658000,0.0,0.0
2021-10-07 00:00:00-04:00,11.15146437304319,11.238369456183335,11.123812969727073,11.18899154663086,1368000,0.0,0.0
2021-10-08 00:00:00-04:00,11.20874318069882,11.220593916762507,11.100111590415901,11.1317138671875,878000,0.0,0.0
2021-10-11 00:00:00-04:00,11.194917098170794,11.218617627686784,11.052709212048532,11.143564224243164,1148500,0.0,0.0
2021-10-12 00:00:00-04:00,11.208742133784733,11.22849273084261,11.096160622597642,11.16923999786377,1250500,0.0,0.0
2021-10-13 00:00:00-04:00,11.1672640806135,11.1672640806135,11.080359946747702,11.14948844909668,556000,0.0,0.0
2021-10-14 00:00:00-04:00,11.35490111059732,11.35490111059732,11.183066848754692,11.252195358276367,1112500,0.0,0.0
2021-10-15 00:00:00-04:00,11.1238123937212,11.169240369534851,11.100110923018883,11.117887496948242,2115000,0.0,0.0
2021-10-18 00:00:00-04:00,11.074434571201266,11.133688248409047,11.048758134712102,11.10011100769043,3041500,0.0,0.0
2021-10-19 00:00:00-04:00,11.16726502653759,11.16726502653759,11.013207342796857,11.07048511505127,2145500,0.0,0.0
2021-10-20 00:00:00-04:00,10.861123458225967,10.863098423875906,10.793969917101654,10.809770584106445,3151000,0.0,0.0
2021-10-21 00:00:00-04:00,10.920376767526744,10.928277572346031,10.746567537750275,10.801870346069336,5371000,0.0,0.0
2021-10-22 00:00:00-04:00,10.811745839356686,10.922352394963433,10.801870069037186,10.835447311401367,1028000,0.0,0.0
2021-10-25 00:00:00-04:00,10.685338501332188,10.724840640379792,10.590533555978997,10.69521427154541,1279000,0.0,0.0
2021-10-26 00:00:00-04:00,10.604359239576834,10.788044232927035,10.57670783647092,10.596458435058594,1531000,0.0,0.0
2021-10-27 00:00:00-04:00,10.641886802228923,10.641886802228923,10.545106887817383,10.545106887817383,1017000,0.0,0.0
2021-10-28 00:00:00-04:00,10.667562129369674,10.805820077360751,10.665587163824908,10.797919273376465,1286000,0.0,0.0
2021-10-29 00:00:00-04:00,10.870998484709963,10.9124755859375,10.849271980436166,10.9124755859375,1143000,0.0,0.0
2021-11-01 00:00:00-04:00,11.005306426544688,11.005306426544688,10.869023435404197,10.969754219055176,1227500,0.0,0.0
2021-11-02 00:00:00-04:00,10.507578571455348,10.724839849288788,10.507578571455348,10.580657005310059,2390500,0.0,0.0
2021-11-03 00:00:00-04:00,10.764342284144831,10.791994627830586,10.45820095606322,10.586583137512207,1799500,0.0,0.0
2021-11-04 00:00:00-04:00,10.612259573802005,10.649786745441341,10.477951553775627,10.586583137512207,1909500,0.0,0.0
2021-11-05 00:00:00-04:00,10.764342807857549,11.003331550261244,10.764342807857549,10.93222713470459,2408000,0.0,0.0
2021-11-08 00:00:00-05:00,10.675464154239652,10.904576194323413,10.6675633493518,10.803845405578613,1513500,0.0,0.0
2021-11-09 00:00:00-05:00,10.80779532758346,10.853222361725301,10.774218087022343,10.784093856811523,1236500,0.0,0.0
2021-11-10 00:00:00-05:00,10.788043878603743,10.926301831397641,10.711014568850674,10.726816177368164,1676500,0.0,0.0
2021-11-11 00:00:00-05:00,10.815695202930577,10.86309814453125,10.795944605133792,10.86309814453125,1463500,0.0,0.0
2021-11-12 00:00:00-05:00,10.8472971063225,10.950002848401937,10.8472971063225,10.93420124053955,1275000,0.0,0.0
2021-11-15 00:00:00-05:00,10.946052826821107,10.957903562736936,10.841372111069035,10.853222846984863,1554500,0.0,0.0
2021-11-16 00:00:00-05:00,10.961854459432699,11.153439316571532,10.961854459432699,11.05073356628418,3669000,0.0,0.0
2021-11-17 00:00:00-05:00,10.90260039124845,10.961854068843417,10.865073219072512,10.92432689666748,1602000,0.0,0.0
2021-11-18 00:00:00-05:00,11.143564221110621,11.200841991949831,11.109986979780738,11.163314819335938,2088000,0.0,0.0
2021-11-19 00:00:00-05:00,11.240343283549004,11.271944615051309,11.163313978481293,11.224542617797852,1230500,0.0,0.0
2021-11-22 00:00:00-05:00,11.18899151489596,11.18899151489596,10.96382941581385,10.971729278564453,1884000,0.0,0.0
2021-11-23 00:00:00-05:00,11.070484503028592,11.177140178877838,10.833471680740214,10.880873680114746,2130500,0.0,0.0
2021-11-24 00:00:00-05:00,10.823596000671387,10.823596000671387,10.74854165711687,10.823596000671387,1315000,0.0,0.0
2021-11-26 00:00:00-05:00,10.778167719137157,10.813719924308538,10.705089285057626,10.718914985656738,734500,0.0,0.0
2021-11-29 00:00:00-05:00,11.234419144751815,11.234419144751815,11.07640965116808,11.200841903686523,2568500,0.0,0.0
2021-11-30 00:00:00-05:00,11.048758871190762,11.048758871190762,10.817671869189939,10.878899574279785,2316000,0.0,0.0
2021-12-01 00:00:00-05:00,11.06060913248253,11.183066421014562,10.918401245616302,10.928277015686035,1646500,0.0,0.0
2021-12-02 00:00:00-05:00,11.220593352920105,11.293671789534423,11.220593352920105,11.258119583129883,1998500,0.0,0.0
2021-12-03 00:00:00-05:00,11.078385431506709,11.078385431506709,10.894699503275982,11.021106719970703,2193500,0.0,0.0
2021-12-06 00:00:00-05:00,11.03098221503717,11.149488624559767,10.951977942022106,11.054683685302734,3014500,0.0,0.0
2021-12-07 00:00:00-05:00,11.429954331035548,11.429954331035548,11.03690699390457,11.40625286102295,3227000,0.0,0.0
2021-12-08 00:00:00-05:00,11.477356837810888,11.597839158745904,11.477356837810888,11.574137687683105,1786000,0.0,0.0
2021-12-09 00:00:00-05:00,11.702520345345986,11.799300257334949,11.558337489310427,11.584012985229492,1447500,0.0,0.0
2021-12-10 00:00:00-05:00,11.692644125205186,11.82102630888796,11.672892585343872,11.732146263122559,1507500,0.0,0.0
2021-12-13 00:00:00-05:00,11.655116919952288,11.690669126518959,11.554386138916016,11.554386138916016,1864500,0.0,0.0
2021-12-14 00:00:00-05:00,11.495133200245027,11.651166783094506,11.439829454848896,11.491182327270508,1917500,0.0,0.0
2021-12-15 00:00:00-05:00,11.589938556377158,11.649191293261204,11.4576064394105,11.637341499328613,1791000,0.0,0.0
2021-12-16 00:00:00-05:00,11.821026487244831,11.846702924368795,11.603764254518582,11.657092094421387,1740500,0.0,0.0
2021-12-17 00:00:00-05:00,11.570186896997022,11.580062666977696,11.48723268949198,11.497108459472656,1989500,0.0,0.0
2021-12-20 00:00:00-05:00,11.55833740974947,11.718320932097562,11.556361502256717,11.700544357299805,2500500,0.0,0.0
2021-12-21 00:00:00-05:00,12.000761884347314,12.079766163594192,11.913856800453631,12.038288116455078,2595000,0.0,0.0
2021-12-22 00:00:00-05:00,11.749922014926877,11.913856406942354,11.749922014926877,11.872379302978516,1356500,0.0,0.0
2021-12-23 00:00:00-05:00,11.947432728532188,12.030387878417969,11.947432728532188,12.030387878417969,1404000,0.0,0.0
2021-12-27 00:00:00-05:00,11.850652737939793,12.121242807880478,11.850652737939793,12.107417106628418,2470500,0.0,0.0
2021-12-28 00:00:00-05:00,11.793374637029524,11.900030312788655,11.785473832904492,11.805225372314453,1528000,0.0,0.0
2021-12-29 00:00:00-05:00,11.666967592304891,11.85065257919693,11.666967592304891,11.749921798706055,798000,0.0,0.0
2021-12-30 00:00:00-05:00,11.520809755222823,11.595863157239082,11.477356744691821,11.572162628173828,1750000,0.0,0.0
2021-12-31 00:00:00-05:00,11.520809549342266,11.5780873180847,11.510933779688498,11.528709411621094,1247000,0.0,0.0
2022-01-03 00:00:00-05:00,11.653141670110262,11.830900814997523,11.505007950598108,11.548460960388184,1986500,0.0,0.0
2022-01-04 00:00:00-05:00,11.613639810421008,11.613639810421008,11.39637758170148,11.514883995056152,1287000,0.0,0.0
2022-01-05 00:00:00-05:00,11.404277756624818,11.406252722134285,11.22059277897164,11.246268272399902,1127500,0.0,0.0
2022-01-06 00:00:00-05:00,11.194917403586185,11.447730907031112,11.169240965921876,11.347000122070312,1696000,0.0,0.0
2022-01-07 00:00:00-05:00,11.455631253216927,11.48920755232342,11.396377575668332,11.475381851196289,1455000,0.0,0.0
2022-01-10 00:00:00-05:00,11.32132361453431,11.552411552086896,11.297622142712719,11.542535781860352,2455500,0.0,0.0
2022-01-11 00:00:00-05:00,11.362801205799602,11.708445644084568,11.362801205799602,11.651167869567871,1047500,0.0,0.0
2022-01-12 00:00:00-05:00,11.584012988958964,11.584012988958964,11.497108847252614,11.564262390136719,690000,0.0,0.0
2022-01-13 00:00:00-05:00,11.439830576559743,11.453656278813119,11.283796978410686,11.297622680664062,1445500,0.0,0.0
2022-01-14 00:00:00-05:00,11.250219352619496,11.341074360366244,11.250219352619496,11.289721488952637,1167000,0.0,0.0
2022-01-18 00:00:00-05:00,11.465506189602582,11.54648637331811,11.429954924542875,11.53661060333252,3610000,0.0,0.0
2022-01-19 00:00:00-05:00,11.639316356604041,11.751896932357539,11.499083436516168,11.576112747192383,3523000,0.0,0.0
2022-01-20 00:00:00-05:00,11.913856401363264,11.97706001100463,11.708444905480139,11.832877159118652,3325500,0.0,0.0
2022-01-21 00:00:00-05:00,11.734121419768687,11.892129974010414,11.71634578704834,11.71634578704834,3163500,0.0,0.0
2022-01-24 00:00:00-05:00,11.63141593744141,11.63141593744141,11.345025190870302,11.603764533996582,3923000,0.0,0.0
2022-01-25 00:00:00-05:00,11.643266290500229,11.846702820045577,11.439829760954883,11.63536548614502,2522000,0.0,0.0
2022-01-26 00:00:00-05:00,12.069889540716769,12.196296755305498,11.959282992500322,12.060013771057129,3316500,0.0,0.0
2022-01-27 00:00:00-05:00,12.067914865980496,12.202221946089528,12.06593990036202,12.08569049835205,3588500,0.0,0.0
2022-01-28 00:00:00-05:00,11.90793059553573,12.077789884876545,11.85065282447399,12.069890022277832,3951000,0.0,0.0
2022-01-31 00:00:00-05:00,12.02446195159252,12.131118572093026,12.002736387809765,12.067914962768555,2925000,0.0,0.0
2022-02-01 00:00:00-05:00,12.13309309209999,12.245673663563297,12.13309309209999,12.235798835754395,1189500,0.0,0.0
2022-02-02 00:00:00-05:00,12.462936000086165,12.480711632110069,12.360230255491985,12.376030921936035,1139000,0.0,0.0
2022-02-03 00:00:00-05:00,12.154819109961647,12.421459248690418,12.073839868066749,12.166669845581055,3557500,0.0,0.0
2022-02-04 00:00:00-05:00,12.300977163103006,12.460960672080732,12.300977163103006,12.447134971618652,972000,0.0,0.0
2022-02-07 00:00:00-05:00,12.563666997649038,12.60514410096314,12.508364193230236,12.51823902130127,792000,0.0,0.0
2022-02-08 00:00:00-05:00,12.445160368062263,12.447135333642116,12.293076716750843,12.376030921936035,1297000,0.0,0.0
2022-02-09 00:00:00-05:00,12.381956687742516,12.506387994789327,12.289126713398163,12.492562294006348,1201000,0.0,0.0
2022-02-10 00:00:00-05:00,12.186420915036695,12.295051555247612,12.11334153850612,12.156794548034668,2592500,0.0,0.0
2022-02-11 00:00:00-05:00,12.196297073438203,12.34442985497581,12.146919165657248,12.243699073791504,2506000,0.0,0.0
2022-02-14 00:00:00-05:00,12.38985671291065,12.38985671291065,12.218022462745738,12.318753242492676,1102500,0.0,0.0
2022-02-15 00:00:00-05:00,12.293077515471692,12.709825417665428,12.293077515471692,12.66834831237793,2971500,0.0,0.0
2022-02-16 00:00:00-05:00,12.642671956106613,12.642671956106613,12.476762592081208,12.551816940307617,1481500,0.0,0.0
2022-02-17 00:00:00-05:00,12.561691739726472,12.59526803799718,12.45503606459914,12.492562294006348,830500,0.0,0.0
2022-02-18 00:00:00-05:00,12.551816283382784,12.735501271088156,12.551816283382784,12.616994857788086,1261500,0.0,0.0
2022-02-22 00:00:00-05:00,12.55971725233796,12.55971725233796,12.383932124797923,12.462936401367188,1422000,0.0,0.0
2022-02-23 00:00:00-05:00,12.541940860190287,12.541940860190287,12.299003130021909,12.368131637573242,1111500,0.0,0.0
2022-02-24 00:00:00-05:00,12.032363259895584,12.318754008582511,12.018537558071028,12.314804077148438,1925500,0.0,0.0
2022-02-25 00:00:00-05:00,12.218022643054162,12.283201217651367,12.168644735249103,12.283201217651367,1568500,0.0,0.0
2022-02-28 00:00:00-05:00,12.423433992372159,12.559716978657914,12.421459026771752,12.555766105651855,2182500,0.0,0.0
2022-03-01 00:00:00-05:00,12.437259573327033,12.4767617103696,12.381956769828488,12.395782470703125,1903000,0.0,0.0
2022-03-02 00:00:00-05:00,12.457011603500966,12.508364477859898,12.439235028958091,12.504413604736328,1267000,0.0,0.0
2022-03-03 00:00:00-05:00,12.585393615168734,12.82635637474382,12.541940604047946,12.559717178344727,1131000,0.0,0.0
2022-03-04 00:00:00-05:00,12.541940209930077,12.755252502151489,12.45108520108518,12.512313842773438,2577000,0.0,0.0
2022-03-07 00:00:00-05:00,12.265425472475126,12.401707517286729,12.095566186959301,12.1627197265625,1511000,0.0,0.0
2022-03-08 00:00:00-05:00,11.917806448028825,12.184446590490458,11.838802170663588,11.992860794067383,1649000,0.0,0.0
2022-03-09 00:00:00-05:00,12.591318586243558,12.591318586243558,12.312828652607692,12.462936401367188,1913000,0.0,0.0
2022-03-10 00:00:00-05:00,12.275301649960456,12.492562942632032,12.275301649960456,12.348380088806152,647500,0.0,0.0
2022-03-11 00:00:00-05:00,12.381956954009922,12.49256256265227,12.310852541192485,12.340479850769043,499000,0.0,0.0
2022-03-14 00:00:00-04:00,12.125193400627198,12.265426328238563,12.087666226094282,12.101491928100586,1090000,0.0,0.0
2022-03-15 00:00:00-04:00,12.087665557861328,12.125192730319661,12.010636247310845,12.087665557861328,1885500,0.0,0.0
2022-03-16 00:00:00-04:00,12.522189906581472,12.739451193240745,12.46688616030333,12.597243309020996,1538000,0.0,0.0
2022-03-17 00:00:00-04:00,12.800679952429531,12.800679952429531,12.522190020118668,12.69797420501709,800500,0.0,0.0
2022-03-18 00:00:00-04:00,12.652546893262919,12.755252638428827,12.59724314769303,12.751301765441895,1569000,0.0,0.0
2022-03-21 00:00:00-04:00,12.54194052552827,12.757227788736792,12.54194052552827,12.695999145507812,1331000,0.0,0.0
2022-03-22 00:00:00-04:00,12.660446193876625,12.763151934485435,12.660446193876625,12.759202003479004,645500,0.0,0.0
2022-03-23 00:00:00-04:00,12.838207455071775,13.02584238040542,12.838207455071775,12.980415344238281,1453500,0.0,0.0
2022-03-24 00:00:00-04:00,13.077195273232283,13.106822583961044,13.047568904308811,13.079171180725098,879500,0.0,0.0
2022-03-25 00:00:00-04:00,13.260880176480086,13.430739455847283,13.213477236450093,13.25495433807373,1957500,0.0,0.0
2022-03-28 00:00:00-04:00,13.039668499585037,13.274706359126883,13.039668499585037,13.264830589294434,2193500,0.0,0.0
2022-03-29 00:00:00-04:00,13.371486667177168,13.48011731317405,13.138423766255805,13.351736068725586,6820500,0.0,0.0
2022-03-30 00:00:00-04:00,12.6466213343562,12.824381426736734,12.640696437452636,12.678223609924316,5020000,0.0,0.0
2022-03-31 00:00:00-04:00,12.620944075503663,12.620944075503663,12.285175452566701,12.425408363342285,737500,0.0,0.0
2022-04-01 00:00:00-04:00,12.719700261583315,12.836231706125652,12.719700261583315,12.806605339050293,1420000,0.0,0.0
2022-04-04 00:00:00-04:00,12.838207725593962,12.972514813045901,12.806606390360086,12.907336235046387,1013000,0.0,0.0
2022-04-05 00:00:00-04:00,12.818456048513394,12.818456048513394,12.502438932311305,12.510339736938477,1481000,0.0,0.0
2022-04-06 00:00:00-04:00,12.541940420141987,12.638721269123467,12.541940420141987,12.615019798278809,1187500,0.0,0.0
2022-04-07 00:00:00-04:00,12.620944789023179,12.747352006598689,12.60119419104246,12.616994857788086,1285000,0.0,0.0
2022-04-08 00:00:00-04:00,12.688097765837593,12.70389937368706,12.496512924166241,12.684147834777832,1178500,0.0,0.0
2022-04-11 00:00:00-04:00,12.57946747559973,12.59921901505591,12.514288902282715,12.514288902282715,1044000,0.0,0.0
2022-04-12 00:00:00-04:00,12.60711917588665,12.684148486340112,12.549841405357018,12.5794677734375,1330000,0.0,0.0
2022-04-13 00:00:00-04:00,12.66044713157494,12.749327178438959,12.62489586627355,12.73945140838623,1173500,0.0,0.0
2022-04-14 00:00:00-04:00,12.778953713750813,12.808581024296082,12.514289477155643,12.526140213012695,1844500,0.0,0.0
2022-04-18 00:00:00-04:00,12.482688213885503,12.482688213885503,12.372081659191043,12.389857292175293,1377500,0.0,0.0
2022-04-19 00:00:00-04:00,12.40368339087102,12.534040538511512,12.35430548365457,12.496513366699219,1215000,0.0,0.0
2022-04-20 00:00:00-04:00,12.573542446075844,12.573542446075844,12.29110165074946,12.334553718566895,2325500,0.0,0.0
2022-04-21 00:00:00-04:00,12.34443004205455,12.48861289453244,12.150869281047386,12.188396453857422,1668500,0.0,0.0
2022-04-22 00:00:00-04:00,12.168644902875785,12.216047845710472,12.097541430429024,12.109392166137695,1478000,0.0,0.0
2022-04-25 00:00:00-04:00,11.775599045733777,12.219998359680176,11.775599045733777,12.219998359680176,1125000,0.0,0.0
2022-04-26 00:00:00-04:00,12.048163952407124,12.048163952407124,11.692644693860595,11.704495429992676,1047000,0.0,0.0
2022-04-27 00:00:00-04:00,11.821027076576565,11.836827744408598,11.674868309165621,11.747947692871094,969000,0.0,0.0
2022-04-28 00:00:00-04:00,11.653141923272099,11.653141923272099,11.20084183442945,11.3568754196167,2369000,0.0,0.0
2022-04-29 00:00:00-04:00,11.354901205217551,11.459581924139238,11.24626961300077,11.254170417785645,1161500,0.0,0.0
2022-05-02 00:00:00-04:00,10.975679489127213,11.218617206536967,10.922351651558964,10.997405052185059,2965500,0.0,0.0
2022-05-03 00:00:00-04:00,10.867048571902657,11.113937177369111,10.867048571902657,11.05073356628418,1510000,0.0,0.0
2022-05-04 00:00:00-04:00,11.258119017316869,11.273920625017116,11.0072805030918,11.266019821166992,1295000,0.0,0.0
2022-05-05 00:00:00-04:00,11.277871071440035,11.277871071440035,10.849272456344401,10.942102432250977,4298000,0.0,0.0
2022-05-06 00:00:00-04:00,10.813720143831166,10.950003128852117,10.74459163943227,10.861123085021973,2323500,0.0,0.0
2022-05-09 00:00:00-04:00,10.444375805082318,10.665587973579823,10.444375805082318,10.499678611755371,2535000,0.0,0.0
2022-05-10 00:00:00-04:00,10.944077358506865,11.208742526064677,10.357470195738317,10.705089569091797,5844500,0.0,0.0
2022-05-11 00:00:00-04:00,10.928276709092708,11.119862499127377,10.84334659576416,10.84334659576416,3613000,0.0,0.0
2022-05-12 00:00:00-04:00,10.766318256539153,11.084310321890085,10.766318256539153,10.98160457611084,1671500,0.0,0.0
2022-05-13 00:00:00-04:00,10.918401636247813,10.995430950298143,10.918401636247813,10.975680351257324,1243500,0.0,0.0
2022-05-16 00:00:00-04:00,10.645836557142323,10.869023693936686,10.645836557142323,10.778168678283691,1340000,0.0,0.0
2022-05-17 00:00:00-04:00,10.863098735926718,11.082335940057408,10.863098735926718,10.973705291748047,1844500,0.0,0.0
2022-05-18 00:00:00-04:00,11.35885055629753,11.449705568557201,11.185041336159351,11.242319107055664,2150000,0.0,0.0
2022-05-19 00:00:00-04:00,11.254169682151938,11.485257611694566,11.254169682151938,11.376626968383789,2281500,0.0,0.0
2022-05-20 00:00:00-04:00,11.50303352870394,11.50303352870394,11.277871432241934,11.382552146911621,1709500,0.0,0.0
2022-05-23 00:00:00-04:00,11.43390447163853,11.627465224548304,11.43390447163853,11.528709411621094,1604000,0.0,0.0
2022-05-24 00:00:00-04:00,11.52870970515801,11.62746552059968,11.463531130671978,11.534635543823242,3346000,0.0,0.0
2022-05-25 00:00:00-04:00,10.967778528098263,11.16924008207781,10.967778528098263,11.151463508605957,1160500,0.0,0.0
2022-05-26 00:00:00-04:00,11.100111026459327,11.258119576873584,11.100111026459327,11.21861743927002,832500,0.0,0.0
2022-05-27 00:00:00-04:00,10.99148027450026,11.102085881971284,10.99148027450026,11.078385353088379,901000,0.0,0.0
2022-05-31 00:00:00-04:00,11.131713263574426,11.131713263574426,10.961853978279196,10.98160457611084,1201000,0.0,0.0
2022-06-01 00:00:00-04:00,11.076409621395431,11.187016172426217,11.003331184387207,11.003331184387207,1940500,0.0,0.0
2022-06-02 00:00:00-04:00,10.87494947197205,10.985555085988082,10.87494947197205,10.973705291748047,2180000,0.0,0.0
2022-06-03 00:00:00-04:00,10.70508976269217,10.894699648455692,10.70508976269217,10.748541831970215,1653000,0.0,0.0
2022-06-06 00:00:00-04:00,10.863098338038524,11.040858430402293,10.821621234301714,10.906550407409668,1456500,0.0,0.0
2022-06-07 00:00:00-04:00,10.73274119113242,10.946052548584609,10.73274119113242,10.886799812316895,1702500,0.0,0.0
2022-06-08 00:00:00-04:00,10.711014863510123,10.924327166311924,10.711014863510123,10.79199504852295,910500,0.0,0.0
2022-06-09 00:00:00-04:00,11.038882796940172,11.044807693484731,10.88087331228423,10.9124755859375,1226500,0.0,0.0
2022-06-10 00:00:00-04:00,10.863098204400913,10.872973974256356,10.665587516318311,10.687313079833984,1591000,0.0,0.0
2022-06-13 00:00:00-04:00,10.626085734326361,10.626085734326361,10.45820140838623,10.45820140838623,1651500,0.0,0.0
2022-06-14 00:00:00-04:00,10.517453756201647,10.665587478086538,10.363396079313127,10.450300216674805,2952000,0.0,0.0
2022-06-15 00:00:00-04:00,10.270564597107924,10.468076215433426,10.270564597107924,10.41869831085205,1305000,0.0,0.0
2022-06-16 00:00:00-04:00,10.26463996563349,10.385121340150643,10.258714127192032,10.325868606567383,1297000,0.0,0.0
2022-06-17 00:00:00-04:00,10.367345414941504,10.367345414941504,10.252788940303633,10.300191879272461,1195500,0.0,0.0
2022-06-21 00:00:00-04:00,10.663612617401897,10.663612617401897,10.314018273496854,10.472026824951172,1107000,0.0,0.0
2022-06-22 00:00:00-04:00,10.343644449251226,10.54115513489924,10.343644449251226,10.428574562072754,1089000,0.0,0.0
2022-06-23 00:00:00-04:00,10.31994317625102,10.52732963560443,10.308092440704659,10.511528968811035,1358000,0.0,0.0
2022-06-24 00:00:00-04:00,10.760392848064221,10.760392848064221,10.539180681036585,10.69521427154541,1094500,0.0,0.0
2022-06-27 00:00:00-04:00,10.679413791350862,10.679413791350862,10.60633440902034,10.639911651611328,1393500,0.0,0.0
2022-06-28 00:00:00-04:00,10.716940777653441,10.799894987111823,10.669537834074204,10.69521427154541,975500,0.0,0.0
2022-06-29 00:00:00-04:00,10.823596847005538,10.823596847005538,10.507579723293215,10.663613319396973,701500,0.0,0.0
2022-06-30 00:00:00-04:00,10.42857477937338,10.67743834265598,10.42857477937338,10.630035400390625,1001500,0.0,0.0
2022-07-01 00:00:00-04:00,10.55695590925848,10.55695590925848,10.312043221635626,10.509553909301758,1376000,0.0,0.0
2022-07-05 00:00:00-04:00,10.547080639704472,10.760391985093147,10.535229904760078,10.677437782287598,893000,0.0,0.0
2022-07-06 00:00:00-04:00,10.902600632635206,10.902600632635206,10.649787133511573,10.673487663269043,1171000,0.0,0.0
2022-07-07 00:00:00-04:00,10.560906433115205,10.683362772878032,10.560906433115205,10.679412841796875,1843500,0.0,0.0
2022-07-08 00:00:00-04:00,10.30019332773664,10.661637491883836,10.30019332773664,10.566832542419434,663500,0.0,0.0
2022-07-11 00:00:00-04:00,10.590532680716178,10.624109919944,10.574732014764052,10.578681945800781,1150000,0.0,0.0
2022-07-12 00:00:00-04:00,10.566831716418047,10.811745346711252,10.566831716418047,10.746566772460938,479000,0.0,0.0
2022-07-13 00:00:00-04:00,10.566832560607,10.803845405578613,10.566832560607,10.803845405578613,832500,0.0,0.0
2022-07-14 00:00:00-04:00,10.784093652089593,10.784093652089593,10.588557934640974,10.720890045166016,509000,0.0,0.0
2022-07-15 00:00:00-04:00,10.770268115219572,11.108011717933097,10.770268115219572,11.098135948181152,2085000,0.0,0.0
2022-07-18 00:00:00-04:00,11.060608409837624,11.20084132188884,11.042832778317692,11.129737854003906,1775500,0.0,0.0
2022-07-19 00:00:00-04:00,11.058633679498897,11.058633679498897,10.849272260634095,10.918400764465332,775500,0.0,0.0
2022-07-20 00:00:00-04:00,10.961853616348327,11.204791329946316,10.961853616348327,11.07245922088623,1006000,0.0,0.0
2022-07-21 00:00:00-04:00,11.100111958425048,11.100111958425048,10.981605535664553,11.060609817504883,805000,0.0,0.0
2022-07-22 00:00:00-04:00,11.10998735651371,11.192941567122444,11.070485216918316,11.092211723327637,719500,0.0,0.0
2022-07-25 00:00:00-04:00,11.100110796184719,11.100110796184719,10.946052180185228,10.997405052185059,1216500,0.0,0.0
2022-07-26 00:00:00-04:00,10.957903556703949,10.957903556703949,10.754467964172363,10.754467964172363,1685500,0.0,0.0
2022-07-27 00:00:00-04:00,10.665587277735927,11.011230738697346,10.665587277735927,10.918400764465332,478000,0.0,0.0
2022-07-28 00:00:00-04:00,11.060608951687334,11.060608951687334,10.932226768295141,11.02308177947998,548000,0.0,0.0
2022-07-29 00:00:00-04:00,10.916426956056014,11.119863499787796,10.916426956056014,11.060609817504883,888500,0.0,0.0
2022-08-01 00:00:00-04:00,10.865072670434127,11.042832752437674,10.863097704914898,11.03098201751709,611000,0.0,0.0
2022-08-02 00:00:00-04:00,11.060609110356916,11.060609110356916,10.75249186579557,10.770268440246582,858500,0.0,0.0
2022-08-03 00:00:00-04:00,10.406848510231434,10.406848510231434,10.073054824776378,10.31994342803955,4409000,0.0,0.0
2022-08-04 00:00:00-04:00,10.466101004056236,10.590533256530762,10.385121762569138,10.590533256530762,974000,0.0,0.0
2022-08-05 00:00:00-04:00,10.96185353734264,10.96185353734264,10.630034842510021,10.677437782287598,1468000,0.0,0.0
2022-08-08 00:00:00-04:00,10.566831003847422,10.606333138856368,10.430548967698376,10.515478134155273,797000,0.0,0.0
2022-08-09 00:00:00-04:00,10.314018075173696,10.505602922135274,10.314018075173696,10.38907241821289,799000,0.0,0.0
2022-08-10 00:00:00-04:00,10.335744145700886,10.693239304573034,10.335744145700886,10.635961532592773,892500,0.0,0.0
2022-08-11 00:00:00-04:00,10.574732790812542,10.722865575418213,10.574732790812542,10.65373706817627,829000,0.0,0.0
2022-08-12 00:00:00-04:00,10.428574971870171,10.724840541081514,10.428574971870171,10.65373706817627,972000,0.0,0.0
2022-08-15 00:00:00-04:00,10.859147996513613,10.859147996513613,10.614234372808946,10.701139450073242,1330000,0.0,0.0
2022-08-16 00:00:00-04:00,10.819645867206617,10.819645867206617,10.687312814758519,10.740641593933105,726000,0.0,0.0
2022-08-17 00:00:00-04:00,10.934201045670651,11.005305454368523,10.83742114371572,10.87099838256836,1939000,0.0,0.0
2022-08-18 00:00:00-04:00,11.025056760005535,11.109986874443365,11.017156897512416,11.082335472106934,1823000,0.0,0.0
2022-08-19 00:00:00-04:00,11.015181302209076,11.015181302209076,10.7189148141322,10.79396915435791,1120500,0.0,0.0
2022-08-22 00:00:00-04:00,10.784093652089593,10.817670892013291,10.71496514848813,10.720890045166016,1069000,0.0,0.0
2022-08-23 00:00:00-04:00,10.839396751772455,10.8433466829992,10.511528914821199,10.726816177368164,1010000,0.0,0.0
2022-08-24 00:00:00-04:00,10.616209868871588,10.626085638968918,10.41869917595131,10.456226348876953,728000,0.0,0.0
2022-08-25 00:00:00-04:00,10.590532473213827,10.590532473213827,10.432523933178045,10.515478134155273,922000,0.0,0.0
2022-08-26 00:00:00-04:00,10.272541897400034,10.519430511980673,10.272541897400034,10.310068130493164,2527500,0.0,0.0
2022-08-29 00:00:00-04:00,10.270565512403623,10.294266984059336,10.217237672080913,10.22118854522705,1350500,0.0,0.0
2022-08-30 00:00:00-04:00,10.268590343377427,10.268590343377427,10.124407492433358,10.157984733581543,1007000,0.0,0.0
2022-08-31 00:00:00-04:00,10.246865447041364,10.270565977966136,10.075030240650843,10.092806816101074,608000,0.0,0.0
2022-09-01 00:00:00-04:00,10.07305383311567,10.096755302453328,10.013801101576712,10.043427467346191,872500,0.0,0.0
2022-09-02 00:00:00-04:00,10.043427927657623,10.073054294784942,9.928871448478702,9.934797286987305,900000,0.0,0.0
2022-09-06 00:00:00-04:00,9.942697613630237,10.073054765245018,9.881468969142908,9.905170440673828,3780000,0.0,0.0
2022-09-07 00:00:00-04:00,9.915045738220215,9.934797277489698,9.828140660683902,9.915045738220215,3389500,0.0,0.0
2022-09-08 00:00:00-04:00,10.223162984405484,10.223162984405484,9.920970649065959,9.994050025939941,1308500,0.0,0.0
2022-09-09 00:00:00-04:00,10.266616046446229,10.266616046446229,10.041453939120977,10.092806816101074,1663000,0.0,0.0
2022-09-12 00:00:00-04:00,10.231062889099121,10.32981870238636,10.183660889837643,10.231062889099121,2204000,0.0,0.0
2022-09-13 00:00:00-04:00,10.68533857606357,10.762367889015918,10.477952109161906,10.479928016662598,2792000,0.0,0.0
2022-09-14 00:00:00-04:00,10.53127977569785,10.673487663269043,10.53127977569785,10.673487663269043,1847000,0.0,0.0
2022-09-15 00:00:00-04:00,10.570782397867388,10.762367244115154,10.570782397867388,10.70311450958252,1219500,0.0,0.0
2022-09-16 00:00:00-04:00,10.3693211852671,10.556956106606188,10.3693211852671,10.533255577087402,769000,0.0,0.0
2022-09-19 00:00:00-04:00,10.37722217109336,10.55893219868134,10.37722217109336,10.55695629119873,989000,0.0,0.0
2022-09-20 00:00:00-04:00,10.7544669580358,10.7544669580358,10.48980180322922,10.53720474243164,2031000,0.0,0.0
2022-09-21 00:00:00-04:00,10.341669948929393,10.543130574812356,10.341669948929393,10.43844985961914,966000,0.0,0.0
2022-09-22 00:00:00-04:00,10.665587409338048,10.770268120062099,10.568806560974911,10.60633373260498,1455000,0.0,0.0
2022-09-23 00:00:00-04:00,10.444375221797461,10.527329427174315,10.31599304075811,10.38907241821289,2296000,0.0,0.0
2022-09-26 00:00:00-04:00,10.21921233805602,10.308092383255744,10.14613390136688,10.175760269165039,1081500,0.0,0.0
2022-09-27 00:00:00-04:00,10.191561426095879,10.375246422168312,10.191561426095879,10.264640808105469,2430500,0.0,0.0
2022-09-28 00:00:00-04:00,10.27056542886058,10.319943337440781,10.181686323582543,10.2982177734375,1207000,0.0,0.0
2022-09-29 00:00:00-04:00,10.171811010054531,10.468077533028026,9.875544487081038,10.169836044311523,2229500,0.0,0.0
2022-09-30 00:00:00-04:00,9.875543352981854,10.10860623638776,9.82814041337211,10.067129135131836,2238500,0.0,0.0
2022-10-03 00:00:00-04:00,9.747161423986507,9.978249347746601,9.71753505688041,9.895295143127441,2915500,0.0,0.0
2022-10-04 00:00:00-04:00,10.300192404598983,10.764342281486172,10.191560820889233,10.60633373260498,1336500,0.0,5.0
2022-10-05 00:00:00-04:00,10.260690689086914,10.487827751987513,10.08293059338712,10.260690689086914,1939400,0.0,0.0
2022-10-06 00:00:00-04:00,10.369321810291492,10.458201862211414,9.974300403764422,10.211313247680664,564000,0.0,0.0
2022-10-07 00:00:00-04:00,10.24093913356769,10.48782773642652,10.03355266949406,10.142184257507324,783000,0.0,0.0
2022-10-10 00:00:00-04:00,10.142184719712452,10.181686860297866,10.043428897346255,10.073055267333984,548500,0.0,0.0
2022-10-11 00:00:00-04:00,10.023676402559964,10.369320806153851,9.98417426573254,10.013801574707031,1754000,0.0,0.0
2022-10-12 00:00:00-04:00,9.934796831654642,10.092805371498782,9.885418927502053,10.043427467346191,915300,0.0,0.0
2022-10-13 00:00:00-04:00,9.87554319427603,10.211311813570246,9.87554319427603,10.181685447692871,1520300,0.0,0.0
2022-10-14 00:00:00-04:00,10.250814407477362,10.270565005011205,10.01380158623985,10.112556457519531,1334900,0.0,0.0
2022-10-17 00:00:00-04:00,10.122432708740234,10.270565493609444,10.092806340127447,10.122432708740234,1150700,0.0,0.0
2022-10-18 00:00:00-04:00,10.122433178517083,10.171811089700181,9.974300386773109,10.073055267333984,1233800,0.0,0.0
2022-10-19 00:00:00-04:00,9.994050482700482,10.112556898486819,9.8360419283187,9.865668296813965,601800,0.0,0.0
2022-10-20 00:00:00-04:00,9.885418900911821,10.27056448029463,9.885418900911821,9.924921035766602,587900,0.0,0.0
2022-10-21 00:00:00-04:00,9.924921538336651,10.14218376194208,9.668157177876166,10.053303718566895,570000,0.0,0.0
2022-10-24 00:00:00-04:00,10.073054768620707,10.122432677359125,9.86566830536358,9.885419845581055,880300,0.0,0.0
2022-10-25 00:00:00-04:00,9.64840656679938,10.013801567646741,9.64840656679938,9.974299430847168,1240600,0.0,0.0
2022-10-26 00:00:00-04:00,9.974298992819227,10.221187572425592,9.974298992819227,10.161933898925781,610900,0.0,0.0
2022-10-27 00:00:00-04:00,10.023676861808228,10.122432679304035,9.924921986117695,9.944672584533691,689900,0.0,0.0
2022-10-28 00:00:00-04:00,9.78666402998462,10.023676861808228,9.776788259873983,9.944672584533691,984500,0.0,0.0
2022-10-31 00:00:00-04:00,9.974299428447521,10.260690155626834,9.974299428447521,9.994050025939941,891600,0.0,0.0
2022-11-01 00:00:00-04:00,10.082930551173703,10.211312737329925,9.994050503695913,10.023676872253418,1056200,0.0,0.0
2022-11-02 00:00:00-04:00,9.984173794002047,10.369320316226023,9.885418927502053,10.043427467346191,638600,0.0,0.0
2022-11-03 00:00:00-04:00,9.984174258693137,10.221188021295808,9.737285668244498,9.974299430847168,840600,0.0,0.0
2022-11-04 00:00:00-04:00,9.98417427271662,10.112556452946864,9.924921538336651,10.053303718566895,838000,0.0,0.0
2022-11-07 00:00:00-05:00,10.32981967172617,10.349570271153853,10.260691161021294,10.310068130493164,1083900,0.0,0.0
2022-11-08 00:00:00-05:00,10.171810577282624,10.171810577282624,9.766913421227988,9.865668296813965,2754500,0.0,0.0
2022-11-09 00:00:00-05:00,9.87554307666987,9.87554307666987,9.638530268863036,9.687908172607422,1258900,0.0,0.0
2022-11-10 00:00:00-05:00,9.86566787579239,10.152058603838842,9.86566787579239,10.132308006286621,3054600,0.0,0.0
2022-11-11 00:00:00-05:00,9.954548855172636,10.201437469520778,9.954548855172636,10.191561698913574,949000,0.0,0.0
2022-11-14 00:00:00-05:00,9.87554362490843,10.112556445872976,9.87554362490843,10.013801574707031,3173900,0.0,0.0
2022-11-15 00:00:00-05:00,10.211312764930108,10.319943411138095,10.142184257507324,10.142184257507324,803000,0.0,0.0
2022-11-16 00:00:00-05:00,10.201436996459961,10.270565503894112,10.142184259175053,10.201436996459961,400600,0.0,0.0
2022-11-17 00:00:00-05:00,10.270564571514347,10.310066706719972,10.142183338449962,10.300191879272461,1008900,0.0,0.0
2022-11-18 00:00:00-05:00,10.43844985811549,10.468077168645262,10.33969498176542,10.379197120666504,821700,0.0,0.0
2022-11-21 00:00:00-05:00,10.171810632851463,10.389072867215958,10.073054814920706,10.240939140319824,941000,0.0,0.0
2022-11-22 00:00:00-05:00,10.240938688521748,10.3693208694458,10.240938688521748,10.3693208694458,703900,0.0,0.0
2022-11-23 00:00:00-05:00,10.270565546889024,10.527329921012571,10.270565546889024,10.497703552246094,869700,0.0,0.0
2022-11-25 00:00:00-05:00,10.428575044522555,10.547081461393743,10.408823504141383,10.497703552246094,352800,0.0,0.0
2022-11-28 00:00:00-05:00,10.556955791958018,10.556955791958018,10.379196645936242,10.408823013305664,866000,0.0,0.0
2022-11-29 00:00:00-05:00,10.369321360323186,10.477952006952862,10.369321360323186,10.45820140838623,830500,0.0,0.0
2022-11-30 00:00:00-05:00,10.497703558509656,10.714965793805773,10.270565553017063,10.596458435058594,663700,0.0,0.0
2022-12-01 00:00:00-05:00,10.428575511379776,10.566832533016221,10.428575511379776,10.448326110839844,795200,0.0,0.0
2022-12-02 00:00:00-05:00,10.418698792339043,10.48782729686454,10.36932088547573,10.428574562072754,788600,0.0,0.0
2022-12-05 00:00:00-05:00,10.290317528986078,10.418699721558706,10.181686877642464,10.211313247680664,1147200,0.0,0.0
2022-12-06 00:00:00-05:00,10.280440340767052,10.389071918936414,10.260689744066836,10.300191879272461,868800,0.0,0.0
2022-12-07 00:00:00-05:00,10.24093916361007,10.389072890843096,10.22118856506217,10.379197120666504,913900,0.0,0.0
2022-12-08 00:00:00-05:00,10.310068130493164,10.398948182431045,10.250815390404792,10.310068130493164,966600,0.0,0.0
2022-12-09 00:00:00-05:00,10.319943426449992,10.329819196612265,10.221188550243102,10.260690689086914,668200,0.0,0.0
2022-12-12 00:00:00-05:00,10.25081538833337,10.31006812840977,10.16193533641345,10.211313247680664,1248900,0.0,0.0
2022-12-13 00:00:00-05:00,10.448325613143702,10.507579292312059,10.260690689086914,10.260690689086914,789800,0.0,0.0
2022-12-14 00:00:00-05:00,10.428575021274124,10.458201389974555,10.290317064329983,10.359445571899414,1142100,0.0,0.0
2022-12-15 00:00:00-05:00,10.3298186812232,10.3298186812232,10.05330372311277,10.112556457519531,962900,0.0,0.0
2022-12-16 00:00:00-05:00,10.003925805048867,10.063178539387387,9.87554362490843,10.013801574707031,2901100,0.0,0.0
2022-12-19 00:00:00-05:00,10.142184230093989,10.142184230093989,10.003926273816841,10.023676872253418,1411700,0.0,0.0
2022-12-20 00:00:00-05:00,10.191560768282468,10.329818718742471,10.181685940382295,10.290316581726074,1084400,0.0,0.0
2022-12-21 00:00:00-05:00,10.408823953047548,10.438450323091736,10.211313249744101,10.310068130493164,677700,0.0,0.0
2022-12-22 00:00:00-05:00,10.547081437881124,10.547081437881124,10.290317064329983,10.359445571899414,982900,0.0,0.0
2022-12-23 00:00:00-05:00,10.369320878758266,10.41869878558959,10.31994297192694,10.38907241821289,801500,0.0,0.0
2022-12-27 00:00:00-05:00,10.3890719085663,10.46807617889869,10.270564561262525,10.280440330505371,850900,0.0,0.0
2022-12-28 00:00:00-05:00,10.349569786599433,10.44832560453019,10.240939140319824,10.240939140319824,935600,0.0,0.0
2022-12-29 00:00:00-05:00,10.369320396087309,10.428574069887807,10.369320396087309,10.398946762084961,684300,0.0,0.0
2022-12-30 00:00:00-05:00,10.270565042315258,10.319942949037063,10.171810170676887,10.290316581726074,862900,0.0,0.0
2023-01-03 00:00:00-05:00,10.290316595308727,10.616209461575462,10.171810184103117,10.3693208694458,1061200,0.0,0.0
2023-01-04 00:00:00-05:00,10.517454111998552,10.517454111998552,10.211312771662708,10.240939140319824,519600,0.0,0.0
2023-01-05 00:00:00-05:00,10.270565021585533,10.270565021585533,10.132308013209817,10.171810150146484,885900,0.0,0.0
2023-01-06 00:00:00-05:00,10.082930126938688,10.329818718742471,10.07305435723328,10.290316581726074,1571900,0.0,0.0
2023-01-09 00:00:00-05:00,10.369321819949755,10.547081923955169,10.310068138012843,10.329819679260254,1464300,0.0,0.0
2023-01-10 00:00:00-05:00,10.28044128256105,10.28044128256105,10.142184267578198,10.22118854522705,849800,0.0,0.0
2023-01-11 00:00:00-05:00,10.132307996858607,10.369320818096119,10.073054320646612,10.112556457519531,1072100,0.0,0.0
2023-01-12 00:00:00-05:00,10.329819196612265,10.329819196612265,10.122432732230932,10.260690689086914,1315700,0.0,0.0
2023-01-13 00:00:00-05:00,10.231063380175964,10.359445566889447,10.201437011489862,10.31994342803955,1097600,0.0,0.0
2023-01-17 00:00:00-05:00,10.497703099842983,10.645835879096799,10.477951560313013,10.62608528137207,2213100,0.0,0.0
2023-01-18 00:00:00-05:00,10.665587418626771,10.784093830390873,10.616209511607085,10.62608528137207,609800,0.0,0.0
2023-01-19 00:00:00-05:00,10.616209502361366,10.655711639581662,10.497703090700472,10.60633373260498,859900,0.0,0.0
2023-01-20 00:00:00-05:00,10.527329458164385,10.616209502361366,10.42857458601626,10.60633373260498,900700,0.0,0.0
2023-01-23 00:00:00-05:00,10.497703077458713,10.566831582055725,10.438449400800387,10.527329444885254,1130200,0.0,0.0
2023-01-24 00:00:00-05:00,10.418699274331969,10.537205691203157,10.418699274331969,10.497703552246094,660400,0.0,0.0
2023-01-25 00:00:00-05:00,10.527330401658823,10.606334683180044,10.468077661420569,10.566832542419434,1061300,0.0,0.0
2023-01-26 00:00:00-05:00,10.675463672924252,10.714965811971854,10.616209993450203,10.69521427154541,676800,0.0,0.0
2023-01-27 00:00:00-05:00,10.7149658203125,10.734716418949034,10.665587911013239,10.7149658203125,636400,0.0,0.0
2023-01-30 00:00:00-05:00,10.665587884628662,10.685338483216336,10.517454157097331,10.596458435058594,992200,0.0,0.0
2023-01-31 00:00:00-05:00,10.665587901423578,10.724840639085189,10.606334221956683,10.635961532592773,629900,0.0,0.0
2023-02-01 00:00:00-05:00,10.556956780963993,10.6952147446491,10.527330410819088,10.685338973999023,416400,0.0,0.0
2023-02-02 00:00:00-05:00,10.744591214324855,10.77421758049433,10.566831133697606,10.65571117401123,944100,0.0,0.0
2023-02-03 00:00:00-05:00,10.596458443417147,10.695214261849266,10.54708147600637,10.616209983825684,713600,0.0,0.0
2023-02-06 00:00:00-05:00,10.596458903108985,10.596458903108985,10.418699740747082,10.448326110839844,790200,0.0,0.0
2023-02-07 00:00:00-05:00,10.003925812046765,10.082930085756878,9.905169999006507,10.053303718566895,2821000,0.0,0.0
2023-02-08 00:00:00-05:00,9.776788239004683,9.836041917736742,9.687909133614506,9.786664009094238,2819300,0.0,0.0
2023-02-09 00:00:00-05:00,10.023676851195747,10.023676851195747,9.845917698418878,9.865668296813965,1454600,0.0,0.0
2023-02-10 00:00:00-05:00,10.053304172140136,10.063179000445496,9.905170445896424,9.944672584533691,922500,0.0,0.0
2023-02-13 00:00:00-05:00,9.717534565557312,9.806414604187012,9.697783027281742,9.806414604187012,1199400,0.0,0.0
2023-02-14 00:00:00-05:00,10.01380250735677,10.171811069382821,9.776788722512377,9.836042404174805,1716100,0.0,0.0
2023-02-15 00:00:00-05:00,9.8360419316177,10.02367685455768,9.766913424503802,9.845917701721191,609800,0.0,0.0
2023-02-16 00:00:00-05:00,10.003925802637685,10.073054306617708,9.934797298657662,10.033552169799805,603100,0.0,0.0
2023-02-17 00:00:00-05:00,10.053303709111372,10.112556443435611,9.924921529001878,10.033552169799805,454400,0.0,0.0
2023-02-21 00:00:00-05:00,9.86566830536358,9.885419845581055,9.786664028104221,9.885419845581055,989500,0.0,0.0
2023-02-22 00:00:00-05:00,9.77678823696855,9.85579251405799,9.707659729966604,9.727411270141602,887000,0.0,0.0
2023-02-23 00:00:00-05:00,9.974299873574695,9.974299873574695,9.697783961898788,9.786664009094238,1165600,0.0,0.0
2023-02-24 00:00:00-05:00,9.520024766636482,9.53977536492178,9.431144719839466,9.470646858215332,1028100,0.0,0.0
2023-02-27 00:00:00-05:00,9.441019500824876,9.48052163506242,9.302761560090884,9.312637329101562,1878900,0.0,0.0
2023-02-28 00:00:00-05:00,9.263260354487379,9.273136124488095,9.184256078092178,9.213882446289062,1649900,0.0,0.0
2023-03-01 00:00:00-05:00,9.253383627789667,9.292885761903188,9.1842551285423,9.194130897521973,1700700,0.0,0.0
2023-03-02 00:00:00-05:00,9.233633991940673,9.273136130162445,9.144753945490368,9.253384590148926,1247800,0.0,0.0
2023-03-03 00:00:00-05:00,9.273136152383504,9.431144705649228,9.273136152383504,9.411393165588379,864900,0.0,0.0
2023-03-06 00:00:00-05:00,9.441019969385492,9.460770566581907,9.283010482788086,9.283010482788086,965500,0.0,0.0
2023-03-07 00:00:00-05:00,9.342264639751363,9.431144686231656,9.21388245503597,9.233633995056152,1080400,0.0,0.0
2023-03-08 00:00:00-05:00,9.312637791290534,9.36201475518418,9.243508346590039,9.283010482788086,854000,0.0,0.0
2023-03-09 00:00:00-05:00,9.421268918758757,9.421268918758757,9.283010963996038,9.292886734008789,885500,0.0,0.0
2023-03-10 00:00:00-05:00,9.292886739599151,9.391642556175539,9.26326037134834,9.332388877868652,1018100,0.0,0.0
2023-03-13 00:00:00-04:00,9.322513588034607,9.391643039920911,9.322513588034607,9.342265129089355,843100,0.0,0.0
2023-03-14 00:00:00-04:00,9.381766786156847,9.381766786156847,9.26326037134834,9.332388877868652,812700,0.0,0.0
2023-03-15 00:00:00-04:00,9.36201475518418,9.36201475518418,9.223757749393624,9.283010482788086,613700,0.0,0.0
2023-03-16 00:00:00-04:00,9.352139962160068,9.421268465311629,9.302762056278144,9.401517868041992,1375800,0.0,0.0
2023-03-17 00:00:00-04:00,9.529900078558,9.569402218938762,9.450895797796477,9.480523109436035,589100,0.0,0.0
2023-03-20 00:00:00-04:00,9.490396491316247,9.490396491316247,9.3916416263227,9.431143760681152,442600,0.0,0.0
2023-03-21 00:00:00-04:00,9.401517875525915,9.490396976017864,9.302762063683454,9.441020011901855,498100,0.0,0.0
2023-03-22 00:00:00-04:00,9.44101999463304,9.500272728185958,9.381766319274902,9.381766319274902,765600,0.0,0.0
2023-03-23 00:00:00-04:00,9.539774896937994,9.549650666498811,9.470646393622717,9.520024299621582,597300,0.0,0.0
2023-03-24 00:00:00-04:00,9.648407441505602,9.648407441505602,9.450895797796477,9.480523109436035,676800,0.0,0.0
2023-03-27 00:00:00-04:00,9.599029045696309,9.618779643986356,9.480522630540214,9.529899597167969,605400,0.0,0.0
2023-03-28 00:00:00-04:00,9.579277500075223,9.579277500075223,9.431144716666873,9.490397453308105,707800,0.0,0.0
2023-03-29 00:00:00-04:00,9.529899625113007,9.69778394919442,9.529899625113007,9.648406982421875,1031300,0.0,0.0
2023-03-30 00:00:00-04:00,9.55952691052482,9.55952691052482,9.431144725277905,9.510149002075195,1276900,0.0,0.0
2023-03-31 00:00:00-04:00,9.57927751108114,9.599029051187756,9.480522635963867,9.569401741027832,981400,0.0,0.0
2023-04-03 00:00:00-04:00,9.529899139880557,9.628654952007857,9.490397003390683,9.618779182434082,956300,0.0,0.0
2023-04-04 00:00:00-04:00,10.023676409571678,10.112556452946864,10.003925812046765,10.053303718566895,1415800,0.0,0.0
2023-04-05 00:00:00-04:00,9.865668766453899,9.924922448070385,9.77678871493183,9.816290855407715,1244400,0.0,0.0
2023-04-06 00:00:00-04:00,9.776787781694656,9.9249215006932,9.776787781694656,9.875543594360352,1273700,0.0,0.0
2023-04-10 00:00:00-04:00,10.03355266949406,10.161934855997286,9.984174760561238,10.142184257507324,2487100,0.0,0.0
2023-04-11 00:00:00-04:00,10.043427934795114,10.043427934795114,9.964423661195967,9.974299430847168,1607900,0.0,0.0
2023-04-12 00:00:00-04:00,10.07305479474602,10.132308473746853,10.04342842614824,10.082930564880371,819600,0.0,0.0
2023-04-13 00:00:00-04:00,10.082931037931669,10.1125574079194,9.95454884557774,10.073055267333984,1522000,0.0,0.0
2023-04-14 00:00:00-04:00,10.319943889186279,10.319943889186279,10.043428904880932,10.092806816101074,725900,0.0,0.0
2023-04-17 00:00:00-04:00,9.974298966615677,10.063178063924115,9.964423197424123,10.043427467346191,1505900,0.0,0.0
2023-04-18 00:00:00-04:00,10.21131228708315,10.260690193705292,10.152058610775534,10.171810150146484,912000,0.0,0.0
2023-04-19 00:00:00-04:00,10.171810129132064,10.171810129132064,10.023676409571678,10.053303718566895,1572500,0.0,0.0
2023-04-20 00:00:00-04:00,10.191561202335606,10.201436972461616,10.013802049093774,10.063179016113281,821900,0.0,0.0
2023-04-21 00:00:00-04:00,10.092806825722542,10.211313247680664,10.092806825722542,10.211313247680664,1174000,0.0,0.0
2023-04-24 00:00:00-04:00,10.191560301103099,10.32981824522538,10.191560301103099,10.300191879272461,886800,0.0,0.0
2023-04-25 00:00:00-04:00,10.300192837924502,10.458201393453058,10.300192837924502,10.33969497680664,1281800,0.0,0.0
2023-04-26 00:00:00-04:00,10.319942949037063,10.458200899497065,10.280440812020666,10.290316581726074,631900,0.0,0.0
2023-04-27 00:00:00-04:00,10.369321829388927,10.45820188147254,10.319943918030772,10.448326110839844,771600,0.0,0.0
2023-04-28 00:00:00-04:00,10.458200929468646,10.477951527130829,10.35944511574202,10.428574562072754,975300,0.0,0.0
2023-05-01 00:00:00-04:00,10.300192822875903,10.319943421385476,10.181686406402624,10.22118854522705,1221900,0.0,0.0
2023-05-02 00:00:00-04:00,10.152059558290084,10.201437469520778,10.122433188273797,10.191561698913574,713600,0.0,0.0
2023-05-03 00:00:00-04:00,10.22118760886121,10.339694014478086,10.142183338449962,10.300191879272461,1012000,0.0,0.0
2023-05-04 00:00:00-04:00,10.300192837924502,10.389072885860635,10.300192837924502,10.33969497680664,986700,0.0,0.0
2023-05-05 00:00:00-04:00,10.35944511574202,10.468076699202356,10.339694518079838,10.428574562072754,1173000,0.0,0.0
2023-05-08 00:00:00-04:00,10.497703077458713,10.527329444885254,10.428574572861699,10.527329444885254,937600,0.0,0.0
2023-05-09 00:00:00-04:00,10.152059136075167,10.714965793805773,10.082930628310383,10.596458435058594,2617900,0.0,0.0
2023-05-10 00:00:00-04:00,10.517454135917657,10.517454135917657,10.329819211588829,10.379197120666504,1529200,0.0,0.0
2023-05-11 00:00:00-04:00,10.171810651106231,10.35944557534507,10.171810651106231,10.33969497680664,4934800,0.0,0.0
2023-05-12 00:00:00-04:00,10.547080993652344,10.616209498310175,10.497703086694504,10.547080993652344,3234200,0.0,0.0
2023-05-15 00:00:00-04:00,10.576707367753384,10.62608527474226,10.507578863052098,10.586583137512207,6394600,0.0,0.0
2023-05-16 00:00:00-04:00,10.586583610165563,10.616209978959505,10.556956299566338,10.57670783996582,2298300,0.0,0.0
2023-05-17 00:00:00-04:00,10.714966295068255,10.823596946895579,10.66558838358117,10.803845405578613,2626700,0.0,0.0
2023-05-18 00:00:00-04:00,10.83347225189209,10.863098620788762,10.803844941190134,10.83347225189209,1832400,0.0,0.0
2023-05-19 00:00:00-04:00,10.695213799314624,10.724840166840899,10.626085294484904,10.705089569091797,1733200,0.0,0.0
2023-05-22 00:00:00-04:00,10.793970094905884,10.833472233971195,10.734716415405273,10.734716415405273,1288700,0.0,0.0
2023-05-23 00:00:00-04:00,10.714964822635517,10.714964822635517,10.53720474243164,10.53720474243164,853600,0.0,0.0
2023-05-24 00:00:00-04:00,10.487827768703928,10.487827768703928,10.428575031246408,10.43844985961914,812700,0.0,0.0
2023-05-25 00:00:00-04:00,10.369320878758266,10.468076692420915,10.369320878758266,10.38907241821289,1258800,0.0,0.0
2023-05-26 00:00:00-04:00,10.418698812284056,10.586583130857568,10.418698812284056,10.547080993652344,478800,0.0,0.0
2023-05-30 00:00:00-04:00,10.547081461393743,10.626085739307868,10.468077183479618,10.497703552246094,1164600,0.0,0.0
2023-05-31 00:00:00-04:00,10.369321351983606,10.477951998525915,10.339694983254846,10.43844985961914,1481900,0.0,0.0
2023-06-01 00:00:00-04:00,10.527329930772394,10.616209978959505,10.517454160572653,10.57670783996582,1622100,0.0,0.0
2023-06-02 00:00:00-04:00,10.744591706395244,10.793969613475863,10.705089569091797,10.705089569091797,762600,0.0,0.0
2023-06-05 00:00:00-04:00,10.734716409297219,10.734716409297219,10.616209992168713,10.635961532592773,857000,0.0,0.0
2023-06-06 00:00:00-04:00,10.784093850279211,10.803844448040365,10.73471594316846,10.74459171295166,1033900,0.0,0.0
2023-06-07 00:00:00-04:00,10.635961515844508,10.734716392393446,10.586583606667398,10.596458435058594,609500,0.0,0.0
2023-06-08 00:00:00-04:00,10.5569558413603,10.675463195003035,10.517453704081136,10.665587425231934,694400,0.0,0.0
2023-06-09 00:00:00-04:00,10.833472243577813,10.902600751552088,10.803844932898594,10.813720703125,1431000,0.0,0.0
2023-06-12 00:00:00-04:00,10.813720237331424,11.840776751505805,10.813720237331424,10.86309814453125,1156400,0.0,0.0
2023-06-13 00:00:00-04:00,10.961853978279196,11.00135611574773,10.942102438642303,10.98160457611084,1219400,0.0,0.0
2023-06-14 00:00:00-04:00,10.951978669284061,10.951978669284061,10.764342802059476,10.83347225189209,815600,0.0,0.0
2023-06-15 00:00:00-04:00,10.833472257727399,10.942102904943896,10.793970118575464,10.93222713470459,543800,0.0,0.0
2023-06-16 00:00:00-04:00,10.951978669284061,10.971729267946746,10.823596481658104,10.83347225189209,1072800,0.0,0.0
2023-06-20 00:00:00-04:00,10.833472717554061,10.853223317065698,10.744592665238374,10.803845405578613,651900,0.0,0.0
2023-06-21 00:00:00-04:00,10.803843971829304,10.803843971829304,10.705089103765957,10.77421760559082,1128200,0.0,0.0
2023-06-22 00:00:00-04:00,10.9322266651681,10.991480342253714,10.86309816007259,10.922351837158203,1094900,0.0,0.0
2023-06-23 00:00:00-04:00,10.69521377680196,10.69521377680196,10.576707365141068,10.60633373260498,581100,0.0,0.0
2023-06-26 00:00:00-04:00,10.77421760559082,10.79396914428661,10.73471547000444,10.77421760559082,829600,0.0,0.0
2023-06-27 00:00:00-04:00,10.971728332985537,11.050732604514462,10.951977736005908,11.01123046875,1329600,0.0,0.0
2023-06-28 00:00:00-04:00,11.080359956590298,11.22849273084261,11.060608417727211,11.16923999786377,1692900,0.0,0.0
2023-06-29 00:00:00-04:00,11.169240947893043,11.218617915640229,11.15936517762149,11.18899154663086,954400,0.0,0.0
2023-06-30 00:00:00-04:00,11.159364712766271,11.297621723587612,11.159364712766271,11.23836898803711,2438800,0.0,0.0
2023-07-03 00:00:00-04:00,11.15936517762149,11.238369456183335,11.139613637078384,11.18899154663086,398000,0.0,0.0
2023-07-05 00:00:00-04:00,11.109986767555247,11.188991042557888,10.981604585224646,11.00135612487793,491700,0.0,0.0
2023-07-06 00:00:00-04:00,10.863098620788762,10.872974391022748,10.774218572293462,10.83347225189209,824300,0.0,0.0
2023-07-07 00:00:00-04:00,10.853222869233653,11.080360875979808,10.853222869233653,10.991480827331543,513700,0.0,0.0
2023-07-10 00:00:00-04:00,11.01123094376093,11.021106713579377,10.902600301173766,10.98160457611084,301100,0.0,0.0
2023-07-11 00:00:00-04:00,10.961853999957686,11.090235240630385,10.902600322735076,11.080360412597656,3482900,0.0,0.0
2023-07-12 00:00:00-04:00,11.129738338804998,11.317373257017637,11.129738338804998,11.198866844177246,557900,0.0,0.0
2023-07-13 00:00:00-04:00,11.406253348434786,11.50500822196699,11.406253348434786,11.455631256103516,686400,0.0,0.0
2023-07-14 00:00:00-04:00,11.48525758370979,11.48525758370979,11.208742620261857,11.23836898803711,809000,0.0,0.0
2023-07-17 00:00:00-04:00,11.23836898521975,11.277871122845266,11.119862572343202,11.258119583129883,956700,0.0,0.0
2023-07-18 00:00:00-04:00,11.258119134636027,11.406252851184394,11.218616998584173,11.38650131225586,2382100,0.0,0.0
2023-07-19 00:00:00-04:00,11.30749797821045,11.406253797435372,11.30749797821045,11.30749797821045,755800,0.0,0.0
2023-07-20 00:00:00-04:00,11.396377535721815,11.396377535721815,11.22849321536206,11.258119583129883,464500,0.0,0.0
2023-07-21 00:00:00-04:00,11.23836898803711,11.30749749344778,11.208742620261857,11.23836898803711,372800,0.0,0.0
2023-07-24 00:00:00-04:00,11.327249526977539,11.366751666335047,11.31737375668684,11.327249526977539,761900,0.0,0.0
2023-07-25 00:00:00-04:00,11.109986780306338,11.149488917852995,11.060608872921703,11.080360412597656,1135900,0.0,0.0
2023-07-26 00:00:00-04:00,10.932227147630936,11.030982966530184,10.892725008432294,10.991480827331543,642600,0.0,0.0
2023-07-27 00:00:00-04:00,11.090235713764578,11.267995811210803,11.06060934479197,11.07048511505127,1005700,0.0,0.0
2023-07-28 00:00:00-04:00,11.149488930468232,11.307497480833641,11.139613160619081,11.159364700317383,700000,0.0,0.0
2023-07-31 00:00:00-04:00,11.208742598632819,11.307497471628178,11.070484646273018,11.139613151550293,1278300,0.0,0.0
2023-08-01 00:00:00-04:00,10.991480345929286,11.050733081229467,10.961853978279196,10.98160457611084,747900,0.0,0.0
2023-08-02 00:00:00-04:00,10.863097646111473,10.892724012349957,10.77421760559082,10.77421760559082,984300,0.0,0.0
2023-08-03 00:00:00-04:00,11.307497452234987,11.366751129374776,11.001356122127605,11.021106719970703,2568600,0.0,0.0
2023-08-04 00:00:00-04:00,10.685338500042354,10.744592179509247,10.626085762380743,10.635961532592773,1736100,0.0,0.0
2023-08-07 00:00:00-04:00,10.764342310712813,10.784093850279211,10.714965345407307,10.74459171295166,1504200,0.0,0.0
2023-08-08 00:00:00-04:00,10.59645796546579,10.616209504983438,10.507578863052098,10.586583137512207,2487300,0.0,0.0
2023-08-09 00:00:00-04:00,10.566831577917497,10.616209484812558,10.438449396712437,10.468076705932617,1404600,0.0,0.0
2023-08-10 00:00:00-04:00,10.67546365482514,10.724840622196968,10.57670783647092,10.596458435058594,669300,0.0,0.0
2023-08-11 00:00:00-04:00,10.59645891253856,10.71496627662572,10.55695677177795,10.566832542419434,273300,0.0,0.0
2023-08-14 00:00:00-04:00,10.556956296077962,10.714965793805773,10.556956296077962,10.596458435058594,751100,0.0,0.0
2023-08-15 00:00:00-04:00,10.566832056470163,10.744592152620715,10.517454147338867,10.517454147338867,454600,0.0,0.0
2023-08-16 00:00:00-04:00,10.606333735224613,10.714965318961195,10.576707367753384,10.586583137512207,539200,0.0,0.0
2023-08-17 00:00:00-04:00,10.408823484399063,10.52732990104548,10.329819206634786,10.33969497680664,912700,0.0,0.0
2023-08-18 00:00:00-04:00,10.389072885860635,10.398947714227209,10.280441297580792,10.33969497680664,660300,0.0,0.0
2023-08-21 00:00:00-04:00,10.30019236502717,10.3693208694458,10.30019236502717,10.3693208694458,498800,0.0,0.0
2023-08-22 00:00:00-04:00,10.37919614968371,10.43844888158955,10.300191879272461,10.300191879272461,454500,0.0,0.0
2023-08-23 00:00:00-04:00,10.379197127068027,10.50757931402705,10.379197127068027,10.477952003479004,633100,0.0,0.0
2023-08-24 00:00:00-04:00,10.31994293269659,10.38907237871975,10.231062889099121,10.231062889099121,449800,0.0,0.0
2023-08-25 00:00:00-04:00,10.221188068087399,10.290316572351808,10.171810161410576,10.270565032958984,268300,0.0,0.0
2023-08-28 00:00:00-04:00,10.41869877623278,10.497703050369854,10.339694502095707,10.3693208694458,545400,0.0,0.0
2023-08-29 00:00:00-04:00,10.379197600021621,10.45820188147254,10.319943918030772,10.448326110839844,478600,0.0,0.0
2023-08-30 00:00:00-04:00,10.369320892142497,10.537205210502558,10.369320892142497,10.468076705932617,528500,0.0,0.0
2023-08-31 00:00:00-04:00,10.62608478253358,10.705089053334147,10.487826837729987,10.53720474243164,480500,0.0,0.0
2023-09-01 00:00:00-04:00,10.626085268062791,10.626085268062791,10.487827316941887,10.547080993652344,488100,0.0,0.0
2023-09-05 00:00:00-04:00,10.547081461393743,10.66558787826493,10.43844987290786,10.497703552246094,552500,0.0,0.0
2023-09-06 00:00:00-04:00,10.468077180012854,10.576707826657477,10.468077180012854,10.517454147338867,771100,0.0,0.0
2023-09-07 00:00:00-04:00,10.566832066274442,10.665587884628662,10.566832066274442,10.596458435058594,1441300,0.0,0.0
2023-09-08 00:00:00-04:00,10.596457978639465,10.705089562511096,10.487827336573075,10.665587425231934,1763000,0.0,0.0
2023-09-11 00:00:00-04:00,10.744591719460043,10.80384445458464,10.626085307405607,10.784093856811523,867800,0.0,0.0
2023-09-12 00:00:00-04:00,10.586584092914226,10.75446842674424,10.586584092914226,10.685338973999023,1320400,0.0,0.0
2023-09-13 00:00:00-04:00,10.438448933028331,10.586582647133294,10.438448933028331,10.53720474243164,439900,0.0,0.0
2023-09-14 00:00:00-04:00,10.645836833204038,10.724841114794007,10.57670832226415,10.685338973999023,601400,0.0,0.0
2023-09-15 00:00:00-04:00,10.56683157531594,10.586583114791196,10.477951531287761,10.48782730102539,1022100,0.0,0.0
2023-09-18 00:00:00-04:00,10.369320898759138,10.50757884979248,10.369320898759138,10.50757884979248,502400,0.0,0.0
2023-09-19 00:00:00-04:00,10.71496533886897,10.793969613475863,10.705089569091797,10.705089569091797,1452700,0.0,0.0
2023-09-20 00:00:00-04:00,10.487827280651409,10.497703050369854,10.3693208694458,10.3693208694458,2137700,0.0,0.0
2023-09-21 00:00:00-04:00,10.270565503894112,10.349569781477506,10.18168639796675,10.201436996459961,1075500,0.0,0.0
2023-09-22 00:00:00-04:00,10.22118854181684,10.27056550897694,10.22118854181684,10.240939140319824,558600,0.0,0.0
2023-09-25 00:00:00-04:00,10.191560290930134,10.290316099748217,10.191560290930134,10.280440330505371,726500,0.0,0.0
2023-09-26 00:00:00-04:00,10.250814435371398,10.310067169939394,10.221188068087399,10.270565032958984,894300,0.0,0.0
2023-09-27 00:00:00-04:00,10.221188061214585,10.29031656543251,10.181685924260735,10.231062889099121,811300,0.0,0.0
2023-09-28 00:00:00-04:00,10.152059085849666,10.270565502205272,10.073054808279263,10.142184257507324,1094200,0.0,0.0
2023-09-29 00:00:00-04:00,10.33969496170033,10.349569790052476,10.211312775069624,10.22118854522705,483500,0.0,0.0
2023-10-02 00:00:00-04:00,10.07305429952008,10.17181011239787,9.964423658798696,9.994050025939941,750900,0.0,0.0
2023-10-03 00:00:00-04:00,10.013801581711837,10.112556452946864,10.013801581711837,10.053303718566895,564200,0.0,0.0
2023-10-04 00:00:00-04:00,10.063179504285795,10.122433186111031,10.033553134275838,10.092806816101074,670600,0.0,0.0
2023-10-05 00:00:00-04:00,10.21131278008083,10.300192827930726,10.191561239756284,10.260690689086914,865600,0.0,0.0
2023-10-06 00:00:00-04:00,10.260690699042362,10.369321345516925,10.231063388526799,10.33969497680664,963000,0.0,0.0
2023-10-09 00:00:00-04:00,10.25081445824019,10.389072408882686,10.25081445824019,10.3693208694458,453200,0.0,0.0
2023-10-10 00:00:00-04:00,10.369320406270676,10.48782681218286,10.369320406270676,10.41869831085205,737400,0.0,0.0
2023-10-11 00:00:00-04:00,10.389072890843096,10.507579307546347,10.34956981013673,10.379197120666504,368300,0.0,0.0
2023-10-12 00:00:00-04:00,10.369320860097792,10.438449364454101,10.339694492774408,10.349569320678711,608600,0.0,0.0
2023-10-13 00:00:00-04:00,10.142184727321217,10.181686867936266,10.073055274890889,10.092806816101074,398400,0.0,0.0
2023-10-16 00:00:00-04:00,10.132308017617117,10.240938658788892,10.132308017617117,10.231062889099121,1113900,0.0,0.0
2023-10-17 00:00:00-04:00,10.142183275651371,10.142183275651371,9.984173794002047,10.043427467346191,887800,0.0,0.0
2023-10-18 00:00:00-04:00,9.984174242052948,10.053303687690908,9.905169968585474,9.915045738220215,451900,0.0,0.0
2023-10-19 00:00:00-04:00,10.043428410643074,10.05330418076218,9.93479776474874,9.964424133300781,761300,0.0,0.0
2023-10-20 00:00:00-04:00,10.063179000445496,10.063179000445496,9.905170445896424,9.944672584533691,839300,0.0,0.0
2023-10-23 00:00:00-04:00,9.924921994629635,9.994050501852822,9.905170454391424,9.964424133300781,848500,0.0,0.0
2023-10-24 00:00:00-04:00,10.003926268625158,10.023676867051485,9.954548359851424,9.984174728393555,620900,0.0,0.0
2023-10-25 00:00:00-04:00,10.023675928963081,10.122431737268261,10.023675928963081,10.043427467346191,475600,0.0,0.0
2023-10-26 00:00:00-04:00,9.974299428447521,10.05330370202766,9.934797291657452,9.994050025939941,763200,0.0,0.0
2023-10-27 00:00:00-04:00,10.122432700235258,10.191561207542103,10.063179021254195,10.102681159973145,686000,0.0,0.0
2023-10-30 00:00:00-04:00,10.1125574079194,10.122433178517083,10.023677356150886,10.073055267333984,822400,0.0,0.0
2023-10-31 00:00:00-04:00,10.102681647059391,10.231063839537065,10.102681647059391,10.191561698913574,1282400,0.0,0.0
2023-11-01 00:00:00-04:00,10.221188081675633,10.349569320678711,10.221188081675633,10.349569320678711,691100,0.0,0.0
2023-11-02 00:00:00-04:00,10.438449864553556,10.477952003479004,10.398947725628108,10.477952003479004,1109500,0.0,0.0
2023-11-03 00:00:00-04:00,10.576707380902503,10.665587425231934,10.5569558413603,10.665587425231934,511700,0.0,0.0
2023-11-06 00:00:00-05:00,10.497703086694504,10.556955821599718,10.428574582036672,10.547080993652344,750400,0.0,0.0
2023-11-07 00:00:00-05:00,10.556955864413519,10.863098135349494,10.53720526663343,10.84334659576416,1605700,0.0,0.0
2023-11-08 00:00:00-05:00,11.21861743927002,11.396377529388685,11.159364703767299,11.21861743927002,1909500,0.0,0.0
2023-11-09 00:00:00-05:00,11.682768325180492,11.722270462996109,11.524759773918024,11.534635543823242,1744400,0.0,0.0
2023-11-10 00:00:00-05:00,11.22849321536206,11.307497490613091,11.129738342200893,11.258119583129883,784900,0.0,0.0
2023-11-13 00:00:00-05:00,11.366751216678814,11.495133399963379,11.366751216678814,11.495133399963379,4914900,0.0,0.0
2023-11-14 00:00:00-05:00,11.623515601458466,11.653141969399703,11.495133417972765,11.613639831542969,1021700,0.0,0.0
2023-11-15 00:00:00-05:00,11.426003934194435,11.554386117273674,11.366751198499559,11.376626968383789,959500,0.0,0.0
2023-11-16 00:00:00-05:00,11.376626517431847,11.544509889782864,11.376626517431847,11.524759292602539,544800,0.0,0.0
2023-11-17 00:00:00-05:00,11.396377081720127,11.564261395391814,11.36675071513254,11.38650131225586,612600,0.0,0.0
2023-11-20 00:00:00-05:00,11.327249992754439,11.327249992754439,11.238369940093971,11.297622680664062,1229200,0.0,0.0
2023-11-21 00:00:00-05:00,11.307497982725629,11.41612957227748,11.307497982725629,11.347000122070312,917400,0.0,0.0
2023-11-22 00:00:00-05:00,11.31737376638365,11.574138143330094,11.31737376638365,11.465506553649902,452500,0.0,0.0
2023-11-24 00:00:00-05:00,11.22849322771128,11.44575545579319,11.208742629779424,11.33712387084961,357300,0.0,0.0
2023-11-27 00:00:00-05:00,11.366751195636587,11.406253333358306,11.337123885991357,11.396377563476562,685100,0.0,0.0
2023-11-28 00:00:00-05:00,11.38650179359482,11.406253333358306,11.317373288033123,11.396377563476562,672300,0.0,0.0
2023-11-29 00:00:00-05:00,11.36675071513254,11.41612862064866,11.356874945668272,11.38650131225586,602600,0.0,0.0
2023-11-30 00:00:00-05:00,11.45563173330373,11.514884471530255,11.406253823578094,11.485258102416992,495600,0.0,0.0
2023-12-01 00:00:00-05:00,11.514884476665948,11.633390894977149,11.455631738412993,11.584012985229492,519100,0.0,0.0
2023-12-04 00:00:00-05:00,11.435879227636091,11.505007730335162,11.34699918599145,11.40625286102295,562400,0.0,0.0
2023-12-05 00:00:00-05:00,11.356874955464235,11.455630766581663,11.356874955464235,11.40625286102295,469000,0.0,0.0
2023-12-06 00:00:00-05:00,11.475382319461243,11.564262368508352,11.426004409790039,11.426004409790039,1082200,0.0,0.0
2023-12-07 00:00:00-05:00,11.544510845792425,11.65314243559833,11.544510845792425,11.584012985229492,856200,0.0,0.0
2023-12-08 00:00:00-05:00,11.584012048913257,11.653141493694477,11.584012048913257,11.643265724182129,804800,0.0,0.0
2023-12-11 00:00:00-05:00,11.603763587937953,11.672892090913956,11.603763587937953,11.643265724182129,481000,0.0,0.0
2023-12-12 00:00:00-05:00,11.732146263122559,11.801274769026646,11.653141987287816,11.732146263122559,689000,0.0,0.0
2023-12-13 00:00:00-05:00,11.71239474963864,11.909906381475572,11.702519921491001,11.870404243469238,598100,0.0,0.0
2023-12-14 00:00:00-05:00,11.811150568374604,11.929656982421875,11.80127479841935,11.929656982421875,468000,0.0,0.0
2023-12-15 00:00:00-05:00,11.811150038671181,11.811150038671181,11.643265724182129,11.643265724182129,1068700,0.0,0.0
2023-12-18 00:00:00-05:00,11.821026305907244,11.85065267388649,11.653141984349432,11.751896858215332,528700,0.0,0.0
2023-12-19 00:00:00-05:00,11.830901635366194,11.939533225568796,11.821026806824838,11.919781684875488,829300,0.0,0.0
2023-12-20 00:00:00-05:00,11.850652688799407,11.939532734654243,11.771648412885165,11.811150550842285,891800,0.0,0.0
2023-12-21 00:00:00-05:00,11.85065318869507,12.038288116455078,11.85065318869507,12.038288116455078,536200,0.0,0.0
2023-12-22 00:00:00-05:00,12.038287165036115,12.09754084069094,11.949408064261712,12.018536567687988,500200,0.0,0.0
2023-12-26 00:00:00-05:00,12.018537057367427,12.137043471700242,12.018537057367427,12.127167701721191,462300,0.0,0.0
2023-12-27 00:00:00-05:00,12.156795040011415,12.344429961024673,12.156795040011415,12.324678421020508,465000,0.0,0.0
2023-12-28 00:00:00-05:00,12.344429497702567,12.541940181304764,12.324677958439734,12.354305267333984,564100,0.0,0.0
2023-12-29 00:00:00-05:00,12.73945094998647,12.828330993652344,12.719700352396963,12.828330993652344,789600,0.0,0.0
2024-01-02 00:00:00-05:00,12.808579882806448,12.808579882806448,12.640695571899414,12.640695571899414,622200,0.0,0.0
2024-01-03 00:00:00-05:00,12.640696505788926,12.729576552459683,12.44318581419017,12.541940689086914,439200,0.0,0.0
2024-01-04 00:00:00-05:00,12.364181498457638,12.364181498457638,12.196297175678193,12.265425682067871,515000,0.0,0.0
2024-01-05 00:00:00-05:00,12.2654252148107,12.44318530081832,12.2654252148107,12.334553718566895,421300,0.0,0.0
2024-01-08 00:00:00-05:00,12.393807453092611,12.64069604402352,12.295051639998155,12.630820274353027,1120000,0.0,0.0
2024-01-09 00:00:00-05:00,12.838206309541205,12.927086350065323,12.739450499668807,12.897459983825684,626500,0.0,0.0
2024-01-10 00:00:00-05:00,13.371486171757223,13.45049044624695,13.262855529785156,13.262855529785156,1040700,0.0,0.0
2024-01-11 00:00:00-05:00,13.302357690617821,13.509744146972407,13.302357690617821,13.440614700317383,492600,0.0,0.0
2024-01-12 00:00:00-05:00,13.746757035044459,13.845512849695437,13.746757035044459,13.756632804870605,954200,0.0,0.0
2024-01-16 00:00:00-05:00,13.608499025964345,13.657876933083266,13.460366246412823,13.480116844177246,770600,0.0,0.0
2024-01-17 00:00:00-05:00,13.183851714625645,13.272730820169238,13.104847437383379,13.173975944519043,714700,0.0,0.0
2024-01-18 00:00:00-05:00,13.480116844177246,13.568996888630256,13.391237741529478,13.480116844177246,911700,0.0,0.0
2024-01-19 00:00:00-05:00,13.519619474199303,13.598624693551866,13.460366736941475,13.568997383117676,647100,0.0,0.0
2024-01-22 00:00:00-05:00,13.460366725048047,13.519619462253518,13.36161090729856,13.430740356445312,965500,0.0,0.0
2024-01-23 00:00:00-05:00,13.43074034614246,13.43074034614246,13.312232988211873,13.351736068725586,474500,0.0,0.0
2024-01-24 00:00:00-05:00,13.233228678223023,13.312232955445438,13.193726539611816,13.193726539611816,585300,0.0,0.0
2024-01-25 00:00:00-05:00,13.262856479418273,13.331984989095142,13.203602798405738,13.282607078552246,629800,0.0,0.0
2024-01-26 00:00:00-05:00,13.13447380780713,13.23322868347168,13.13447380780713,13.23322868347168,456800,0.0,0.0
2024-01-29 00:00:00-05:00,13.450490961740227,13.529495239257812,13.43074036326347,13.529495239257812,523700,0.0,0.0
2024-01-30 00:00:00-05:00,13.657876511937541,13.825760825881954,13.657876511937541,13.746756553649902,639300,0.0,0.0
2024-01-31 00:00:00-05:00,13.756632798491767,13.924517118237436,13.717130661010742,13.717130661010742,420100,0.0,0.0
2024-02-01 00:00:00-05:00,13.825761827824769,14.043024063110352,13.815886057628768,14.043024063110352,943800,0.0,0.0
2024-02-02 00:00:00-05:00,13.924517181177688,14.112152099609375,13.84551290585853,14.112152099609375,2172400,0.0,0.0
2024-02-05 00:00:00-05:00,13.98376986369058,14.043023540857682,13.746757038632662,13.815885543823242,2588400,0.0,0.0
2024-02-06 00:00:00-05:00,14.023272099548175,14.46767138509974,14.023272099548175,14.368916511535645,2628200,0.0,0.0
2024-02-07 00:00:00-05:00,13.983769898176705,14.12202785070408,13.934391990716554,13.993645668029785,956200,0.0,0.0
2024-02-08 00:00:00-05:00,14.191156877933814,14.280036926269531,14.112152599814351,14.280036926269531,862100,0.0,0.0
2024-02-09 00:00:00-05:00,14.319539079650644,14.418294898301383,14.280036940551405,14.398543357849121,558700,0.0,0.0
2024-02-12 00:00:00-05:00,14.418294406964847,14.566427188087705,14.260284914147144,14.289912223815918,4037400,0.0,0.0
2024-02-13 00:00:00-05:00,14.220782748952475,14.23065851882301,14.072649968115465,14.151654243469238,1335800,0.0,0.0
2024-02-14 00:00:00-05:00,14.536801803555216,14.586179714538051,14.438045981589545,14.507174491882324,2112100,0.0,0.0
2024-02-15 00:00:00-05:00,14.665183545710464,14.823192102566274,14.615805636241703,14.75406265258789,1112600,0.0,0.0
2024-02-16 00:00:00-05:00,14.230658036635072,14.408418121060508,14.10227585808395,14.122027397155762,1219200,0.0,0.0
2024-02-20 00:00:00-05:00,13.539370999129273,13.568997367724577,13.351736075618646,13.450490951538086,1342200,0.0,0.0
2024-02-21 00:00:00-05:00,13.677628533442082,13.815885543823242,13.628250626103704,13.815885543823242,1099800,0.0,0.0
2024-02-22 00:00:00-05:00,13.865263920436172,13.904766059282789,13.697379594886733,13.766508102416992,935600,0.0,0.0
2024-02-23 00:00:00-05:00,13.825761790054884,13.855388158756666,13.746757512313279,13.786259651184082,589500,0.0,0.0
2024-02-26 00:00:00-05:00,14.141778936140929,14.270161123241182,14.062774658203125,14.062774658203125,1128300,0.0,0.0
2024-02-27 00:00:00-05:00,14.003520932769842,14.003520932769842,13.845512388040994,13.865262985229492,887600,0.0,0.0
2024-02-28 00:00:00-05:00,13.608499057433578,13.657876964666684,13.55912115020047,13.598624229431152,880400,0.0,0.0
2024-02-29 00:00:00-05:00,13.736881256103516,13.825761300869372,13.717130658269573,13.736881256103516,1060600,0.0,0.0
2024-03-01 00:00:00-05:00,13.786258712865067,13.894889351914847,13.786258712865067,13.865262985229492,1208600,0.0,0.0
2024-03-04 00:00:00-05:00,13.657876961941481,13.687503329553335,13.588748456912072,13.618374824523926,1421500,0.0,0.0
2024-03-05 00:00:00-05:00,13.687503818115625,13.776383865928922,13.638126850935153,13.667753219604492,498500,0.0,0.0
2024-03-06 00:00:00-05:00,13.727005004882812,13.825760816004934,13.677628041126965,13.727005004882812,383700,0.0,0.0
2024-03-07 00:00:00-05:00,13.806009312143312,13.88501452632491,13.786258714951824,13.845512390136719,369200,0.0,0.0
2024-03-08 00:00:00-05:00,13.8257612841761,13.8257612841761,13.578872689815812,13.598624229431152,508800,0.0,0.0
2024-03-11 00:00:00-04:00,13.717131614201364,13.825762264371514,13.717131614201364,13.776384353637695,477000,0.0,0.0
2024-03-12 00:00:00-04:00,13.825761300869372,13.865263438342502,13.648001211337657,13.736881256103516,328200,0.0,0.0
2024-03-13 00:00:00-04:00,13.825761766353928,13.825761766353928,13.648001670837402,13.648001670837402,390200,0.0,0.0
2024-03-14 00:00:00-04:00,13.628250112215891,13.806009253403845,13.559120667826765,13.608498573303223,335000,0.0,0.0
2024-03-15 00:00:00-04:00,13.648001194859013,13.677628504282024,13.529494782582704,13.598624229431152,370700,0.0,0.0
2024-03-18 00:00:00-04:00,13.598623745652102,13.697378614799806,13.588747976195767,13.608498573303223,371400,0.0,0.0
2024-03-19 00:00:00-04:00,13.549246338557454,13.74675702592311,13.549246338557454,13.736881256103516,515800,0.0,0.0
2024-03-20 00:00:00-04:00,13.638125914782135,13.766507150805307,13.638125914782135,13.746756553649902,353100,0.0,0.0
2024-03-21 00:00:00-04:00,13.776383865928922,13.776383865928922,13.588748941949403,13.667753219604492,480600,0.0,0.0
2024-03-22 00:00:00-04:00,13.588748941949403,13.717131128590244,13.588748941949403,13.667753219604492,994600,0.0,0.0
2024-03-25 00:00:00-04:00,13.509744162735897,13.549246300096899,13.40111257863921,13.499868392944336,410200,0.0,0.0
2024-03-26 00:00:00-04:00,13.499867921044379,13.578872193004715,13.480116382151687,13.509743690490723,376700,0.0,0.0
2024-03-27 00:00:00-04:00,13.687502831498877,13.727004967479047,13.460365785064209,13.509743690490723,302500,0.0,0.0
2024-03-28 00:00:00-04:00,13.331984060797124,13.470242012329352,13.331984060797124,13.42086410522461,698700,0.0,0.0
2024-04-01 00:00:00-04:00,13.33198451476647,13.381362423552586,13.1937265585264,13.292482376098633,555600,0.0,0.0
2024-04-02 00:00:00-04:00,13.164100646972656,13.213478557472943,13.104847907816561,13.164100646972656,993600,0.0,0.0
2024-04-03 00:00:00-04:00,12.680198671680397,12.749327178438959,12.640696533274753,12.73945140838623,676900,0.0,0.0
2024-04-04 00:00:00-04:00,12.759203422050012,12.838207701793547,12.640697002434708,12.670323371887207,660700,0.0,0.0
2024-04-05 00:00:00-04:00,12.591318139915444,12.630820276799833,12.561691772703462,12.611069679260254,512900,0.0,0.0
2024-04-08 00:00:00-04:00,12.739451893129567,12.857959254661042,12.719701294077858,12.788829803466797,479000,0.0,0.0
2024-04-09 00:00:00-04:00,12.739450936245897,12.788828842874262,12.699948799304252,12.749326705932617,356200,0.0,0.0
2024-04-10 00:00:00-04:00,12.59131810927839,12.59131810927839,12.423433792476926,12.472811698913574,406600,0.0,0.0
2024-04-11 00:00:00-04:00,12.393807889258461,12.443185797543409,12.32467844093743,12.423434257507324,771900,0.0,0.0
2024-04-12 00:00:00-04:00,12.29505156749095,12.44318528625905,12.255549430847168,12.255549430847168,474500,0.0,0.0
2024-04-15 00:00:00-04:00,12.255550355286637,12.295052494910076,12.028413287903192,12.038288116455078,1031900,0.0,0.0
2024-04-16 00:00:00-04:00,11.90990639892044,11.988910675048828,11.880279089018348,11.988910675048828,738700,0.0,0.0
2024-04-17 00:00:00-04:00,12.11729287084754,12.245674113325538,12.028412824666418,12.067914962768555,489400,0.0,0.0
2024-04-18 00:00:00-04:00,12.038287632391752,12.117292850267102,11.969159126281738,11.969159126281738,672600,0.0,0.0
2024-04-19 00:00:00-04:00,11.92965696170559,12.038287605608966,11.801274777926002,11.830901145935059,1230400,0.0,0.0
2024-04-22 00:00:00-04:00,12.067914466353155,12.117292372400975,11.909905920444313,11.979034423828125,434900,0.0,0.0
2024-04-23 00:00:00-04:00,11.949408522332384,11.969159120437633,11.87040424630087,11.929656982421875,628500,0.0,0.0
2024-04-24 00:00:00-04:00,11.929656976558354,11.959283344604295,11.85065270056567,11.890154838562012,298800,0.0,0.0
2024-04-25 00:00:00-04:00,11.692643654807402,11.761772157930432,11.623515151684371,11.742021560668945,1290600,0.0,0.0
2024-04-26 00:00:00-04:00,12.008660812719965,12.097540855407715,11.949408078798282,12.097540855407715,1511900,0.0,0.0
2024-04-29 00:00:00-04:00,12.146919735471567,12.196297645568848,12.097541825374284,12.196297645568848,749100,0.0,0.0
2024-04-30 00:00:00-04:00,12.176545601269481,12.176545601269481,12.008661278964446,12.028412818908691,1854000,0.0,0.0
2024-05-01 00:00:00-04:00,11.949408042094952,12.048162912262834,11.860527999680201,11.900030136108398,751300,0.0,0.0
2024-05-02 00:00:00-04:00,11.900030172660061,12.097540855407715,11.900030172660061,12.097540855407715,562600,0.0,0.0
2024-05-03 00:00:00-04:00,12.275301446380011,12.275301446380011,12.127167721864001,12.225923538208008,293500,0.0,0.0
2024-05-06 00:00:00-04:00,12.19629669678411,12.324677934522478,12.097540884272043,12.255549430847168,851200,0.0,0.0
2024-05-07 00:00:00-04:00,12.038287672474956,12.393807857779377,12.018537074294303,12.245674133300781,1457200,0.0,0.0
2024-05-08 00:00:00-04:00,11.73214624511317,11.781524152885403,11.603764061627471,11.613639831542969,2176700,0.0,0.0
2024-05-09 00:00:00-04:00,12.048163907355356,12.196297637549804,11.959283857599749,12.176546096801758,3748500,0.0,0.0
2024-05-10 00:00:00-04:00,12.43331003310503,12.532064907913977,12.344429986513292,12.462936401367188,2236700,0.0,0.0
2024-05-13 00:00:00-04:00,12.591319100010523,12.778954029067327,12.591319100010523,12.690074920654297,2125700,0.0,0.0
2024-05-14 00:00:00-04:00,13.252979763989897,13.410988313016654,13.203601856967726,13.322108268737793,2912700,0.0,0.0
2024-05-15 00:00:00-04:00,13.213477613556405,13.312232485697026,13.03571752517595,13.243103981018066,1624900,0.0,0.0
2024-05-16 00:00:00-04:00,13.58874796245106,13.648000695518709,13.499867921044379,13.509743690490723,6516100,0.0,0.0
2024-05-17 00:00:00-04:00,13.351736084043903,13.529495237533173,13.351736084043903,13.470242500305176,1768500,0.0,0.0
2024-05-20 00:00:00-04:00,13.381362413036602,13.381362413036602,13.144349581215836,13.213478088378906,1590000,0.0,0.0
2024-05-21 00:00:00-04:00,13.173975951628057,13.430740323706615,13.164100181516126,13.272730827331543,774300,0.0,0.0
2024-05-22 00:00:00-04:00,13.085096366894323,13.213478557472943,13.085096366894323,13.164100646972656,3964500,0.0,0.0
2024-05-23 00:00:00-04:00,13.134472787081874,13.173974922638902,12.848082068842123,12.877708435058594,1209300,0.0,0.0
2024-05-24 00:00:00-04:00,12.857958806355095,13.035717958843941,12.857958806355095,12.9962158203125,837500,0.0,0.0
2024-05-28 00:00:00-04:00,12.84808301494083,12.956713660270626,12.818455704737481,12.838207244873047,655500,0.0,0.0
2024-05-29 00:00:00-04:00,12.838206772714857,12.936962586150143,12.838206772714857,12.848082542419434,349700,0.0,0.0
2024-05-30 00:00:00-04:00,13.183851226077074,13.183851226077074,13.0357175053832,13.124597549438477,335100,0.0,0.0
2024-05-31 00:00:00-04:00,13.381362439094254,13.499868855235405,13.31223298999129,13.410988807678223,724600,0.0,0.0
2024-06-03 00:00:00-04:00,13.480116857152748,13.628250578652102,13.480116857152748,13.559121131896973,454000,0.0,0.0
2024-06-04 00:00:00-04:00,13.875139728712865,14.043024054723466,13.875139728712865,14.023272514343262,1203700,0.0,0.0
2024-06-05 00:00:00-04:00,13.845512875011124,13.983769885608993,13.815885565478512,13.914641380310059,350100,0.0,0.0
2024-06-06 00:00:00-04:00,13.924517150154264,14.013396253336357,13.85538770305008,13.914641380310059,330300,0.0,0.0
2024-06-07 00:00:00-04:00,13.825760816004934,13.825760816004934,13.717130177214772,13.727005004882812,340600,0.0,0.0
2024-06-10 00:00:00-04:00,13.618375792733728,13.786260124145523,13.608500022225902,13.776384353637695,581900,0.0,0.0
2024-06-11 00:00:00-04:00,13.638126835739167,13.727005941648152,13.49986887909417,13.549246788024902,511300,0.0,0.0
2024-06-12 00:00:00-04:00,13.489992613962078,13.62825056553401,13.440614706843157,13.480116844177246,701800,0.0,0.0
2024-06-13 00:00:00-04:00,13.114722246595862,13.193726523723136,13.025842199376362,13.075220108032227,598800,0.0,0.0
2024-06-14 00:00:00-04:00,13.18385124870019,13.27273035110274,13.173975478942603,13.223353385925293,513600,0.0,0.0
2024-06-17 00:00:00-04:00,13.035717518617844,13.28260611155305,13.035717518617844,13.203601837158203,469000,0.0,0.0
2024-06-18 00:00:00-04:00,13.618374824523926,13.707254869164734,13.489992642465564,13.618374824523926,818800,0.0,0.0
2024-06-20 00:00:00-04:00,13.252979254196422,13.331983525670797,13.085094941862078,13.134472846984863,654800,0.0,0.0
2024-06-21 00:00:00-04:00,13.085095886700616,13.124598025290142,13.05546951820979,13.094971656799316,320600,0.0,0.0
2024-06-24 00:00:00-04:00,13.134473321768223,13.22335336584102,13.094971184603116,13.104846954345703,272400,0.0,0.0
2024-06-25 00:00:00-04:00,13.322108271374653,13.331984041142091,13.243103996845639,13.30235767364502,404500,0.0,0.0
2024-06-26 00:00:00-04:00,13.361610395310532,13.381361934825705,13.193726076652535,13.223353385925293,296400,0.0,0.0
2024-06-27 00:00:00-04:00,13.18385171985263,13.233228686794666,13.164100179631596,13.213478088378906,283600,0.0,0.0
2024-06-28 00:00:00-04:00,13.154223443950853,13.183850752107647,13.07521917247648,13.134472846984863,494800,0.0,0.0
2024-07-01 00:00:00-04:00,13.430740328970474,13.430740328970474,13.292482372765077,13.312232971191406,287600,0.0,0.0
2024-07-02 00:00:00-04:00,13.628250594329627,13.64800119213578,13.450490505048009,13.618374824523926,1502300,0.0,0.0
2024-07-03 00:00:00-04:00,13.460366736941475,13.598624693551866,13.460366736941475,13.568997383117676,1159700,0.0,0.0
2024-07-05 00:00:00-04:00,13.648000709323348,13.697378614799806,13.48999216524285,13.608498573303223,318700,0.0,0.0
2024-07-08 00:00:00-04:00,13.499868386426401,13.529494753981538,13.430739881529336,13.460366249084473,281400,0.0,0.0
2024-07-09 00:00:00-04:00,13.578873161733874,13.776383855725312,13.578873161733874,13.588748931884766,276400,0.0,0.0
2024-07-10 00:00:00-04:00,13.638126870791243,13.825761795043945,13.638126870791243,13.825761795043945,930700,0.0,0.0
2024-07-11 00:00:00-04:00,13.964019770467937,14.092401957465075,13.924517631530762,13.924517631530762,406100,0.0,0.0
2024-07-12 00:00:00-04:00,13.796135444533622,13.964019770467937,13.796135444533622,13.924517631530762,392800,0.0,0.0
2024-07-15 00:00:00-04:00,13.973893626394428,13.973893626394428,13.825760851140014,13.845512390136719,335900,0.0,0.0
2024-07-16 00:00:00-04:00,13.657876983886581,13.756632798491767,13.57887270892453,13.717130661010742,563500,0.0,0.0
2024-07-17 00:00:00-04:00,13.608499530381271,13.65787743933045,13.549246793086478,13.588748931884766,836200,0.0,0.0
2024-07-18 00:00:00-04:00,13.480116846852814,13.588748430897054,13.41098834195575,13.460366249084473,1640500,0.0,0.0
2024-07-19 00:00:00-04:00,13.450490922125201,13.470242462349065,13.272730827331543,13.272730827331543,1035900,0.0,0.0
2024-07-22 00:00:00-04:00,13.38136196524764,13.470242009657497,13.371486195467602,13.440614700317383,1087800,0.0,0.0
2024-07-23 00:00:00-04:00,13.312232988211873,13.440615174465613,13.292482389760293,13.351736068725586,386100,0.0,0.0
2024-07-24 00:00:00-04:00,13.391237717941474,13.578872634496573,13.292481903877583,13.30235767364502,462600,0.0,0.0
2024-07-25 00:00:00-04:00,13.302358130489043,13.361610867518106,13.15422440430584,13.173975944519043,728200,0.0,0.0
2024-07-26 00:00:00-04:00,13.213477166619391,13.381361479565637,13.213477166619391,13.371485710144043,485700,0.0,0.0
2024-07-29 00:00:00-04:00,13.312232501607216,13.549246266999504,13.2332282270782,13.30235767364502,404600,0.0,0.0
2024-07-30 00:00:00-04:00,13.361610897048738,13.371486667177168,13.233228710794998,13.351736068725586,471200,0.0,0.0
2024-07-31 00:00:00-04:00,13.588748926808433,13.64800166408109,13.420864601527109,13.549246788024902,1221800,0.0,0.0
2024-08-01 00:00:00-04:00,13.272731284967382,13.331984965876725,12.907336254474805,13.045594215393066,964500,0.0,0.0
2024-08-02 00:00:00-04:00,12.2259229661406,12.2259229661406,11.702519424340753,11.742021560668945,2603300,0.0,0.0
2024-08-05 00:00:00-04:00,11.218617528391466,11.82102630888796,11.218617528391466,11.732146263122559,5740300,0.0,0.0
2024-08-06 00:00:00-04:00,12.67032334750249,12.67032334750249,12.285176778140011,12.433310508728027,2223700,0.0,0.0
2024-08-07 00:00:00-04:00,12.759202948491687,13.114722194142487,12.719700810086042,12.73945140838623,796900,0.0,0.0
2024-08-08 00:00:00-04:00,12.512313897778334,12.848082533047087,12.512313897778334,12.828330993652344,816000,0.0,0.0
2024-08-09 00:00:00-04:00,12.887584710723738,13.233228174975993,12.887584710723738,13.065343856811523,929200,0.0,0.0
2024-08-12 00:00:00-04:00,12.956713224431779,13.193726047254286,12.956713224431779,13.085095405578613,602500,0.0,0.0
2024-08-13 00:00:00-04:00,12.907336254474805,13.134474265854427,12.907336254474805,13.045594215393066,573000,0.0,0.0
2024-08-14 00:00:00-04:00,13.233228686794666,13.292482365652496,13.193726548157873,13.213478088378906,1037300,0.0,0.0
2024-08-15 00:00:00-04:00,13.213477622777766,13.262855529785156,13.065343901755595,13.262855529785156,394600,0.0,0.0
2024-08-16 00:00:00-04:00,13.282606621407322,13.509744625365153,13.282606621407322,13.410988807678223,417500,0.0,0.0
2024-08-19 00:00:00-04:00,13.460366277539503,13.70725487189979,13.460366277539503,13.598624229431152,328500,0.0,0.0
2024-08-20 00:00:00-04:00,13.70725488479652,13.70725488479652,13.529494795312184,13.677628517150879,230400,0.0,0.0
2024-08-21 00:00:00-04:00,13.776383918650051,14.043024063110352,13.766508148454053,14.043024063110352,602000,0.0,0.0
2024-08-22 00:00:00-04:00,13.8948898279912,14.072649917804304,13.835637092590332,13.835637092590332,359700,0.0,0.0
2024-08-23 00:00:00-04:00,13.766508148454053,14.043024063110352,13.766508148454053,14.043024063110352,387900,0.0,0.0
2024-08-26 00:00:00-04:00,13.776383885986304,13.914641842986644,13.776383885986304,13.825761795043945,264800,0.0,0.0
2024-08-27 00:00:00-04:00,13.776383393576646,13.825761300869372,13.588748476030585,13.736881256103516,240000,0.0,0.0
2024-08-28 00:00:00-04:00,13.697379562687962,13.697379562687962,13.45049096002566,13.470242500305176,284600,0.0,0.0
2024-08-29 00:00:00-04:00,13.410988319644229,13.559121098978709,13.33198404509181,13.361610412597656,330400,0.0,0.0
2024-08-30 00:00:00-04:00,13.381362447570568,13.539371002525526,13.351736078967832,13.430740356445312,310400,0.0,0.0
2024-09-03 00:00:00-04:00,13.489992068619543,13.499867838005141,13.085094941862078,13.134472846984863,517400,0.0,0.0
2024-09-04 00:00:00-04:00,12.936963109541606,13.193726539611816,12.936963109541606,13.193726539611816,495400,0.0,0.0
2024-09-05 00:00:00-04:00,13.282606602649276,13.351736051654612,13.262856004222948,13.312232971191406,582600,0.0,0.0
2024-09-06 00:00:00-04:00,13.331983525670797,13.38136143079358,13.114721308213666,13.134472846984863,403700,0.0,0.0
2024-09-09 00:00:00-04:00,13.134473834926546,13.410988805885603,13.134473834926546,13.351736068725586,501600,0.0,0.0
2024-09-10 00:00:00-04:00,13.13447428872887,13.292482849021887,13.13447428872887,13.282607078552246,421700,0.0,0.0
2024-09-11 00:00:00-04:00,13.114721808762985,13.262855529785156,13.035717534273257,13.262855529785156,353700,0.0,0.0
2024-09-12 00:00:00-04:00,13.252979763989897,13.331984038503276,13.154223949945555,13.322108268737793,214700,0.0,0.0
2024-09-13 00:00:00-04:00,13.312232955445438,13.312232955445438,13.18385171131297,13.193726539611816,248900,0.0,0.0
2024-09-16 00:00:00-04:00,13.272730364342708,13.381361948174035,13.213477629348567,13.30235767364502,300200,0.0,0.0
2024-09-17 00:00:00-04:00,13.34186074805156,13.381362888090727,13.144350047855728,13.164100646972656,346800,0.0,0.0
2024-09-18 00:00:00-04:00,13.13447379208452,13.32210871488625,13.045593744829127,13.11472225189209,431600,0.0,0.0
2024-09-19 00:00:00-04:00,13.381362420196742,13.489993066054733,13.272730832533474,13.312232971191406,516000,0.0,0.0
2024-09-20 00:00:00-04:00,13.361610385947897,13.361610385947897,13.164099699960781,13.203601837158203,857000,0.0,0.0
2024-09-23 00:00:00-04:00,13.1344733417175,13.282606120860326,13.08509543473481,13.223353385925293,573100,0.0,0.0
2024-09-24 00:00:00-04:00,13.331984500941505,13.331984500941505,13.173975946434005,13.23322868347168,381900,0.0,0.0
2024-09-25 00:00:00-04:00,13.223353828627358,13.223353828627358,12.98634005553656,13.035717964172363,454600,0.0,0.0
2024-09-26 00:00:00-04:00,13.598624248567667,13.727005489027063,13.519619031800369,13.717130661010742,377100,0.0,0.0
2024-09-27 00:00:00-04:00,13.52949473147286,13.598624178060161,13.312232505551082,13.361610412597656,461900,0.0,0.0
2024-09-30 00:00:00-04:00,13.329873051570525,13.329873051570525,13.171184233053966,13.210856437683105,376200,0.058,0.0
2024-10-01 00:00:00-04:00,13.210856057637102,13.3794631589255,13.042248956348706,13.260446548461914,578800,0.0,0.0
2024-10-02 00:00:00-04:00,13.191020849922987,13.191020849922987,13.032332030905684,13.081921577453613,850300,0.0,0.0
2024-10-03 00:00:00-04:00,13.02241325378418,13.101757660310547,12.992659337801776,13.02241325378418,1380400,0.0,0.0
2024-10-04 00:00:00-04:00,13.101758152760762,13.131512069861513,13.022413743252109,13.081921577453613,413600,0.0,0.0
2024-10-07 00:00:00-04:00,13.538152279352525,13.677005467633357,13.409218324493134,13.46872615814209,665400,0.0,0.0
2024-10-08 00:00:00-04:00,13.280283389770547,13.379463427551517,13.260446814698378,13.349709510803223,949900,0.0,0.0
2024-10-09 00:00:00-04:00,13.091839107017805,13.19102008609048,11.901672087445261,13.18110179901123,3499900,0.0,0.0
2024-10-10 00:00:00-04:00,13.290200846941385,13.290200846941385,13.091839823795686,13.210856437683105,942500,0.0,0.0
2024-10-11 00:00:00-04:00,13.081921197265725,13.280283161132514,13.081921197265725,13.131511688232422,641700,0.0,0.0
2024-10-14 00:00:00-04:00,13.042248503585082,13.191019970894894,13.042248503585082,13.072003364562988,464400,0.0,0.0
2024-10-15 00:00:00-04:00,13.062085531721019,13.151348226038465,12.992659412078535,13.012495040893555,773300,0.0,0.0
2024-10-16 00:00:00-04:00,13.09183974979285,13.270365142544831,13.09183974979285,13.22077465057373,1324600,0.0,0.0
2024-10-17 00:00:00-04:00,13.319955094952805,13.33979072342177,13.101757506634657,13.290200233459473,1841500,0.0,0.0
2024-10-18 00:00:00-04:00,13.11167613102188,13.389381557749227,13.11167613102188,13.369544982910156,605600,0.0,0.0
2024-10-21 00:00:00-04:00,13.310037271826305,13.369545105167788,13.191020659283382,13.230692863464355,583100,0.0,0.0
2024-10-22 00:00:00-04:00,13.032331726127047,13.310037152912814,13.012495151283805,13.121593475341797,346000,0.0,0.0
2024-10-23 00:00:00-04:00,13.012494892226474,13.290200313483584,12.98274097641391,13.032331466674805,395800,0.0,0.0
2024-10-24 00:00:00-04:00,13.04224906768872,13.24061103268136,13.04224906768872,13.121593475341797,265200,0.0,0.0
2024-10-25 00:00:00-04:00,12.962904624285802,13.181102217659976,12.913315079034351,13.00257682800293,390300,0.0,0.0
2024-10-28 00:00:00-04:00,13.141429522644422,13.191020011901855,13.032331202965999,13.191020011901855,417300,0.0,0.0
2024-10-29 00:00:00-04:00,13.280283161132514,13.290200502637898,13.10175777199638,13.131511688232422,423400,0.0,0.0
2024-10-30 00:00:00-04:00,13.151347768784259,13.151347768784259,13.032331162452355,13.072003364562988,540300,0.0,0.0
2024-10-31 00:00:00-04:00,13.15134842020118,13.15134842020118,13.042249149598062,13.111676216125488,405800,0.0,0.0
2024-11-01 00:00:00-04:00,13.09183983170231,13.09183983170231,12.913315383693348,12.962904930114746,413000,0.0,0.0
2024-11-04 00:00:00-05:00,13.022413485297992,13.131511809746325,12.91331516084966,12.992659568786621,492900,0.0,0.0
2024-11-05 00:00:00-05:00,12.467001534203828,12.943068921970005,12.397575414557487,12.764543533325195,1419100,0.0,0.0
2024-11-06 00:00:00-05:00,13.012495267539018,13.230692863464355,12.903396942506328,13.230692863464355,2218800,0.0,0.0
2024-11-07 00:00:00-05:00,13.220774307876127,13.448890186686185,13.081921123128268,13.389381408691406,2303100,0.0,0.0
2024-11-08 00:00:00-05:00,13.38938144626245,13.38938144626245,13.121593363324429,13.260446548461914,835700,0.0,0.0
2024-11-11 00:00:00-05:00,13.31003680778836,13.389381213384066,13.260446317826066,13.290200233459473,855700,0.0,0.0
2024-11-12 00:00:00-05:00,13.389381557749227,13.389381557749227,13.25052837145558,13.369544982910156,616000,0.0,0.0
2024-11-13 00:00:00-05:00,13.002576716375188,13.052167207060847,12.843887902869028,12.893478393554688,830000,0.0,0.0
2024-11-14 00:00:00-05:00,12.89347816301683,13.022413058150189,12.89347816301683,12.923232078552246,1447100,0.0,0.0
2024-11-15 00:00:00-05:00,13.022413364793643,13.290200502637898,13.022413364793643,13.131511688232422,1801400,0.0,0.0
2024-11-18 00:00:00-05:00,13.111675533802359,13.210855565900346,13.002576268876696,13.20093822479248,703800,0.0,0.0
2024-11-19 00:00:00-05:00,13.002577019550982,13.240611191220307,13.002577019550982,13.101758003234863,744100,0.0,0.0
2024-11-20 00:00:00-05:00,13.052167511392923,13.111676290775243,13.022413594631743,13.101758003234863,504400,0.0,0.0
2024-11-21 00:00:00-05:00,13.141429826760676,13.220774233064775,13.11167591086162,13.151348114013672,651600,0.0,0.0
2024-11-22 00:00:00-05:00,13.121592982245954,13.121592982245954,12.972822459952065,13.062085151672363,827600,0.0,0.0
2024-11-25 00:00:00-05:00,13.081921159836568,13.260446548461914,13.081921159836568,13.260446548461914,678500,0.0,0.0
2024-11-26 00:00:00-05:00,13.3397910665115,13.399299845168763,13.210856167637388,13.369544982910156,504400,0.0,0.0
2024-11-27 00:00:00-05:00,13.786103746632165,13.934875221971625,13.786103746632165,13.845612525939941,718200,0.0,0.0
2024-11-29 00:00:00-05:00,14.331596757065128,14.539876058478058,14.331596757065128,14.52995777130127,806800,0.0,0.0
2024-12-02 00:00:00-05:00,14.529958039125992,14.648975595721403,14.529958039125992,14.619220733642578,1302200,0.0,0.0
2024-12-03 00:00:00-05:00,14.69856472557647,14.827499620029236,14.69856472557647,14.797745704650879,754600,0.0,0.0
2024-12-04 00:00:00-05:00,14.926681134859027,15.253977053348153,14.91676284742361,15.224223136901855,2467100,0.0,0.0
2024-12-05 00:00:00-05:00,15.263895558711745,15.462256580952385,15.234140695980676,15.44242000579834,1869000,0.0,0.0
2024-12-06 00:00:00-05:00,14.956435237762232,15.115124055267406,14.896927404127771,15.075451850891113,2113100,0.0,0.0
2024-12-09 00:00:00-05:00,15.134959944090069,15.2242226363541,15.12504165698075,15.164713859558105,1300800,0.0,0.0
2024-12-10 00:00:00-05:00,14.877090835279011,14.877090835279011,14.728320305270206,14.827500343322754,2363300,0.0,0.0
2024-12-11 00:00:00-05:00,14.887009008267505,15.055616112105147,14.877090720780595,14.966353416442871,2223300,0.0,0.0
2024-12-12 00:00:00-05:00,14.877090603137269,15.025861130824664,14.787827908180855,14.857254028320312,1696100,0.0,0.0
2024-12-13 00:00:00-05:00,14.69856461134507,14.92668048309942,14.688647270202637,14.688647270202637,717700,0.0,0.0
2024-12-16 00:00:00-05:00,14.758073428252755,14.817581258711325,14.71840122599374,14.807663917541504,1053200,0.0,0.0
2024-12-17 00:00:00-05:00,15.333321378216228,15.36307529450167,15.234140396118164,15.234140396118164,782900,0.0,0.0
2024-12-18 00:00:00-05:00,15.075451233348137,15.075451233348137,14.658892631530762,14.658892631530762,510300,0.0,0.0
2024-12-19 00:00:00-05:00,14.837417873090043,15.006024969614014,14.837417873090043,14.926680564880371,598000,0.0,0.0
2024-12-20 00:00:00-05:00,14.460532222523497,14.62913932773226,14.3415156092926,14.579548835754395,1375900,0.0,0.0
2024-12-23 00:00:00-05:00,14.629138751349302,14.678729241373318,14.40102382144272,14.52995777130127,1707600,0.0,0.0
2024-12-24 00:00:00-05:00,14.420859449936373,14.619220464172514,14.410941162759585,14.52995777130127,366700,0.0,0.0
2024-12-26 00:00:00-05:00,14.520040512084961,14.658892749905409,14.510122224852092,14.520040512084961,413200,0.0,0.0
2024-12-27 00:00:00-05:00,14.559712409973145,14.847336112678013,14.539875835923196,14.559712409973145,427100,0.0,0.0
2024-12-30 00:00:00-05:00,14.529958002447483,14.559712864451196,14.430777966681594,14.500204086303711,421100,0.0,0.0
2024-12-31 00:00:00-05:00,14.549794502469142,14.559712789752826,14.28200642096925,14.510122299194336,257500,0.0,0.0
2025-01-02 00:00:00-05:00,14.510121920708185,14.678729016693099,14.371268739938282,14.559712409973145,892400,0.0,0.0
2025-01-03 00:00:00-05:00,14.480368871878056,14.748156016555132,14.391106175032373,14.56963062286377,957400,0.0,0.0
2025-01-06 00:00:00-05:00,14.569629859898546,14.60930206243468,14.331596644681749,14.420859336853027,1600600,0.0,0.0
2025-01-07 00:00:00-05:00,14.381187476510709,14.569630206576269,14.242334291400338,14.252252578735352,1020400,0.0,0.0
2025-01-08 00:00:00-05:00,13.984465098405574,14.024137300911777,13.825775342520842,13.924956321716309,1381800,0.0,0.0
2025-01-10 00:00:00-05:00,14.391105381437466,14.480368073360772,14.2919244024427,14.30184268951416,1040900,0.0,0.0
2025-01-13 00:00:00-05:00,14.291925049334674,14.480368728782228,14.242334557592688,14.34151554107666,914300,0.0,0.0
2025-01-14 00:00:00-05:00,14.718401408587496,14.718401408587496,14.54979431042999,14.658892631530762,1812000,0.0,0.0
2025-01-15 00:00:00-05:00,15.154796027062964,15.2440587220047,15.065533332121227,15.105205535888672,2432300,0.0,0.0
2025-01-16 00:00:00-05:00,15.372993358609767,15.640781438869285,15.224222833483323,15.511846542358398,3340200,0.0,0.0
2025-01-17 00:00:00-05:00,14.678728983200292,14.75807338749922,14.549794089749557,14.688647270202637,2221200,0.0,0.0
2025-01-21 00:00:00-05:00,14.490285346658238,14.569629751138207,14.381187026963257,14.559712409973145,2187400,0.0,0.0
2025-01-22 00:00:00-05:00,14.837418176554426,15.095287970142842,14.837418176554426,14.887008666992188,1538800,0.0,0.0
2025-01-23 00:00:00-05:00,15.025861171633336,15.313484886240749,15.025861171633336,15.224223136901855,731700,0.0,0.0
2025-01-24 00:00:00-05:00,15.620945169444155,15.868896680070254,15.581272965578378,15.720126152038574,3150500,0.0,0.0
2025-01-27 00:00:00-05:00,15.472174487771206,15.660617217797395,15.412665709633497,15.492010116577148,3152400,0.0,0.0
2025-01-28 00:00:00-05:00,16.37471808539907,16.454062493598926,16.255700527239338,16.32512664794922,4562000,0.0,0.0
2025-01-29 00:00:00-05:00,16.16643753676908,16.384636074129958,16.03750358519028,16.11684799194336,3323400,0.0,0.0
2025-01-30 00:00:00-05:00,16.751603638100395,16.761521925641688,16.523488699810414,16.563161849975586,3664400,0.0,0.0
2025-01-31 00:00:00-05:00,16.176355066123413,16.424306562073827,15.809386965619987,16.216028213500977,2436700,0.0,0.0
2025-02-03 00:00:00-05:00,16.11684799194336,16.4441439062648,16.11684799194336,16.36479949951172,2287700,0.0,0.0
2025-02-04 00:00:00-05:00,16.116848448742036,16.444144372340002,15.868896934146006,16.3052921295166,1478000,0.0,0.0
2025-02-05 00:00:00-05:00,17.187998428969877,17.307015984959435,17.019391328154597,17.108654022216797,2868800,0.0,0.0
2025-02-06 00:00:00-05:00,17.67398330431,17.912016526555938,17.67398330431,17.832672119140625,2703500,0.0,0.0
2025-02-07 00:00:00-05:00,17.644229793566556,17.753327168096984,17.34668685608034,17.40619468688965,1836100,0.0,0.0
2025-02-10 00:00:00-05:00,17.852508693924424,18.031034083538852,17.753327711725312,17.832672119140625,1714800,0.0,0.0
2025-02-11 00:00:00-05:00,17.852507704150373,17.852507704150373,17.66406403759169,17.713655471801758,2426500,0.0,0.0
2025-02-12 00:00:00-05:00,17.72357474335532,17.832672121239284,17.346687389298314,17.584720611572266,3142700,0.0,0.0
2025-02-13 00:00:00-05:00,17.941772133298105,18.269068063933727,17.941772133298105,18.229394912719727,1404100,0.0,0.0
2025-02-14 00:00:00-05:00,18.249230965357743,18.34841194883054,18.140133586085593,18.2988224029541,3202100,0.0,0.0
2025-02-18 00:00:00-05:00,18.58644553369926,18.774889216771136,18.58644553369926,18.745134353637695,4315700,0.0,0.0
2025-02-19 00:00:00-05:00,19.0228406405933,19.310463415918548,19.0228406405933,19.25095558166504,9828100,0.0,0.0
2025-02-20 00:00:00-05:00,19.082347572662265,19.171610265682297,18.913740473815526,19.122020721435547,7482500,0.0,0.0
2025-02-21 00:00:00-05:00,18.87407034102356,19.09226699711425,18.864152053239444,18.973249435424805,5377900,0.0,0.0
2025-02-24 00:00:00-05:00,18.755051881133113,18.96333213118487,18.755051881133113,18.844314575195312,2003100,0.0,0.0
2025-02-25 00:00:00-05:00,18.745133445926047,19.003003238768947,18.745133445926047,18.864151000976562,4338500,0.0,0.0
2025-02-26 00:00:00-05:00,18.45751143775226,18.616200256494423,18.378167028381178,18.517019271850586,2870700,0.0,0.0
2025-02-27 00:00:00-05:00,18.893903818228125,18.893903818228125,18.58644448343598,18.636035919189453,699000,0.0,0.0
2025-02-28 00:00:00-05:00,18.209558717428322,18.437673642815238,18.209558717428322,18.42775535583496,1516000,0.0,0.0
2025-03-03 00:00:00-05:00,18.10046088037159,18.427756809662935,18.08062430484606,18.23931312561035,1238300,0.0,0.0
2025-03-04 00:00:00-05:00,18.12029738155396,18.47734628094875,18.10046080610982,18.249231338500977,1901200,0.0,0.0
2025-03-05 00:00:00-05:00,18.487263267520106,18.68562522456072,18.407918863047822,18.665788650512695,898600,0.0,0.0
2025-03-06 00:00:00-05:00,18.844314726177846,18.92365913356664,18.576526641845703,18.576526641845703,2157800,0.0,0.0
2025-03-07 00:00:00-05:00,17.35660635739649,17.525213466251426,17.168162672977452,17.495458602905273,1339700,0.0,0.0
2025-03-10 00:00:00-04:00,16.662341167647146,16.751603865007965,16.42430793859161,16.53340721130371,1939900,0.0,0.0
2025-03-11 00:00:00-04:00,16.95988334648318,16.999554603649997,16.7218501283227,16.880538940429688,1428700,0.0,0.0
2025-03-12 00:00:00-04:00,16.900376418825235,17.197917484510484,16.900376418825235,17.00947380065918,1644500,0.0,0.0
2025-03-13 00:00:00-04:00,16.910292814857442,17.078899923204407,16.910292814857442,17.00947380065918,1075700,0.0,0.0
2025-03-14 00:00:00-04:00,17.098735515345535,17.38636016845703,17.029309396793064,17.38636016845703,892300,0.0,0.0
2025-03-17 00:00:00-04:00,17.287180321606016,17.34668815687771,17.12849149973484,17.23758888244629,892500,0.0,0.0
2025-03-18 00:00:00-04:00,17.178080141660757,17.178080141660757,16.900375663884915,17.108654022216797,1521500,0.0,0.0
2025-03-19 00:00:00-04:00,17.49545716420707,17.852507928119806,17.35660493011648,17.683900833129883,1190100,0.0,0.0
2025-03-20 00:00:00-04:00,17.81283524525703,17.81283524525703,17.554967344277106,17.624393463134766,545600,0.0,0.0
2025-03-21 00:00:00-04:00,18.060787440697347,18.090542303510137,17.892182226584676,18.031034469604492,393000,0.0,0.0
2025-03-24 00:00:00-04:00,17.80291816166009,17.81283455678232,17.61447449510141,17.713655471801758,865400,0.0,0.0
2025-03-25 00:00:00-04:00,17.832671821797035,18.001278921208193,17.81283524734399,17.872344970703125,621100,0.0,0.0
2025-03-26 00:00:00-04:00,18.616199099908187,18.764969621771165,18.348411025522935,18.417837142944336,908200,0.0,0.0
2025-03-27 00:00:00-04:00,18.040952220355393,18.358329847367713,17.981442496500676,18.100460052490234,1251000,0.0,0.0
2025-03-28 00:00:00-04:00,17.951689992554563,17.96160828012129,17.763246312226574,17.793001174926758,1434200,0.0,0.0
2025-03-31 00:00:00-04:00,17.049999237060547,17.190000534057617,16.799999237060547,17.170000076293945,3069900,0.147,0.0
2025-04-01 00:00:00-04:00,17.170000076293945,17.329999923706055,16.950000762939453,17.139999389648438,8021400,0.0,0.0
2025-04-02 00:00:00-04:00,17.579999923706055,17.790000915527344,17.290000915527344,17.360000610351562,5357900,0.0,0.0
2025-04-03 00:00:00-04:00,17.059999465942383,17.100000381469727,16.59000015258789,16.709999084472656,9977000,0.0,0.0
2025-04-04 00:00:00-04:00,16.649999618530273,16.709999084472656,15.25,15.890000343322754,3303400,0.0,0.0
2025-04-07 00:00:00-04:00,15.520000457763672,16.5,15.300000190734863,16.1200008392334,2434800,0.0,0.0
2025-04-08 00:00:00-04:00,17.0,17.360000610351562,16.270000457763672,16.43000030517578,1836300,0.0,0.0
2025-04-09 00:00:00-04:00,15.869999885559082,17.649999618530273,15.75,17.479999542236328,5201100,0.0,0.0
2025-04-10 00:00:00-04:00,17.399999618530273,17.670000076293945,16.950000762939453,17.139999389648438,3867700,0.0,0.0
2025-04-11 00:00:00-04:00,17.65999984741211,17.65999984741211,17.15999984741211,17.450000762939453,1373700,0.0,0.0
2025-04-14 00:00:00-04:00,18.020000457763672,18.280000686645508,17.90999984741211,18.219999313354492,1274700,0.0,0.0
2025-04-15 00:00:00-04:00,18.100000381469727,18.190000534057617,17.770000457763672,17.90999984741211,1180900,0.0,0.0
2025-04-16 00:00:00-04:00,17.799999237060547,17.809999465942383,17.34000015258789,17.5,1206200,0.0,0.0
2025-04-17 00:00:00-04:00,18.239999771118164,18.239999771118164,17.979999542236328,18.059999465942383,1217700,0.0,0.0
2025-04-21 00:00:00-04:00,18.139999389648438,18.209999084472656,17.950000762939453,17.969999313354492,948900,0.0,0.0
2025-04-22 00:00:00-04:00,18.15999984741211,18.350000381469727,18.079999923706055,18.190000534057617,1178300,0.0,0.0
2025-04-23 00:00:00-04:00,18.399999618530273,18.729999542236328,18.399999618530273,18.520000457763672,1196700,0.0,0.0
2025-04-24 00:00:00-04:00,19.549999237060547,19.860000610351562,19.549999237060547,19.81999969482422,3617700,0.0,0.0
2025-04-25 00:00:00-04:00,19.760000228881836,19.899999618530273,19.700000762939453,19.8799991607666,967200,0.0,0.0
2025-04-28 00:00:00-04:00,20.0,20.270000457763672,19.93000030517578,20.270000457763672,1134100,0.0,0.0
2025-04-29 00:00:00-04:00,20.200000762939453,20.329999923706055,20.200000762939453,20.229999542236328,754700,0.0,0.0
2025-04-30 00:00:00-04:00,20.5,20.8799991607666,20.309999465942383,20.84000015258789,1408200,0.0,0.0
2025-05-01 00:00:00-04:00,21.020000457763672,21.1200008392334,20.899999618530273,20.899999618530273,912500,0.0,0.0
2025-05-02 00:00:00-04:00,21.469999313354492,21.729999542236328,21.1200008392334,21.690000534057617,1739100,0.0,0.0
2025-05-05 00:00:00-04:00,21.489999771118164,21.899999618530273,21.489999771118164,21.899999618530273,846500,0.0,0.0
2025-05-06 00:00:00-04:00,22.079999923706055,22.079999923706055,21.549999237060547,21.700000762939453,1212900,0.0,0.0
2025-05-07 00:00:00-04:00,21.489999771118164,21.639999389648438,21.350000381469727,21.520000457763672,1007700,0.0,0.0
2025-05-08 00:00:00-04:00,20.5,21.549999237060547,19.149999618530273,20.899999618530273,4106600,0.0,0.0
2025-05-09 00:00:00-04:00,20.469999313354492,20.469999313354492,20.100000381469727,20.1200008392334,1823500,0.0,0.0
2025-05-12 00:00:00-04:00,20.25,20.280000686645508,19.829999923706055,20.09000015258789,1108300,0.0,0.0
2025-05-13 00:00:00-04:00,20.610000610351562,20.690000534057617,20.270000457763672,20.559999465942383,880100,0.0,0.0
2025-05-14 00:00:00-04:00,20.0,20.100000381469727,19.670000076293945,19.739999771118164,800700,0.0,0.0
2025-05-15 00:00:00-04:00,19.520000457763672,19.75,19.40999984741211,19.639999389648438,467600,0.0,0.0
2025-05-16 00:00:00-04:00,19.799999237060547,20.170000076293945,19.799999237060547,20.06999969482422,992200,0.0,0.0
2025-05-19 00:00:00-04:00,19.899999618530273,20.010000228881836,19.850000381469727,19.950000762939453,2370800,0.0,0.0
2025-05-20 00:00:00-04:00,19.989999771118164,19.989999771118164,19.770000457763672,19.899999618530273,572300,0.0,0.0
2025-05-21 00:00:00-04:00,19.690000534057617,19.75,19.360000610351562,19.399999618530273,606300,0.0,0.0
2025-05-22 00:00:00-04:00,19.479999542236328,19.649999618530273,19.350000381469727,19.5,442800,0.0,0.0
2025-05-23 00:00:00-04:00,20.079999923706055,20.549999237060547,20.079999923706055,20.5,903000,0.0,0.0
2025-05-27 00:00:00-04:00,21.049999237060547,21.450000762939453,20.899999618530273,21.010000228881836,5127200,0.0,0.0
2025-05-28 00:00:00-04:00,21.010000228881836,21.270000457763672,20.8700008392334,20.889999389648438,1237800,0.0,0.0
2025-05-29 00:00:00-04:00,21.0,21.479999542236328,20.93000030517578,21.020000457763672,1638200,0.0,0.0
2025-05-30 00:00:00-04:00,20.440000534057617,20.670000076293945,20.229999542236328,20.440000534057617,1070100,0.0,0.0
2025-06-02 00:00:00-04:00,20.459999084472656,20.6299991607666,20.299999237060547,20.440000534057617,3109300,0.0,0.0
2025-06-03 00:00:00-04:00,20.5,20.540000915527344,20.299999237060547,20.440000534057617,1102400,0.0,0.0
2025-06-04 00:00:00-04:00,20.75,21.329999923706055,20.75,20.979999542236328,1483500,0.0,0.0
2025-06-05 00:00:00-04:00,20.559999465942383,20.860000610351562,20.5,20.68000030517578,2314900,0.0,0.0
2025-06-06 00:00:00-04:00,20.690000534057617,20.799999237060547,20.639999389648438,20.729999542236328,1341600,0.0,0.0
2025-06-09 00:00:00-04:00,20.8700008392334,20.989999771118164,20.799999237060547,20.950000762939453,1109000,0.0,0.0
2025-06-10 00:00:00-04:00,20.940000534057617,20.940000534057617,20.719999313354492,20.889999389648438,590400,0.0,0.0
2025-06-11 00:00:00-04:00,20.200000762939453,20.260000228881836,20.110000610351562,20.170000076293945,964800,0.0,0.0
2025-06-12 00:00:00-04:00,20.600000381469727,20.600000381469727,20.329999923706055,20.489999771118164,722000,0.0,0.0
2025-06-13 00:00:00-04:00,20.399999618530273,20.93000030517578,20.399999618530273,20.719999313354492,4188200,0.0,0.0
2025-06-16 00:00:00-04:00,20.760000228881836,20.850000381469727,20.610000610351562,20.719999313354492,1151900,0.0,0.0
2025-06-17 00:00:00-04:00,21.34000015258789,21.700000762939453,21.25,21.56999969482422,2613000,0.0,0.0
2025-06-18 00:00:00-04:00,22.579999923706055,22.969999313354492,22.5,22.889999389648438,3578400,0.0,0.0
2025-06-20 00:00:00-04:00,22.190000534057617,22.219999313354492,21.75,21.959999084472656,3739000,0.0,0.0
2025-06-23 00:00:00-04:00,21.649999618530273,21.75,21.540000915527344,21.75,1414500,0.0,0.0
2025-06-24 00:00:00-04:00,22.030000686645508,22.270000457763672,22.030000686645508,22.25,1219000,0.0,0.0
2025-06-25 00:00:00-04:00,22.799999237060547,22.979999542236328,22.559999465942383,22.739999771118164,3369500,0.0,0.0
2025-06-26 00:00:00-04:00,23.010000228881836,23.3700008392334,23.010000228881836,23.229999542236328,2448400,0.0,0.0
2025-06-27 00:00:00-04:00,23.6299991607666,23.690000534057617,23.40999984741211,23.639999389648438,2325100,0.0,0.0
2025-06-30 00:00:00-04:00,23.93000030517578,24.09000015258789,23.860000610351562,24.020000457763672,1706100,0.0,0.0
2025-07-01 00:00:00-04:00,23.5,23.5,23.059999465942383,23.110000610351562,1654100,0.0,0.0
2025-07-02 00:00:00-04:00,22.5,22.81999969482422,22.31999969482422,22.81999969482422,3639000,0.0,0.0
2025-07-03 00:00:00-04:00,22.709999084472656,22.8700008392334,22.549999237060547,22.75,387200,0.0,0.0
2025-07-07 00:00:00-04:00,22.56999969482422,22.809999465942383,22.360000610351562,22.540000915527344,1034900,0.0,0.0
2025-07-08 00:00:00-04:00,22.200000762939453,22.479999542236328,22.149999618530273,22.350000381469727,1183800,0.0,0.0
2025-07-09 00:00:00-04:00,22.149999618530273,22.31999969482422,22.049999237060547,22.1299991607666,955300,0.0,0.0
2025-07-10 00:00:00-04:00,21.450000762939453,21.760000228881836,21.40999984741211,21.729999542236328,709500,0.0,0.0
2025-07-11 00:00:00-04:00,21.459999084472656,21.510000228881836,21.360000610351562,21.399999618530273,1002800,0.0,0.0
2025-07-14 00:00:00-04:00,21.030000686645508,21.34000015258789,21.030000686645508,21.139999389648438,1198100,0.0,0.0
2025-07-15 00:00:00-04:00,21.31999969482422,21.34000015258789,20.989999771118164,20.989999771118164,866200,0.0,0.0
2025-07-16 00:00:00-04:00,21.149999618530273,21.700000762939453,21.079999923706055,21.690000534057617,2332100,0.0,0.0
2025-07-17 00:00:00-04:00,21.799999237060547,22.049999237060547,21.690000534057617,22.010000228881836,1525300,0.0,0.0
2025-07-18 00:00:00-04:00,21.809999465942383,21.979999542236328,21.709999084472656,21.950000762939453,4567500,0.0,0.0
2025-07-21 00:00:00-04:00,21.959999084472656,22.350000381469727,21.959999084472656,22.209999084472656,1757700,0.0,0.0
2025-07-22 00:00:00-04:00,21.8799991607666,21.8799991607666,21.639999389648438,21.649999618530273,5260200,0.0,0.0
2025-07-23 00:00:00-04:00,21.84000015258789,22.239999771118164,21.809999465942383,22.15999984741211,1134600,0.0,0.0
2025-07-24 00:00:00-04:00,22.360000610351562,22.450000762939453,22.25,22.270000457763672,1397500,0.0,0.0
2025-07-25 00:00:00-04:00,22.040000915527344,22.079999923706055,21.649999618530273,21.81999969482422,484100,0.0,0.0
2025-07-28 00:00:00-04:00,21.579999923706055,21.65999984741211,21.3799991607666,21.399999618530273,583100,0.0,0.0
2025-07-29 00:00:00-04:00,21.559999465942383,21.719999313354492,21.43000030517578,21.56999969482422,611700,0.0,0.0
2025-07-30 00:00:00-04:00,21.420000076293945,21.559999465942383,21.31999969482422,21.459999084472656,1341500,0.0,0.0
2025-07-31 00:00:00-04:00,21.18000030517578,21.270000457763672,20.969999313354492,21.0,1787200,0.0,0.0
2025-08-01 00:00:00-04:00,21.18000030517578,21.329999923706055,20.309999465942383,21.010000228881836,1752700,0.0,0.0
2025-08-04 00:00:00-04:00,22.309999465942383,22.690000534057617,22.280000686645508,22.6299991607666,1296300,0.0,0.0
2025-08-05 00:00:00-04:00,22.510000228881836,22.770000457763672,22.510000228881836,22.700000762939453,2369400,0.0,0.0
2025-08-06 00:00:00-04:00,22.739999771118164,22.959999084472656,22.6200008392334,22.950000762939453,954000,0.0,0.0
2025-08-07 00:00:00-04:00,23.229999542236328,23.469999313354492,23.229999542236328,23.469999313354492,2268700,0.0,0.0
2025-08-08 00:00:00-04:00,24.1200008392334,24.5,24.09000015258789,24.489999771118164,1565800,0.0,0.0
2025-08-11 00:00:00-04:00,24.489999771118164,24.520000457763672,24.209999084472656,24.280000686645508,912000,0.0,0.0
2025-08-12 00:00:00-04:00,23.81999969482422,24.079999923706055,23.81999969482422,23.84000015258789,2675900,0.0,0.0
2025-08-13 00:00:00-04:00,23.90999984741211,24.139999389648438,23.90999984741211,24.06999969482422,1498000,0.0,0.0
2025-08-14 00:00:00-04:00,24.020000457763672,24.219999313354492,23.940000534057617,24.149999618530273,664900,0.0,0.0
2025-08-15 00:00:00-04:00,24.219999313354492,24.459999084472656,24.219999313354492,24.43000030517578,1558900,0.0,0.0
2025-08-18 00:00:00-04:00,24.780000686645508,24.920000076293945,24.739999771118164,24.889999389648438,1010400,0.0,0.0
2025-08-19 00:00:00-04:00,24.280000686645508,24.280000686645508,23.989999771118164,24.139999389648438,769200,0.0,0.0
2025-08-20 00:00:00-04:00,23.270000457763672,23.489999771118164,23.219999313354492,23.290000915527344,992800,0.0,0.0
2025-08-21 00:00:00-04:00,23.110000610351562,23.190000534057617,23.0,23.1200008392334,467800,0.0,0.0
2025-08-22 00:00:00-04:00,23.010000228881836,23.700000762939453,23.010000228881836,23.59000015258789,1077300,0.0,0.0
2025-08-25 00:00:00-04:00,23.469999313354492,23.479999542236328,23.139999389648438,23.190000534057617,1036400,0.0,0.0
2025-08-26 00:00:00-04:00,23.06999969482422,23.06999969482422,22.829999923706055,22.920000076293945,495800,0.0,0.0
2025-08-27 00:00:00-04:00,22.5,22.610000610351562,22.389999389648438,22.559999465942383,638600,0.0,0.0
2025-08-28 00:00:00-04:00,22.56999969482422,22.940000534057617,22.56999969482422,22.84000015258789,1146500,0.0,0.0
2025-08-29 00:00:00-04:00,22.790000915527344,22.790000915527344,22.329999923706055,22.34000015258789,528000,0.0,0.0
2025-09-02 00:00:00-04:00,22.0,22.06999969482422,21.829999923706055,22.0,669600,0.0,0.0
2025-09-03 00:00:00-04:00,22.020000457763672,22.229999542236328,22.020000457763672,22.1200008392334,614500,0.0,0.0
2025-09-04 00:00:00-04:00,22.229999542236328,22.549999237060547,22.229999542236328,22.520000457763672,483200,0.0,0.0
2025-09-05 00:00:00-04:00,22.549999237060547,22.549999237060547,22.270000457763672,22.459999084472656,1350900,0.0,0.0
2025-09-08 00:00:00-04:00,23.309999465942383,23.5,23.15999984741211,23.489999771118164,653400,0.0,0.0
2025-09-09 00:00:00-04:00,23.40999984741211,23.420000076293945,23.100000381469727,23.399999618530273,1223500,0.0,0.0
2025-09-10 00:00:00-04:00,23.229999542236328,23.59000015258789,23.229999542236328,23.270000457763672,1489400,0.0,0.0
2025-09-11 00:00:00-04:00,23.739999771118164,24.290000915527344,23.739999771118164,24.25,2156400,0.0,0.0
2025-09-12 00:00:00-04:00,24.0,24.219999313354492,23.690000534057617,23.690000534057617,5253000,0.0,0.0
2025-09-15 00:00:00-04:00,24.059999465942383,24.110000610351562,23.510000228881836,23.850000381469727,5111900,0.0,0.0
2025-09-16 00:00:00-04:00,23.389999389648438,23.65999984741211,23.229999542236328,23.549999237060547,2850500,0.0,0.0
2025-09-17 00:00:00-04:00,23.200000762939453,23.200000762939453,22.450000762939453,22.719999313354492,1382600,0.0,0.0
2025-09-18 00:00:00-04:00,22.200000762939453,22.420000076293945,22.09000015258789,22.09000015258789,1294200,0.0,0.0
2025-09-19 00:00:00-04:00,21.56999969482422,21.860000610351562,21.549999237060547,21.84000015258789,1358600,0.0,0.0
2025-09-22 00:00:00-04:00,21.610000610351562,21.649999618530273,21.420000076293945,21.610000610351562,1216600,0.0,0.0
2025-09-23 00:00:00-04:00,21.5,21.670000076293945,21.5,21.549999237060547,576000,0.0,0.0
2025-09-24 00:00:00-04:00,21.920000076293945,22.06999969482422,21.81999969482422,21.8799991607666,677600,0.0,0.0
2025-09-25 00:00:00-04:00,21.479999542236328,21.600000381469727,21.299999237060547,21.309999465942383,825700,0.0,0.0
2025-09-26 00:00:00-04:00,21.469999313354492,21.739999771118164,21.469999313354492,21.65999984741211,722300,0.0,0.0
2025-09-29 00:00:00-04:00,21.549999237060547,21.65999984741211,21.399999618530273,21.56999969482422,687800,0.0,0.0
2025-09-30 00:00:00-04:00,21.489999771118164,21.59000015258789,21.299999237060547,21.34000015258789,1303800,0.0,0.0
2025-10-01 00:00:00-04:00,21.979999542236328,22.15999984741211,21.889999389648438,21.959999084472656,910800,0.0,0.0
2025-10-02 00:00:00-04:00,21.510000228881836,21.799999237060547,21.440000534057617,21.479999542236328,933700,0.0,0.0
2025-10-03 00:00:00-04:00,21.520000457763672,21.559999465942383,21.40999984741211,21.459999084472656,692200,0.0,0.0
2025-10-06 00:00:00-04:00,21.489999771118164,21.540000915527344,21.389999389648438,21.389999389648438,694500,0.0,0.0
2025-10-07 00:00:00-04:00,21.40999984741211,21.469999313354492,21.200000762939453,21.200000762939453,680700,0.0,0.0
2025-10-08 00:00:00-04:00,21.170000076293945,21.170000076293945,21.010000228881836,21.139999389648438,866700,0.0,0.0
2025-10-09 00:00:00-04:00,20.770000457763672,20.770000457763672,20.440000534057617,20.479999542236328,833200,0.0,0.0
2025-10-10 00:00:00-04:00,20.25,20.25,19.549999237060547,19.600000381469727,1688800,0.0,0.0
2025-10-13 00:00:00-04:00,20.0,20.09000015258789,19.760000228881836,19.84000015258789,960600,0.0,0.0
2025-10-14 00:00:00-04:00,20.459999084472656,20.579999923706055,20.200000762939453,20.450000762939453,1011400,0.0,0.0
2025-10-15 00:00:00-04:00,20.530000686645508,20.739999771118164,20.530000686645508,20.610000610351562,654300,0.0,0.0
2025-10-16 00:00:00-04:00,19.93000030517578,20.190000534057617,19.90999984741211,20.100000381469727,958800,0.0,0.0
2025-10-17 00:00:00-04:00,20.799999237060547,21.06999969482422,20.75,20.940000534057617,1151100,0.0,0.0
2025-10-20 00:00:00-04:00,21.40999984741211,21.459999084472656,21.260000228881836,21.299999237060547,887000,0.0,0.0
2025-10-21 00:00:00-04:00,21.889999389648438,21.889999389648438,21.649999618530273,21.709999084472656,1114300,0.0,0.0
2025-10-22 00:00:00-04:00,21.59000015258789,21.649999618530273,21.290000915527344,21.34000015258789,1092200,0.0,0.0
2025-10-23 00:00:00-04:00,21.350000381469727,21.469999313354492,21.229999542236328,21.34000015258789,713500,0.0,0.0
2025-10-24 00:00:00-04:00,21.079999923706055,21.079999923706055,20.850000381469727,20.899999618530273,1044300,0.0,0.0
2025-10-27 00:00:00-04:00,21.299999237060547,21.299999237060547,21.139999389648438,21.200000762939453,685800,0.0,0.0
2025-10-28 00:00:00-04:00,21.309999465942383,21.719999313354492,21.270000457763672,21.649999618530273,3446000,0.0,0.0
2025-10-29 00:00:00-04:00,21.459999084472656,21.459999084472656,21.040000915527344,21.149999618530273,1907900,0.0,0.0
2025-10-30 00:00:00-04:00,21.040000915527344,21.040000915527344,20.780000686645508,20.829999923706055,1279100,0.0,0.0
2025-10-31 00:00:00-04:00,21.0,21.56999969482422,21.0,21.440000534057617,1202600,0.0,0.0
2025-11-03 00:00:00-05:00,21.420000076293945,21.690000534057617,21.309999465942383,21.6299991607666,2043500,0.0,0.0
2025-11-04 00:00:00-05:00,22.25,22.75,22.040000915527344,22.139999389648438,2457800,0.0,0.0
2025-11-05 00:00:00-05:00,22.399999618530273,22.479999542236328,21.829999923706055,22.0,1952700,0.0,0.0
2025-11-06 00:00:00-05:00,22.780000686645508,22.889999389648438,22.469999313354492,22.610000610351562,1545100,0.0,0.0
2025-11-07 00:00:00-05:00,22.329999923706055,22.520000457763672,22.0,22.399999618530273,1290900,0.0,0.0
2025-11-10 00:00:00-05:00,21.850000381469727,21.950000762939453,21.579999923706055,21.93000030517578,577300,0.0,0.0
2025-11-11 00:00:00-05:00,21.860000610351562,22.18000030517578,21.860000610351562,22.1200008392334,1292000,0.0,0.0
2025-11-12 00:00:00-05:00,22.25,22.540000915527344,22.25,22.479999542236328,766400,0.0,0.0
2025-11-13 00:00:00-05:00,21.959999084472656,22.1200008392334,21.639999389648438,21.649999618530273,1139900,0.0,0.0
2025-11-14 00:00:00-05:00,21.239999771118164,22.600000381469727,21.229999542236328,21.860000610351562,1378500,0.0,0.0
2025-11-17 00:00:00-05:00,21.600000381469727,21.84000015258789,21.219999313354492,21.34000015258789,787200,0.0,0.0
2025-11-18 00:00:00-05:00,21.329999923706055,21.479999542236328,21.049999237060547,21.219999313354492,837700,0.0,0.0
2025-11-19 00:00:00-05:00,20.899999618530273,21.139999389648438,20.799999237060547,20.93000030517578,649700,0.0,0.0
2025-11-20 00:00:00-05:00,20.950000762939453,21.260000228881836,20.68000030517578,20.729999542236328,823500,0.0,0.0
2025-11-21 00:00:00-05:00,21.170000076293945,21.270000457763672,20.969999313354492,21.170000076293945,984700,0.0,0.0
2025-11-24 00:00:00-05:00,21.31999969482422,21.440000534057617,20.920000076293945,21.350000381469727,650200,0.0,0.0
2025-11-25 00:00:00-05:00,21.170000076293945,21.170000076293945,20.8700008392334,21.110000610351562,785200,0.0,0.0
2025-11-26 00:00:00-05:00,20.860000610351562,21.31999969482422,20.860000610351562,21.219999313354492,912400,0.0,0.0
2025-11-28 00:00:00-05:00,21.420000076293945,21.420000076293945,21.030000686645508,21.15999984741211,755600,0.0,0.0
2025-12-01 00:00:00-05:00,20.940000534057617,21.110000610351562,20.8799991607666,20.959999084472656,1005900,0.0,0.0
2025-12-02 00:00:00-05:00,20.719999313354492,20.75,20.489999771118164,20.59000015258789,952400,0.0,0.0
2025-12-03 00:00:00-05:00,20.100000381469727,20.510000228881836,20.100000381469727,20.280000686645508,1101300,0.0,0.0
2025-12-04 00:00:00-05:00,20.59000015258789,20.899999618530273,20.5,20.579999923706055,1003400,0.0,0.0
2025-12-05 00:00:00-05:00,20.06999969482422,20.290000915527344,19.829999923706055,19.940000534057617,3056600,0.0,0.0
2025-12-08 00:00:00-05:00,19.709999084472656,19.920000076293945,19.600000381469727,19.610000610351562,2218800,0.0,0.0
2025-12-09 00:00:00-05:00,18.889999389648438,19.06999969482422,18.84000015258789,18.899999618530273,2695200,0.0,0.0
2025-12-10 00:00:00-05:00,18.389999389648438,18.579999923706055,18.350000381469727,18.530000686645508,1799900,0.0,0.0
2025-12-11 00:00:00-05:00,18.43000030517578,18.68000030517578,18.420000076293945,18.600000381469727,1874500,0.0,0.0
2025-12-12 00:00:00-05:00,18.950000762939453,18.950000762939453,18.3799991607666,18.559999465942383,2040700,0.0,0.0
2025-12-15 00:00:00-05:00,18.5,18.68000030517578,18.290000915527344,18.31999969482422,1478500,0.0,0.0
2025-12-16 00:00:00-05:00,18.399999618530273,18.399999618530273,18.15999984741211,18.15999984741211,1966500,0.0,0.0
2025-12-17 00:00:00-05:00,18.0,18.020000457763672,17.6200008392334,17.649999618530273,2219300,0.0,0.0
2025-12-18 00:00:00-05:00,17.579999923706055,17.709999084472656,17.530000686645508,17.549999237060547,1660900,0.0,0.0
2025-12-19 00:00:00-05:00,17.100000381469727,17.190000534057617,16.950000762939453,17.010000228881836,2592900,0.0,0.0
2025-12-22 00:00:00-05:00,16.420000076293945,16.829999923706055,16.350000381469727,16.700000762939453,2862000,0.0,0.0
2025-12-23 00:00:00-05:00,16.719999313354492,16.8700008392334,16.65999984741211,16.700000762939453,3321900,0.0,0.0
2025-12-24 00:00:00-05:00,16.6200008392334,16.780000686645508,16.56999969482422,16.700000762939453,1571600,0.0,0.0
2025-12-26 00:00:00-05:00,17.15999984741211,17.270000457763672,17.1200008392334,17.149999618530273,1439400,0.0,0.0
2025-12-29 00:00:00-05:00,17.079999923706055,17.25,17.010000228881836,17.110000610351562,2228800,0.0,0.0
2025-12-30 00:00:00-05:00,16.920000076293945,16.969999313354492,16.829999923706055,16.850000381469727,1026200,0.0,0.0
2025-12-31 00:00:00-05:00,16.75,17.06999969482422,16.639999389648438,16.860000610351562,904100,0.0,0.0
2026-01-02 00:00:00-05:00,16.860000610351562,17.149999618530273,16.75,16.850000381469727,1866500,0.0,0.0
