Date,Open,High,Low,Close,Volume,Dividends,Stock Splits
2016-01-04,3.41,3.41,3.37,3.41,343500,0.0,0.0
2016-01-05,3.38,3.38,3.27,3.27,1244000,0.0,0.0
2016-01-06,3.13,3.13,3.08,3.11,372500,0.0,0.0
2016-01-07,3.12,3.18,3.12,3.16,358000,0.0,0.0
2016-01-08,3.19,3.22,3.16,3.17,120500,0.0,0.0
2016-01-11,3.17,3.17,3.15,3.16,239500,0.0,0.0
2016-01-12,3.11,3.11,3.03,3.06,322000,0.0,0.0
2016-01-13,3.22,3.22,3.14,3.15,173000,0.0,0.0
2016-01-14,3.12,3.13,3.09,3.13,105000,0.0,0.0
2016-01-15,3.08,3.09,3.04,3.07,254500,0.0,0.0
2016-01-19,3.38,3.4,3.33,3.36,3433500,0.0,0.0
2016-01-20,3.14,3.16,3.08,3.12,651000,0.0,0.0
2016-01-21,3.14,3.18,3.11,3.17,801500,0.0,0.0
2016-01-22,3.36,3.37,3.31,3.37,823500,0.0,0.0
2016-01-25,3.34,3.34,3.26,3.27,435500,0.0,0.0
2016-01-26,3.34,3.37,3.33,3.36,397000,0.0,0.0
2016-01-27,3.26,3.31,3.25,3.27,475500,0.0,0.0
2016-01-28,3.29,3.29,3.24,3.25,290500,0.0,0.0
2016-01-29,3.43,3.47,3.39,3.47,719500,0.0,0.0
2016-02-01,3.51,3.52,3.48,3.52,606000,0.0,0.0
2016-02-02,3.52,3.71,3.51,3.62,1320500,0.0,0.0
2016-02-03,3.51,3.52,3.44,3.49,776000,0.0,0.0
2016-02-04,3.56,3.6,3.55,3.58,738500,0.0,0.0
2016-02-05,3.58,3.58,3.53,3.53,270500,0.0,0.0
2016-02-08,3.64,3.64,3.52,3.57,639000,0.0,0.0
2016-02-09,3.37,3.4,3.36,3.4,360500,0.0,0.0
2016-02-10,3.36,3.36,3.31,3.31,1269000,0.0,0.0
2016-02-11,3.27,3.28,3.23,3.28,785000,0.0,0.0
2016-02-12,3.18,3.26,3.17,3.26,533500,0.0,0.0
2016-02-16,3.42,3.44,3.4,3.41,209000,0.0,0.0
2016-02-17,3.42,3.43,3.41,3.43,309500,0.0,0.0
2016-02-18,3.57,3.63,3.53,3.53,262000,0.0,0.0
2016-02-19,3.51,3.51,3.47,3.49,913000,0.0,0.0
2016-02-22,3.57,3.63,3.57,3.63,1531500,0.0,0.0
2016-02-23,3.61,3.61,3.56,3.56,444000,0.0,0.0
2016-02-24,3.53,3.56,3.48,3.56,237000,0.0,0.0
2016-02-25,3.56,3.57,3.52,3.57,312500,0.0,0.0
2016-02-26,3.31,3.32,3.24,3.29,778500,0.0,0.0
2016-02-29,3.33,3.46,3.33,3.43,82000,0.0,0.0
2016-03-01,3.4,3.42,3.39,3.42,144000,0.0,0.0
2016-03-02,3.42,3.46,3.42,3.46,109000,0.0,0.0
2016-03-03,3.54,3.57,3.54,3.57,147500,0.0,0.0
2016-03-04,3.63,3.63,3.59,3.59,82500,0.0,0.0
2016-03-07,3.43,3.43,3.37,3.41,150000,0.0,0.0
2016-03-08,3.46,3.46,3.43,3.43,73000,0.0,0.0
2016-03-09,3.45,3.46,3.43,3.46,55000,0.0,0.0
2016-03-10,3.49,3.52,3.44,3.47,63000,0.0,0.0
2016-03-11,3.53,3.53,3.51,3.53,71000,0.0,0.0
2016-03-14,3.48,3.48,3.43,3.45,35500,0.0,0.0
2016-03-15,3.45,3.45,3.42,3.44,29000,0.0,0.0
2016-03-16,3.44,3.47,3.43,3.45,138500,0.0,0.0
2016-03-17,3.36,3.48,3.36,3.45,1458000,0.0,0.0
2016-03-18,3.42,3.45,3.38,3.44,1407000,0.0,0.0
2016-03-21,3.42,3.44,3.42,3.42,1238000,0.0,0.0
2016-03-22,3.58,3.68,3.58,3.62,600000,0.0,0.0
2016-03-23,3.61,3.61,3.57,3.58,176000,0.0,0.0
2016-03-24,3.59,3.68,3.59,3.68,113500,0.0,0.0
2016-03-28,3.68,3.73,3.66,3.69,135000,0.0,0.0
2016-03-29,3.67,3.73,3.62,3.73,417000,0.0,0.0
2016-03-30,3.61,3.62,3.57,3.59,860000,0.0,0.0
2016-03-31,3.56,3.56,3.51,3.51,177500,0.0,0.0
2016-04-01,3.43,3.46,3.39,3.42,747000,0.0,0.0
2016-04-04,3.41,3.43,3.39,3.4,668000,0.0,0.0
2016-04-05,3.33,3.35,3.3,3.34,1553000,0.0,0.0
2016-04-06,3.38,3.39,3.34,3.39,203000,0.0,0.0
2016-04-07,3.48,3.5,3.45,3.46,106000,0.0,0.0
2016-04-08,3.55,3.66,3.49,3.58,228000,0.0,0.0
2016-04-11,3.64,3.64,3.58,3.61,154500,0.0,0.0
2016-04-12,3.68,3.73,3.68,3.73,206000,0.0,0.0
2016-04-13,3.69,3.73,3.68,3.7,466500,0.0,0.0
2016-04-14,3.75,3.77,3.75,3.76,200000,0.0,0.0
2016-04-15,3.77,3.78,3.74,3.76,69500,0.0,0.0
2016-04-18,3.76,3.8,3.75,3.8,124500,0.0,0.0
2016-04-19,3.85,3.88,3.85,3.87,71500,0.0,0.0
2016-04-20,3.89,3.94,3.89,3.93,294000,0.0,0.0
2016-04-21,3.92,3.92,3.87,3.89,221000,0.0,0.0
2016-04-22,3.84,3.84,3.82,3.83,207000,0.0,0.0
2016-04-25,3.78,3.78,3.72,3.73,238000,0.0,0.0
2016-04-26,3.69,3.73,3.68,3.7,136000,0.0,0.0
2016-04-27,3.59,3.61,3.52,3.56,817000,0.0,0.0
2016-04-28,3.43,3.43,3.37,3.38,503000,0.0,0.0
2016-04-29,3.4,3.4,3.35,3.37,208500,0.0,0.0
2016-05-02,3.39,3.45,3.39,3.45,585000,0.0,0.0
2016-05-03,3.4,3.46,3.4,3.45,2197500,0.0,0.0
2016-05-04,3.44,3.45,3.39,3.42,568000,0.0,0.0
2016-05-05,3.42,3.43,3.42,3.43,289000,0.0,0.0
2016-05-06,3.42,3.46,3.4,3.46,474500,0.0,0.0
2016-05-09,3.44,3.5,3.44,3.48,128000,0.0,0.0
2016-05-10,3.46,3.48,3.45,3.47,159500,0.0,0.0
2016-05-11,3.42,3.46,3.42,3.44,149000,0.0,0.0
2016-05-12,3.46,3.52,3.46,3.52,92500,0.0,0.0
2016-05-13,3.5,3.5,3.46,3.49,47000,0.0,0.0
2016-05-16,3.54,3.57,3.51,3.56,230500,0.0,0.0
2016-05-17,3.61,3.62,3.58,3.59,86500,0.0,0.0
2016-05-18,3.58,3.64,3.58,3.62,100000,0.0,0.0
2016-05-19,3.68,3.68,3.62,3.64,77500,0.0,0.0
2016-05-20,3.65,3.65,3.63,3.65,67000,0.0,0.0
2016-05-23,3.64,3.64,3.6,3.62,141000,0.0,0.0
2016-05-24,3.54,3.59,3.54,3.59,167000,0.0,0.0
2016-05-25,3.59,3.62,3.59,3.62,59500,0.0,0.0
2016-05-26,3.61,3.61,3.56,3.59,30000,0.0,0.0
2016-05-27,3.52,3.6,3.52,3.56,78500,0.0,0.0
2016-05-31,3.6,3.64,3.6,3.62,449000,0.0,0.0
2016-06-01,3.59,3.6,3.56,3.6,203000,0.0,0.0
2016-06-02,3.55,3.57,3.55,3.57,129500,0.0,0.0
2016-06-03,3.57,3.59,3.56,3.58,184500,0.0,0.0
2016-06-06,3.64,3.65,3.59,3.65,439000,0.0,0.0
2016-06-07,3.7,3.75,3.7,3.73,88500,0.0,0.0
2016-06-08,3.76,3.82,3.73,3.82,524500,0.0,0.0
2016-06-09,3.71,3.75,3.71,3.74,465500,0.0,0.0
2016-06-10,3.69,3.7,3.64,3.65,160500,0.0,0.0
2016-06-13,3.57,3.57,3.56,3.56,137000,0.0,0.0
2016-06-14,3.55,3.55,3.52,3.52,103500,0.0,0.0
2016-06-15,3.52,3.55,3.51,3.51,506500,0.0,0.0
2016-06-16,3.48,3.49,3.44,3.49,340000,0.0,0.0
2016-06-17,3.46,3.49,3.46,3.48,316000,0.0,0.0
2016-06-20,3.5,3.56,3.5,3.55,120000,0.0,0.0
2016-06-21,3.53,3.57,3.53,3.55,86000,0.0,0.0
2016-06-22,3.52,3.52,3.5,3.5,254000,0.0,0.0
2016-06-23,3.53,3.53,3.51,3.52,124500,0.0,0.0
2016-06-24,3.4,3.42,3.36,3.41,256000,0.0,0.0
2016-06-27,3.35,3.37,3.31,3.32,327500,0.0,0.0
2016-06-28,3.39,3.39,3.34,3.38,148500,0.0,0.0
2016-06-29,3.52,3.52,3.5,3.51,41500,0.0,0.0
2016-06-30,3.51,3.52,3.47,3.51,157500,0.0,0.0
2016-07-01,3.5,3.52,3.5,3.51,94000,0.0,0.0
2016-07-05,3.45,3.49,3.45,3.46,131500,0.0,0.0
2016-07-06,3.5,3.5,3.45,3.48,487000,0.0,0.0
2016-07-07,3.68,3.72,3.62,3.72,4673500,0.0,0.0
2016-07-08,4.06,4.12,4.04,4.09,3976500,0.0,0.0
2016-07-11,5.73,5.97,5.28,5.47,48868500,0.0,0.0
2016-07-12,5.62,5.67,5.45,5.45,35448000,0.0,0.0
2016-07-13,5.25,5.34,5.18,5.24,13022500,0.0,0.0
2016-07-14,6.07,6.07,5.9,6.03,31181500,0.0,0.0
2016-07-15,6.46,6.6,6.42,6.59,36711500,0.0,0.0
2016-07-18,7.05,7.55,7.03,7.38,67009000,0.0,0.0
2016-07-19,7.5,7.52,6.53,7.08,58234000,0.0,0.0
2016-07-20,6.69,6.7,6.37,6.68,34439000,0.0,0.0
2016-07-21,6.4,6.55,6.36,6.4,13934000,0.0,0.0
2016-07-22,5.92,5.93,5.48,5.73,40919000,0.0,0.0
2016-07-25,5.15,5.41,4.98,5.07,45274000,0.0,0.0
2016-07-26,5.38,5.44,5.31,5.44,16761000,0.0,0.0
2016-07-27,4.89,5.21,4.87,5.18,18397500,0.0,0.0
2016-07-28,4.99,5.01,4.92,4.94,11998500,0.0,0.0
2016-07-29,5.08,5.16,5.05,5.09,7839000,0.0,0.0
2016-08-01,5.01,5.04,4.95,5.04,7965500,0.0,0.0
2016-08-02,5.05,5.07,4.98,5.04,2537500,0.0,0.0
2016-08-03,5.12,5.21,5.09,5.21,2762500,0.0,0.0
2016-08-04,5.16,5.21,5.14,5.2,2872000,0.0,0.0
2016-08-05,5.07,5.1,5.04,5.1,2239500,0.0,0.0
2016-08-08,5.13,5.16,5.11,5.14,1924000,0.0,0.0
2016-08-09,5.5,5.53,5.45,5.51,4572500,0.0,0.0
2016-08-10,5.55,5.61,5.53,5.58,3999500,0.0,0.0
2016-08-11,5.59,5.61,5.57,5.6,2021000,0.0,0.0
2016-08-12,5.35,5.43,5.23,5.42,2432000,0.0,0.0
2016-08-15,5.38,5.4,5.36,5.37,2367500,0.0,0.0
2016-08-16,5.35,5.35,5.3,5.33,2709000,0.0,0.0
2016-08-17,5.53,5.55,5.49,5.53,1383500,0.0,0.0
2016-08-18,5.63,5.66,5.59,5.64,1989000,0.0,0.0
2016-08-19,5.43,5.5,5.39,5.5,1426000,0.0,0.0
2016-08-22,5.55,5.61,5.55,5.59,1823000,0.0,0.0
2016-08-23,5.59,5.59,5.53,5.53,1918000,0.0,0.0
2016-08-24,5.51,5.51,5.42,5.44,1875500,0.0,0.0
2016-08-25,5.43,5.44,5.41,5.42,903500,0.0,0.0
2016-08-26,5.32,5.39,5.29,5.31,1709500,0.0,0.0
2016-08-29,5.34,5.4,5.34,5.4,1275000,0.0,0.0
2016-08-30,5.34,5.37,5.33,5.34,1282500,0.0,0.0
2016-08-31,5.37,5.41,5.36,5.39,1021000,0.0,0.0
2016-09-01,5.54,5.55,5.5,5.53,2305000,0.0,0.0
2016-09-02,5.67,5.71,5.63,5.7,3049500,0.0,0.0
2016-09-06,5.57,5.6,5.51,5.57,4780500,0.0,0.0
2016-09-07,5.97,7.22,5.93,7.17,39547000,0.0,0.0
2016-09-08,6.74,6.77,6.54,6.69,16179500,0.0,0.0
2016-09-09,6.59,6.62,6.48,6.5,4369000,0.0,0.0
2016-09-12,6.45,6.55,6.42,6.55,2610500,0.0,0.0
2016-09-13,6.17,6.31,6.14,6.19,4939000,0.0,0.0
2016-09-14,6.17,6.26,6.15,6.24,2493500,0.0,0.0
2016-09-15,6.46,6.57,6.42,6.54,1970500,0.0,0.0
2016-09-16,6.51,6.56,6.44,6.46,819500,0.0,0.0
2016-09-19,6.52,6.53,6.47,6.49,973000,0.0,0.0
2016-09-20,6.59,6.63,6.58,6.61,2386500,0.0,0.0
2016-09-21,6.54,6.6,6.54,6.6,1644000,0.0,0.0
2016-09-22,6.64,6.69,6.61,6.66,3192000,0.0,0.0
2016-09-23,6.62,6.63,6.6,6.62,975000,0.0,0.0
2016-09-26,6.47,6.52,6.44,6.51,1233000,0.0,0.0
2016-09-27,6.52,6.62,6.52,6.6,1442500,0.0,0.0
2016-09-28,6.59,6.66,6.58,6.66,1361500,0.0,0.0
2016-09-29,6.6,6.67,6.53,6.56,903500,0.0,0.0
2016-09-30,6.52,6.54,6.5,6.51,2754000,0.0,0.0
2016-10-03,6.46,6.46,6.41,6.42,882500,0.0,0.0
2016-10-04,6.3,6.39,6.28,6.3,1162000,0.0,0.0
2016-10-05,6.36,6.43,6.36,6.43,535500,0.0,0.0
2016-10-06,6.29,6.32,6.25,6.28,597000,0.0,0.0
2016-10-07,6.39,6.44,6.3,6.36,579500,0.0,0.0
2016-10-10,6.44,6.44,6.35,6.4,850500,0.0,0.0
2016-10-11,6.26,6.26,6.2,6.26,1644000,0.0,0.0
2016-10-12,6.15,6.2,6.14,6.16,1007500,0.0,0.0
2016-10-13,6.16,6.2,6.15,6.17,2004500,0.0,0.0
2016-10-14,6.32,6.37,6.27,6.32,2523000,0.0,0.0
2016-10-17,6.17,6.17,6.12,6.17,1063500,0.0,0.0
2016-10-18,6.22,6.26,6.18,6.25,1105000,0.0,0.0
2016-10-19,6.23,6.24,6.21,6.24,1173000,0.0,0.0
2016-10-20,6.41,6.48,6.34,6.39,5969000,0.0,0.0
2016-10-21,6.0,6.06,5.99,6.02,3303500,0.0,0.0
2016-10-24,5.69,5.75,5.67,5.75,3745500,0.0,0.0
2016-10-25,5.82,5.86,5.77,5.84,1014000,0.0,0.0
2016-10-26,5.71,5.71,5.51,5.54,3698000,0.0,0.0
2016-10-27,5.82,5.88,5.82,5.86,2181000,0.0,0.0
2016-10-28,5.97,6.01,5.94,5.96,2131000,0.0,0.0
2016-10-31,5.96,5.97,5.94,5.94,1226500,0.0,0.0
2016-11-01,5.94,5.98,5.91,5.95,1076000,0.0,0.0
2016-11-02,5.96,6.06,5.96,5.97,580500,0.0,0.0
2016-11-03,6.01,6.01,5.99,5.99,799000,0.0,0.0
2016-11-04,5.82,5.88,5.81,5.81,938000,0.0,0.0
2016-11-07,5.82,5.84,5.8,5.83,819000,0.0,0.0
2016-11-08,5.77,5.79,5.75,5.77,898000,0.0,0.0
2016-11-09,5.56,5.71,5.56,5.69,3819000,0.0,0.0
2016-11-10,5.68,5.73,5.65,5.68,5855500,0.0,0.0
2016-11-11,5.63,5.65,5.56,5.62,1431000,0.0,0.0
2016-11-14,5.64,5.68,5.59,5.61,3513000,0.0,0.0
2016-11-15,5.64,5.69,5.61,5.68,1175000,0.0,0.0
2016-11-16,5.71,5.77,5.71,5.76,3346000,0.0,0.0
2016-11-17,5.91,5.95,5.87,5.95,1640500,0.0,0.0
2016-11-18,5.97,6.03,5.96,6.02,1307500,0.0,0.0
2016-11-21,6.12,6.18,6.12,6.18,1303500,0.0,0.0
2016-11-22,6.17,6.32,6.17,6.3,1158000,0.0,0.0
2016-11-23,6.23,6.44,6.2,6.32,1699500,0.0,0.0
2016-11-25,6.13,6.27,6.07,6.12,1947000,0.0,0.0
2016-11-28,6.17,6.21,6.13,6.16,1104500,0.0,0.0
2016-11-29,6.12,6.17,6.12,6.17,1883500,0.0,0.0
2016-11-30,6.09,6.16,6.03,6.09,2476000,0.0,0.0
2016-12-01,6.0,6.04,5.97,5.98,2198000,0.0,0.0
2016-12-02,5.86,5.9,5.83,5.85,816500,0.0,0.0
2016-12-05,5.95,5.95,5.86,5.91,768500,0.0,0.0
2016-12-06,5.97,6.07,5.97,6.05,550500,0.0,0.0
2016-12-07,6.03,6.12,6.03,6.12,965500,0.0,0.0
2016-12-08,6.11,6.2,6.1,6.19,4451500,0.0,0.0
2016-12-09,6.33,6.36,6.23,6.34,2950500,0.0,0.0
2016-12-12,6.31,6.35,6.29,6.34,2967000,0.0,0.0
2016-12-13,6.15,6.28,6.07,6.17,3555000,0.0,0.0
2016-12-14,6.03,6.07,5.98,5.99,5130500,0.0,0.0
2016-12-15,5.84,5.84,5.8,5.8,4630000,0.0,0.0
2016-12-16,5.56,5.56,5.28,5.35,12804500,0.0,0.0
2016-12-19,5.18,5.21,5.11,5.14,4299500,0.0,0.0
2016-12-20,5.19,5.27,5.16,5.22,3880000,0.0,0.0
2016-12-21,5.16,5.19,5.01,5.08,3681000,0.0,0.0
2016-12-22,4.93,4.95,4.83,4.86,4360000,0.0,0.0
2016-12-23,4.93,4.97,4.87,4.95,1431500,0.0,0.0
2016-12-27,5.11,5.17,5.1,5.15,1382000,0.0,0.0
2016-12-28,5.14,5.15,5.08,5.09,903500,0.0,0.0
2016-12-29,5.12,5.16,5.09,5.12,826500,0.0,0.0
2016-12-30,5.14,5.18,5.12,5.13,1056500,0.0,0.0
2017-01-03,5.13,5.18,5.13,5.17,1069000,0.0,0.0
2017-01-04,5.15,5.17,5.12,5.17,1181500,0.0,0.0
2017-01-05,5.17,5.17,5.09,5.1,735500,0.0,0.0
2017-01-06,5.1,5.14,5.08,5.14,1849000,0.0,0.0
2017-01-09,5.14,5.15,5.11,5.15,1673000,0.0,0.0
2017-01-10,5.23,5.39,5.2,5.33,3919000,0.0,0.0
2017-01-11,5.38,5.43,5.34,5.43,2339500,0.0,0.0
2017-01-12,5.5,5.51,5.4,5.45,2042000,0.0,0.0
2017-01-13,5.12,5.17,5.07,5.11,8078500,0.0,0.0
2017-01-17,5.13,5.16,5.1,5.16,1133000,0.0,0.0
2017-01-18,5.13,5.13,5.07,5.08,797000,0.0,0.0
2017-01-19,5.11,5.17,5.07,5.16,2612500,0.0,0.0
2017-01-20,5.1,5.13,5.08,5.09,729000,0.0,0.0
2017-01-23,5.11,5.14,5.1,5.13,705500,0.0,0.0
2017-01-24,5.14,5.16,5.07,5.13,2416500,0.0,0.0
2017-01-25,5.13,5.18,5.13,5.18,1099500,0.0,0.0
2017-01-26,5.18,5.18,5.09,5.1,659000,0.0,0.0
2017-01-27,5.06,5.1,5.01,5.01,846500,0.0,0.0
2017-01-30,5.02,5.06,5.0,5.02,3603000,0.0,0.0
2017-01-31,5.0,5.05,4.76,4.88,3772000,0.0,0.0
2017-02-01,4.9,4.94,4.89,4.94,892000,0.0,0.0
2017-02-02,4.94,4.97,4.92,4.96,574500,0.0,0.0
2017-02-03,5.22,5.29,5.18,5.27,1522000,0.0,0.0
2017-02-06,5.23,5.26,5.19,5.22,534000,0.0,0.0
2017-02-07,5.11,5.14,5.1,5.11,560500,0.0,0.0
2017-02-08,5.1,5.13,5.1,5.11,565500,0.0,0.0
2017-02-09,5.1,5.15,5.07,5.14,466500,0.0,0.0
2017-02-10,5.15,5.16,5.14,5.14,383000,0.0,0.0
2017-02-13,5.14,5.17,5.09,5.1,3333500,0.0,0.0
2017-02-14,5.07,5.1,4.97,5.04,2644000,0.0,0.0
2017-02-15,4.89,4.92,4.87,4.89,1903500,0.0,0.0
2017-02-16,4.95,5.01,4.94,5.01,1035000,0.0,0.0
2017-02-17,5.12,5.12,5.04,5.07,896500,0.0,0.0
2017-02-21,5.07,5.08,5.0,5.05,743000,0.0,0.0
2017-02-22,5.05,5.08,5.03,5.07,709000,0.0,0.0
2017-02-23,5.09,5.09,5.05,5.05,679500,0.0,0.0
2017-02-24,5.12,5.17,5.12,5.17,841500,0.0,0.0
2017-02-27,5.15,5.22,5.15,5.2,887000,0.0,0.0
2017-02-28,5.18,5.2,5.15,5.16,713500,0.0,0.0
2017-03-01,5.14,5.14,5.06,5.1,1165500,0.0,0.0
2017-03-02,4.96,4.99,4.94,4.95,1892000,0.0,0.0
2017-03-03,5.13,5.15,5.12,5.14,1687500,0.0,0.0
2017-03-06,5.25,5.28,5.23,5.28,1530500,0.0,0.0
2017-03-07,5.32,5.56,5.29,5.46,4019000,0.0,0.0
2017-03-08,5.4,5.4,5.34,5.38,2115500,0.0,0.0
2017-03-09,5.3,5.34,5.29,5.31,1926500,0.0,0.0
2017-03-10,5.33,5.33,5.29,5.3,1182000,0.0,0.0
2017-03-13,5.41,5.41,5.35,5.36,646500,0.0,0.0
2017-03-14,5.32,5.35,5.31,5.33,643500,0.0,0.0
2017-03-15,5.34,5.41,5.34,5.41,1897500,0.0,0.0
2017-03-16,5.46,5.49,5.46,5.48,1494500,0.0,0.0
2017-03-17,5.6,5.84,5.59,5.74,6107500,0.0,0.0
2017-03-20,5.74,5.84,5.73,5.81,3153500,0.0,0.0
2017-03-21,5.78,5.79,5.74,5.74,3548000,0.0,0.0
2017-03-22,6.01,6.11,6.01,6.11,4046000,0.0,0.0
2017-03-23,6.0,6.05,5.94,6.02,2934000,0.0,0.0
2017-03-24,5.98,6.08,5.94,5.97,2031500,0.0,0.0
2017-03-27,5.99,6.02,5.96,6.02,987500,0.0,0.0
2017-03-28,5.97,5.97,5.83,5.88,1240000,0.0,0.0
2017-03-29,5.88,5.93,5.87,5.9,628000,0.0,0.0
2017-03-30,5.81,5.81,5.73,5.76,874000,0.0,0.0
2017-03-31,5.77,5.78,5.71,5.73,922000,0.0,0.0
2017-04-03,5.94,5.95,5.89,5.92,870000,0.0,0.0
2017-04-04,5.79,5.88,5.77,5.79,1130500,0.0,0.0
2017-04-05,5.79,5.82,5.78,5.79,658500,0.0,0.0
2017-04-06,5.89,5.9,5.86,5.88,829000,0.0,0.0
2017-04-07,5.74,5.79,5.71,5.76,1694000,0.0,0.0
2017-04-10,5.72,5.73,5.71,5.73,769500,0.0,0.0
2017-04-11,5.74,5.75,5.72,5.75,481500,0.0,0.0
2017-04-12,5.74,5.78,5.74,5.76,381000,0.0,0.0
2017-04-13,5.71,5.76,5.7,5.73,1089500,0.0,0.0
2017-04-17,6.03,6.04,5.99,6.02,2121000,0.0,0.0
2017-04-18,6.03,6.05,6.03,6.04,716500,0.0,0.0
2017-04-19,6.14,6.19,6.14,6.19,2898000,0.0,0.0
2017-04-20,6.07,6.13,6.07,6.11,4159000,0.0,0.0
2017-04-21,6.1,6.12,6.1,6.11,1176500,0.0,0.0
2017-04-24,6.19,6.2,6.14,6.14,1445000,0.0,0.0
2017-04-25,6.25,6.25,6.22,6.25,3718000,0.0,0.0
2017-04-26,6.13,6.15,6.07,6.13,1353000,0.0,0.0
2017-04-27,5.96,5.98,5.88,5.93,4105000,0.0,0.0
2017-04-28,6.21,6.26,6.17,6.26,3985000,0.0,0.0
2017-05-01,6.26,6.26,6.24,6.25,988000,0.0,0.0
2017-05-02,6.24,6.25,6.22,6.23,1667500,0.0,0.0
2017-05-03,6.23,6.24,6.22,6.24,932500,0.0,0.0
2017-05-04,6.23,6.26,6.23,6.26,992000,0.0,0.0
2017-05-05,6.26,6.37,6.25,6.37,3617000,0.0,0.0
2017-05-08,6.31,6.33,6.3,6.33,1401500,0.0,0.0
2017-05-09,6.25,6.28,6.23,6.27,2249000,0.0,0.0
2017-05-10,6.4,6.41,6.36,6.4,2571000,0.0,0.0
2017-05-11,6.39,6.4,6.37,6.4,1467000,0.0,0.0
2017-05-12,6.41,6.42,6.38,6.4,740000,0.0,0.0
2017-05-15,6.48,6.5,6.46,6.48,1198000,0.0,0.0
2017-05-16,6.52,6.55,6.5,6.52,2053000,0.0,0.0
2017-05-17,6.68,6.7,6.56,6.6,4469000,0.0,0.0
2017-05-18,6.72,6.73,6.66,6.72,3528500,0.0,0.0
2017-05-19,6.73,6.75,6.7,6.74,1276500,0.0,0.0
2017-05-22,6.76,6.79,6.73,6.77,1129000,0.0,0.0
2017-05-23,6.8,6.88,6.79,6.87,1912000,0.0,0.0
2017-05-24,6.98,7.04,6.98,7.02,1431000,0.0,0.0
2017-05-25,7.06,7.13,7.04,7.1,1822500,0.0,0.0
2017-05-26,7.43,7.43,7.37,7.42,2920000,0.0,0.0
2017-05-30,7.47,7.58,7.47,7.54,3058000,0.0,0.0
2017-05-31,7.52,7.52,7.46,7.47,1578500,0.0,0.0
2017-06-01,7.37,7.39,7.29,7.32,5637000,0.0,0.0
2017-06-02,7.4,7.47,7.4,7.47,1803000,0.0,0.0
2017-06-05,7.66,7.72,7.65,7.72,2854500,0.0,0.0
2017-06-06,7.8,7.97,7.75,7.94,8947500,0.0,0.0
2017-06-07,7.73,7.75,7.68,7.69,4328000,0.0,0.0
2017-06-08,7.68,7.72,7.62,7.72,3430000,0.0,0.0
2017-06-09,7.78,7.85,7.5,7.59,7253500,0.0,0.0
2017-06-12,7.59,7.63,7.51,7.63,2468000,0.0,0.0
2017-06-13,7.6,7.86,7.59,7.75,8067000,0.0,0.0
2017-06-14,7.85,7.86,7.81,7.83,2253000,0.0,0.0
2017-06-15,8.08,8.08,7.99,8.01,5225500,0.0,0.0
2017-06-16,8.02,8.04,7.99,8.0,1635000,0.0,0.0
2017-06-19,8.2,8.22,8.17,8.2,2092000,0.0,0.0
2017-06-20,8.24,8.28,8.22,8.23,1671000,0.0,0.0
2017-06-21,8.22,8.25,8.18,8.22,1850000,0.0,0.0
2017-06-22,8.28,8.32,8.28,8.31,1732500,0.0,0.0
2017-06-23,8.5,8.54,8.47,8.53,2794000,0.0,0.0
2017-06-26,8.63,8.76,8.63,8.74,3532000,0.0,0.0
2017-06-27,8.68,8.69,8.63,8.66,2943000,0.0,0.0
2017-06-28,8.34,8.47,8.31,8.43,3928000,0.0,0.0
2017-06-29,8.47,8.51,8.17,8.29,5344000,0.0,0.0
2017-06-30,8.29,8.3,8.23,8.26,1888500,0.0,0.0
2017-07-03,8.07,8.12,8.02,8.04,1419500,0.0,0.0
2017-07-05,7.69,7.73,7.67,7.73,4310000,0.0,0.0
2017-07-06,7.57,7.6,7.53,7.58,2220500,0.0,0.0
2017-07-07,7.62,7.74,7.62,7.71,2404500,0.0,0.0
2017-07-10,7.87,7.93,7.86,7.92,2050000,0.0,0.0
2017-07-11,7.81,7.82,7.75,7.79,1673500,0.0,0.0
2017-07-12,7.84,7.9,7.83,7.9,1582500,0.0,0.0
2017-07-13,7.88,7.9,7.84,7.87,1117000,0.0,0.0
2017-07-14,7.86,7.87,7.82,7.87,1342500,0.0,0.0
2017-07-17,7.84,7.88,7.79,7.79,1758000,0.0,0.0
2017-07-18,7.97,8.06,7.97,8.06,2686000,0.0,0.0
2017-07-19,8.27,8.32,8.25,8.28,1926000,0.0,0.0
2017-07-20,8.23,8.26,8.19,8.2,1222500,0.0,0.0
2017-07-21,8.22,8.24,8.15,8.24,622000,0.0,0.0
2017-07-24,8.02,8.08,8.0,8.06,863000,0.0,0.0
2017-07-25,7.83,7.84,7.77,7.78,2803500,0.0,0.0
2017-07-26,8.15,8.33,8.1,8.24,4310000,0.0,0.0
2017-07-27,8.49,8.51,8.35,8.36,4839500,0.0,0.0
2017-07-28,8.33,8.37,8.29,8.37,1452500,0.0,0.0
2017-07-31,8.34,8.39,8.34,8.39,2338500,0.0,0.0
2017-08-01,8.31,8.33,8.3,8.31,1015000,0.0,0.0
2017-08-02,8.45,8.47,8.33,8.37,2371000,0.0,0.0
2017-08-03,8.36,8.37,8.33,8.37,866000,0.0,0.0
2017-08-04,8.36,8.39,8.35,8.38,1023000,0.0,0.0
2017-08-07,8.47,8.48,8.45,8.47,2054500,0.0,0.0
2017-08-08,8.49,8.55,8.48,8.48,1015000,0.0,0.0
2017-08-09,8.41,8.43,8.32,8.35,1668000,0.0,0.0
2017-08-10,8.23,8.26,8.02,8.02,1441500,0.0,0.0
2017-08-11,8.06,8.13,8.0,8.12,1424000,0.0,0.0
2017-08-14,8.14,8.15,8.09,8.11,1161000,0.0,0.0
2017-08-15,8.16,8.2,8.16,8.18,566000,0.0,0.0
2017-08-16,8.2,8.23,8.17,8.22,352500,0.0,0.0
2017-08-17,8.22,8.23,8.14,8.14,838000,0.0,0.0
2017-08-18,8.12,8.17,8.12,8.15,382500,0.0,0.0
2017-08-21,8.07,8.11,8.06,8.08,410500,0.0,0.0
2017-08-22,8.13,8.18,8.13,8.18,592500,0.0,0.0
2017-08-23,8.12,8.14,8.11,8.12,301000,0.0,0.0
2017-08-24,8.11,8.14,8.09,8.12,410000,0.0,0.0
2017-08-25,8.12,8.16,8.1,8.14,370500,0.0,0.0
2017-08-28,8.32,8.34,8.27,8.34,766000,0.0,0.0
2017-08-29,8.3,8.3,8.25,8.26,436000,0.0,0.0
2017-08-30,8.17,8.21,8.16,8.18,573500,0.0,0.0
2017-08-31,8.17,8.24,8.17,8.22,545000,0.0,0.0
2017-09-01,8.27,8.29,8.24,8.27,1094000,0.0,0.0
2017-09-05,8.15,8.15,8.1,8.13,997000,0.0,0.0
2017-09-06,8.11,8.14,8.1,8.12,560000,0.0,0.0
2017-09-07,8.01,8.1,8.01,8.08,589000,0.0,0.0
2017-09-08,8.21,8.22,8.2,8.21,454500,0.0,0.0
2017-09-11,8.47,8.47,8.23,8.34,1114000,0.0,0.0
2017-09-12,8.49,8.54,8.49,8.5,1582000,0.0,0.0
2017-09-13,8.49,8.49,8.41,8.41,495000,0.0,0.0
2017-09-14,8.39,8.54,8.36,8.5,2013500,0.0,0.0
2017-09-15,8.65,8.82,8.59,8.81,3563000,0.0,0.0
2017-09-18,8.76,8.82,8.68,8.71,1234000,0.0,0.0
2017-09-19,9.06,9.24,9.03,9.23,6933000,0.0,0.0
2017-09-20,9.51,9.61,9.36,9.42,4976500,0.0,0.0
2017-09-21,9.24,9.24,9.19,9.2,1626500,0.0,0.0
2017-09-22,9.08,9.09,8.99,9.01,2201000,0.0,0.0
2017-09-25,9.01,9.06,8.87,8.87,4853500,0.0,0.0
2017-09-26,8.88,8.94,8.85,8.89,1655000,0.0,0.0
2017-09-27,8.96,9.01,8.91,8.98,1051500,0.0,0.0
2017-09-28,9.13,9.13,9.04,9.09,941000,0.0,0.0
2017-09-29,9.12,9.14,9.06,9.08,1407000,0.0,0.0
2017-10-02,9.18,9.18,9.1,9.12,1710500,0.0,0.0
2017-10-03,9.13,9.2,9.11,9.18,1065500,0.0,0.0
2017-10-04,9.24,9.24,9.17,9.23,650000,0.0,0.0
2017-10-05,9.39,9.53,9.39,9.49,1927000,0.0,0.0
2017-10-06,9.57,9.71,9.55,9.61,1860000,0.0,0.0
2017-10-09,9.63,9.65,9.56,9.57,601500,0.0,0.0
2017-10-10,9.49,9.57,9.49,9.54,923500,0.0,0.0
2017-10-11,9.63,9.71,9.63,9.71,1105500,0.0,0.0
2017-10-12,9.61,9.64,9.53,9.54,1020500,0.0,0.0
2017-10-13,9.69,9.8,9.69,9.8,1201500,0.0,0.0
2017-10-16,9.8,9.82,9.79,9.81,1517500,0.0,0.0
2017-10-17,9.61,9.63,9.59,9.61,1174000,0.0,0.0
2017-10-18,9.44,9.44,9.38,9.39,3184500,0.0,0.0
2017-10-19,9.46,9.52,9.44,9.49,613000,0.0,0.0
2017-10-20,9.52,9.57,9.48,9.54,1273500,0.0,0.0
2017-10-23,9.55,9.59,9.49,9.58,2759000,0.0,0.0
2017-10-24,9.59,9.64,9.59,9.62,1444500,0.0,0.0
2017-10-25,9.48,9.5,9.29,9.38,7134000,0.0,0.0
2017-10-26,9.2,9.24,9.17,9.24,1524000,0.0,0.0
2017-10-27,9.24,9.42,9.24,9.41,2536000,0.0,0.0
2017-10-30,9.73,10.22,9.69,10.05,6320000,0.0,0.0
2017-10-31,9.62,9.8,9.6,9.61,3025000,0.0,0.0
2017-11-01,9.48,9.48,9.37,9.38,3067500,0.0,0.0
2017-11-02,9.35,9.35,9.26,9.32,1386500,0.0,0.0
2017-11-03,9.34,9.35,9.27,9.33,1942000,0.0,0.0
2017-11-06,9.25,9.25,9.2,9.24,1740500,0.0,0.0
2017-11-07,9.3,9.35,9.26,9.27,1985000,0.0,0.0
2017-11-08,9.42,9.47,9.4,9.47,853500,0.0,0.0
2017-11-09,9.31,9.33,9.19,9.24,2287000,0.0,0.0
2017-11-10,9.53,9.65,9.49,9.57,2304000,0.0,0.0
2017-11-13,9.56,9.63,9.52,9.61,1859500,0.0,0.0
2017-11-14,9.76,9.84,9.69,9.76,2021500,0.0,0.0
2017-11-15,9.42,9.47,9.39,9.43,1521000,0.0,0.0
2017-11-16,9.81,9.85,9.78,9.83,1792000,0.0,0.0
2017-11-17,9.84,9.85,9.81,9.81,1439500,0.0,0.0
2017-11-20,9.86,9.91,9.84,9.89,686000,0.0,0.0
2017-11-21,9.87,9.88,9.82,9.84,1117500,0.0,0.0
2017-11-22,9.95,9.99,9.91,9.98,1406000,0.0,0.0
2017-11-24,10.3,10.39,10.3,10.38,1936000,0.0,0.0
2017-11-27,10.55,10.66,10.55,10.55,1778000,0.0,0.0
2017-11-28,10.49,10.54,10.44,10.51,1886000,0.0,0.0
2017-11-29,10.3,10.39,10.02,10.05,3575000,0.0,0.0
2017-11-30,9.98,10.12,9.98,10.07,4340500,0.0,0.0
2017-12-01,9.93,9.98,9.85,9.93,1960000,0.0,0.0
2017-12-04,9.74,9.78,9.5,9.58,2405000,0.0,0.0
2017-12-05,9.41,9.52,9.36,9.43,3567000,0.0,0.0
2017-12-06,9.45,9.59,9.44,9.56,2423000,0.0,0.0
2017-12-07,9.76,9.88,9.73,9.84,3362500,0.0,0.0
2017-12-08,9.54,9.58,9.52,9.54,1173500,0.0,0.0
2017-12-11,9.6,9.68,9.6,9.67,1691000,0.0,0.0
2017-12-12,9.59,9.59,9.45,9.49,3519000,0.0,0.0
2017-12-13,9.54,9.63,9.54,9.62,1013000,0.0,0.0
2017-12-14,9.44,9.45,9.4,9.44,2180500,0.0,0.0
2017-12-15,9.48,9.54,9.44,9.53,838000,0.0,0.0
2017-12-18,9.51,9.51,9.44,9.47,909000,0.0,0.0
2017-12-19,9.4,9.4,9.29,9.29,1108000,0.0,0.0
2017-12-20,9.22,9.24,9.12,9.15,1033500,0.0,0.0
2017-12-21,9.21,9.22,9.15,9.21,612500,0.0,0.0
2017-12-22,9.19,9.26,9.18,9.22,619000,0.0,0.0
2017-12-26,9.01,9.13,9.01,9.04,970500,0.0,0.0
2017-12-27,9.12,9.25,9.12,9.16,1453000,0.0,0.0
2017-12-28,9.03,9.03,8.96,8.97,1019500,0.0,0.0
2017-12-29,8.99,9.03,8.81,8.9,2176000,0.0,0.0
2018-01-02,8.93,9.08,8.93,9.07,1516000,0.0,0.0
2018-01-03,9.06,9.27,9.06,9.27,1896000,0.0,0.0
2018-01-04,9.52,9.59,9.46,9.59,1677000,0.0,0.0
2018-01-05,9.32,9.37,9.25,9.37,1472000,0.0,0.0
2018-01-08,9.41,9.41,9.31,9.4,753500,0.0,0.0
2018-01-09,9.49,9.49,9.41,9.48,1805500,0.0,0.0
2018-01-10,9.68,9.76,9.66,9.75,2180000,0.0,0.0
2018-01-11,9.82,9.82,9.76,9.82,883000,0.0,0.0
2018-01-12,9.91,9.97,9.79,9.95,1862500,0.0,0.0
2018-01-16,10.09,10.09,9.84,9.87,2417000,0.0,0.0
2018-01-17,10.05,10.22,10.05,10.18,3372500,0.0,0.0
2018-01-18,10.35,10.43,10.34,10.41,3499500,0.0,0.0
2018-01-19,10.78,10.81,10.73,10.8,3262000,0.0,0.0
2018-01-22,10.85,10.87,10.74,10.83,1861500,0.0,0.0
2018-01-23,11.06,11.07,10.98,11.04,3467500,0.0,0.0
2018-01-24,10.91,10.98,10.74,10.88,3150500,0.0,0.0
2018-01-25,10.86,10.91,10.81,10.83,2648000,0.0,0.0
2018-01-26,10.92,11.06,10.87,11.06,1889000,0.0,0.0
2018-01-29,10.86,10.88,10.76,10.81,1182500,0.0,0.0
2018-01-30,10.65,10.67,10.47,10.54,2499000,0.0,0.0
2018-01-31,11.42,11.54,11.23,11.27,9865500,0.0,0.0
2018-02-01,10.82,10.91,10.72,10.89,3728000,0.0,0.0
2018-02-02,10.51,10.57,10.37,10.37,2636000,0.0,0.0
2018-02-05,10.4,10.54,10.17,10.17,2731000,0.0,0.0
2018-02-06,9.99,10.38,9.94,10.36,3953500,0.0,0.0
2018-02-07,10.34,10.36,10.19,10.2,2355000,0.0,0.0
2018-02-08,10.04,10.04,9.7,9.74,3545500,0.0,0.0
2018-02-09,9.84,9.92,9.53,9.92,2631000,0.0,0.0
2018-02-12,9.96,10.18,9.95,10.12,2161000,0.0,0.0
2018-02-13,10.14,10.25,10.09,10.23,1675500,0.0,0.0
2018-02-14,10.13,10.43,10.08,10.43,1569000,0.0,0.0
2018-02-15,10.67,10.71,10.58,10.68,1617500,0.0,0.0
2018-02-16,10.69,10.73,10.65,10.7,1141000,0.0,0.0
2018-02-20,10.73,10.86,10.7,10.71,2260500,0.0,0.0
2018-02-21,10.98,11.02,10.92,10.92,2567000,0.0,0.0
2018-02-22,10.96,10.97,10.82,10.9,1222500,0.0,0.0
2018-02-23,11.19,11.25,11.08,11.24,1728000,0.0,0.0
2018-02-26,11.3,11.34,11.24,11.34,978500,0.0,0.0
2018-02-27,11.35,11.4,11.22,11.23,1387500,0.0,0.0
2018-02-28,11.3,11.37,11.24,11.27,795000,0.0,0.0
2018-03-01,11.01,11.15,10.86,10.92,1513500,0.0,0.0
2018-03-02,11.11,11.35,11.1,11.35,1606000,0.0,0.0
2018-03-05,10.78,10.97,10.75,10.96,1364000,0.0,0.0
2018-03-06,11.12,11.16,11.07,11.16,856000,0.0,0.0
2018-03-07,10.87,10.96,10.78,10.95,2398500,0.0,0.0
2018-03-08,11.26,11.27,11.16,11.23,1260500,0.0,0.0
2018-03-09,11.19,11.33,11.18,11.32,1327500,0.0,0.0
2018-03-12,11.24,11.3,11.15,11.18,1931000,0.0,0.0
2018-03-13,11.35,11.35,11.13,11.19,1091500,0.0,0.0
2018-03-14,11.28,11.28,11.16,11.16,544500,0.0,0.0
2018-03-15,11.35,11.45,11.34,11.44,2831500,0.0,0.0
2018-03-16,11.31,11.45,11.31,11.4,668000,0.0,0.0
2018-03-19,11.17,11.26,11.12,11.14,3057500,0.0,0.0
2018-03-20,11.12,11.29,11.12,11.27,983000,0.0,0.0
2018-03-21,11.29,11.32,11.24,11.26,895500,0.0,0.0
2018-03-22,11.41,11.41,11.15,11.16,1306500,0.0,0.0
2018-03-23,11.18,11.26,11.1,11.11,1197000,0.0,0.0
2018-03-26,11.12,11.27,11.07,11.26,1302500,0.0,0.0
2018-03-27,11.17,11.24,10.89,10.93,1840000,0.0,0.0
2018-03-28,10.81,10.9,10.71,10.75,1386000,0.0,0.0
2018-03-29,10.84,10.98,10.81,10.96,825500,0.0,0.0
2018-04-02,11.06,11.06,10.81,10.88,2016000,0.0,0.0
2018-04-03,10.76,10.83,10.71,10.82,892000,0.0,0.0
2018-04-04,10.5,10.6,10.39,10.59,2395000,0.0,0.0
2018-04-05,10.5,10.56,10.47,10.47,1559500,0.0,0.0
2018-04-06,10.42,10.47,10.13,10.23,2647000,0.0,0.0
2018-04-09,10.41,10.57,10.41,10.45,1290500,0.0,0.0
2018-04-10,10.42,10.43,10.33,10.41,2725500,0.0,0.0
2018-04-11,10.35,10.37,10.28,10.32,1338500,0.0,0.0
2018-04-12,10.39,10.44,10.34,10.42,1296500,0.0,0.0
2018-04-13,10.4,10.45,10.33,10.36,951500,0.0,0.0
2018-04-16,10.37,10.37,10.2,10.24,1870000,0.0,0.0
2018-04-17,10.22,10.27,10.17,10.21,9054000,0.0,0.0
2018-04-18,10.21,10.25,10.17,10.23,1096000,0.0,0.0
2018-04-19,10.12,10.15,10.03,10.11,1227000,0.0,0.0
2018-04-20,10.55,10.55,10.41,10.52,3107000,0.0,0.0
2018-04-23,10.59,10.6,10.48,10.56,1575500,0.0,0.0
2018-04-24,10.51,10.52,10.21,10.27,2871500,0.0,0.0
2018-04-25,10.47,10.52,10.35,10.44,2257000,0.0,0.0
2018-04-26,10.13,10.18,10.01,10.18,3883000,0.0,0.0
2018-04-27,10.44,10.47,10.33,10.36,2014000,0.0,0.0
2018-04-30,10.37,10.41,10.35,10.37,607500,0.0,0.0
2018-05-01,10.37,10.47,10.32,10.47,1415500,0.0,0.0
2018-05-02,10.29,10.45,10.27,10.27,1488500,0.0,0.0
2018-05-03,10.3,10.39,10.27,10.38,837000,0.0,0.0
2018-05-04,10.32,10.55,10.32,10.55,938500,0.0,0.0
2018-05-07,10.51,10.59,10.49,10.57,963500,0.0,0.0
2018-05-08,10.66,10.76,10.6,10.75,2386000,0.0,0.0
2018-05-09,10.44,10.52,10.39,10.5,2358500,0.0,0.0
2018-05-10,10.23,10.35,10.23,10.3,2719500,0.0,0.0
2018-05-11,10.39,10.45,10.39,10.4,1570000,0.0,0.0
2018-05-14,10.38,10.4,10.31,10.32,866000,0.0,0.0
2018-05-15,10.27,10.32,10.25,10.27,1018500,0.0,0.0
2018-05-16,10.2,10.32,10.2,10.31,643000,0.0,0.0
2018-05-17,10.35,10.41,10.33,10.37,336000,0.0,0.0
2018-05-18,10.2,10.2,10.1,10.11,2183500,0.0,0.0
2018-05-21,9.9,9.93,9.85,9.86,1395000,0.0,0.0
2018-05-22,9.87,9.9,9.83,9.83,1270000,0.0,0.0
2018-05-23,9.68,9.73,9.67,9.72,1677500,0.0,0.0
2018-05-24,9.56,9.61,9.4,9.46,3962500,0.0,0.0
2018-05-25,9.54,9.59,9.51,9.53,1803500,0.0,0.0
2018-05-29,9.51,9.6,9.51,9.56,1732000,0.0,0.0
2018-05-30,10.09,10.2,10.03,10.14,2456500,0.0,0.0
2018-05-31,10.14,10.18,10.07,10.08,1594000,0.0,0.0
2018-06-01,9.76,9.95,9.75,9.89,3002000,0.0,0.0
2018-06-04,9.26,9.34,9.25,9.29,4798000,0.0,0.0
2018-06-05,9.23,9.24,9.2,9.24,2269000,0.0,0.0
2018-06-06,8.89,8.94,8.87,8.91,3632000,0.0,0.0
2018-06-07,9.2,9.23,9.12,9.15,2575000,0.0,0.0
2018-06-08,9.3,9.39,9.3,9.39,1730500,0.0,0.0
2018-06-11,9.38,9.47,9.32,9.41,1885000,0.0,0.0
2018-06-12,9.39,9.61,9.29,9.3,4250500,0.0,0.0
2018-06-13,8.72,8.78,8.7,8.76,4400000,0.0,0.0
2018-06-14,8.46,8.48,8.38,8.41,4810000,0.0,0.0
2018-06-15,8.42,8.5,8.41,8.49,5536500,0.0,0.0
2018-06-18,8.26,8.27,8.15,8.23,4614500,0.0,0.0
2018-06-19,8.01,8.1,8.01,8.07,3224000,0.0,0.0
2018-06-20,8.25,8.3,8.2,8.25,3649000,0.0,0.0
2018-06-21,8.2,8.25,8.15,8.15,1423000,0.0,0.0
2018-06-22,8.29,8.29,8.17,8.18,843500,0.0,0.0
2018-06-25,8.18,8.18,8.01,8.04,1165500,0.0,0.0
2018-06-26,8.06,8.13,8.05,8.09,851500,0.0,0.0
2018-06-27,8.01,8.01,7.88,7.89,2391000,0.0,0.0
2018-06-28,8.02,8.11,8.01,8.1,1832000,0.0,0.0
2018-06-29,8.07,8.13,8.04,8.06,2693000,0.0,0.0
2018-07-02,7.94,7.98,7.91,7.95,1358500,0.0,0.0
2018-07-03,8.1,8.13,8.05,8.05,775000,0.0,0.0
2018-07-05,7.78,7.87,7.74,7.82,1928000,0.0,0.0
2018-07-06,7.76,7.78,7.71,7.78,2274000,0.0,0.0
2018-07-09,8.01,8.1,7.97,8.09,1626000,0.0,0.0
2018-07-10,7.9,7.92,7.84,7.9,1223000,0.0,0.0
2018-07-11,7.9,7.9,7.82,7.84,1150500,0.0,0.0
2018-07-12,7.84,7.9,7.84,7.9,1089500,0.0,0.0
2018-07-13,7.94,8.02,7.94,7.97,1048000,0.0,0.0
2018-07-16,8.2,8.31,8.2,8.3,2672500,0.0,0.0
2018-07-17,8.23,8.26,8.2,8.26,1669000,0.0,0.0
2018-07-18,8.03,8.08,8.02,8.05,2596000,0.0,0.0
2018-07-19,8.11,8.23,8.07,8.18,2835000,0.0,0.0
2018-07-20,8.2,8.23,8.17,8.21,475000,0.0,0.0
2018-07-23,8.06,8.11,8.06,8.08,582000,0.0,0.0
2018-07-24,8.19,8.26,8.19,8.22,1712000,0.0,0.0
2018-07-25,8.25,8.33,8.2,8.33,914500,0.0,0.0
2018-07-26,8.34,8.38,8.33,8.33,1049000,0.0,0.0
2018-07-27,8.42,8.43,8.32,8.35,1024500,0.0,0.0
2018-07-30,8.32,8.36,8.0,8.14,8712000,0.0,0.0
2018-07-31,8.39,8.48,8.29,8.43,2839000,0.0,0.0
2018-08-01,8.57,8.65,8.57,8.65,2042000,0.0,0.0
2018-08-02,8.47,8.52,8.4,8.51,846500,0.0,0.0
2018-08-03,8.5,8.54,8.42,8.54,825500,0.0,0.0
2018-08-06,8.16,8.23,8.11,8.22,2100000,0.0,0.0
2018-08-07,8.29,8.32,8.28,8.29,1367500,0.0,0.0
2018-08-08,8.28,8.29,8.21,8.21,2019000,0.0,0.0
2018-08-09,8.3,8.31,8.27,8.28,1124500,0.0,0.0
2018-08-10,8.11,8.11,8.06,8.08,1496000,0.0,0.0
2018-08-13,7.95,8.05,7.95,8.01,1278000,0.0,0.0
2018-08-14,7.98,8.01,7.95,7.96,1279000,0.0,0.0
2018-08-15,7.76,7.76,7.67,7.69,2434500,0.0,0.0
2018-08-16,7.71,7.74,7.67,7.72,1081000,0.0,0.0
2018-08-17,7.8,7.97,7.8,7.95,823000,0.0,0.0
2018-08-20,8.22,8.26,8.2,8.24,1123500,0.0,0.0
2018-08-21,8.66,8.66,8.25,8.33,712500,0.0,0.0
2018-08-22,8.44,8.45,8.39,8.43,670000,0.0,0.0
2018-08-23,8.36,8.36,8.28,8.31,1582500,0.0,0.0
2018-08-24,8.42,8.44,8.36,8.43,647500,0.0,0.0
2018-08-27,8.63,8.66,8.63,8.65,930000,0.0,0.0
2018-08-28,8.58,8.64,8.58,8.6,966000,0.0,0.0
2018-08-29,8.7,8.73,8.68,8.71,1023000,0.0,0.0
2018-08-30,8.78,8.84,8.76,8.84,2815000,0.0,0.0
2018-08-31,8.89,8.94,8.87,8.88,1680500,0.0,0.0
2018-09-04,8.82,8.82,8.73,8.75,1236000,0.0,0.0
2018-09-05,8.71,8.71,8.53,8.57,3692500,0.0,0.0
2018-09-06,8.51,8.51,8.43,8.5,1428500,0.0,0.0
2018-09-07,8.52,8.64,8.52,8.59,1071000,0.0,0.0
2018-09-10,8.63,8.63,8.59,8.6,263000,0.0,0.0
2018-09-11,8.64,8.72,8.63,8.69,975500,0.0,0.0
2018-09-12,8.69,8.8,8.68,8.79,1315500,0.0,0.0
2018-09-13,8.6,8.7,8.6,8.61,1734000,0.0,0.0
2018-09-14,8.44,8.47,8.35,8.41,1724500,0.0,0.0
2018-09-17,8.43,8.47,8.41,8.44,730500,0.0,0.0
2018-09-18,8.6,8.76,8.6,8.71,2258500,0.0,0.0
2018-09-19,8.79,8.84,8.75,8.82,1287000,0.0,0.0
2018-09-20,9.21,9.25,9.04,9.12,4945000,0.0,0.0
2018-09-21,9.16,9.17,9.08,9.13,1739500,0.0,0.0
2018-09-24,9.16,9.17,9.04,9.05,1838000,0.0,0.0
2018-09-25,9.14,9.14,9.08,9.11,1065500,0.0,0.0
2018-09-26,8.98,9.09,8.98,9.03,696500,0.0,0.0
2018-09-27,9.04,9.04,8.95,9.0,1082000,0.0,0.0
2018-09-28,9.0,9.03,8.97,8.98,851000,0.0,0.0
2018-10-01,9.1,9.18,9.1,9.16,770500,0.0,0.0
2018-10-02,9.15,9.18,9.11,9.15,634000,0.0,0.0
2018-10-03,9.04,9.04,8.97,8.99,629000,0.0,0.0
2018-10-04,8.87,8.89,8.65,8.73,2136500,0.0,0.0
2018-10-05,8.92,8.97,8.85,8.92,693500,0.0,0.0
2018-10-08,8.89,8.93,8.81,8.86,804500,0.0,0.0
2018-10-09,8.73,8.8,8.69,8.77,772000,0.0,0.0
2018-10-10,8.69,8.74,8.51,8.52,1462000,0.0,0.0
2018-10-11,8.42,8.55,8.38,8.45,2466000,0.0,0.0
2018-10-12,8.64,8.79,8.61,8.71,2565000,0.0,0.0
2018-10-15,8.68,8.68,8.58,8.61,1349000,0.0,0.0
2018-10-16,8.7,8.81,8.7,8.8,1130000,0.0,0.0
2018-10-17,8.75,8.8,8.65,8.71,744500,0.0,0.0
2018-10-18,8.69,8.75,8.55,8.58,512000,0.0,0.0
2018-10-19,8.4,8.4,8.24,8.25,2210500,0.0,0.0
2018-10-22,8.35,8.35,8.26,8.28,538000,0.0,0.0
2018-10-23,8.17,8.26,8.11,8.23,874000,0.0,0.0
2018-10-24,8.15,8.15,7.91,7.92,1329500,0.0,0.0
2018-10-25,7.86,7.98,7.83,7.94,3442500,0.0,0.0
2018-10-26,7.64,7.73,7.59,7.68,779500,0.0,0.0
2018-10-29,7.72,7.72,7.42,7.53,2951500,0.0,0.0
2018-10-30,7.57,7.6,7.26,7.39,5231500,0.0,0.0
2018-10-31,7.61,7.79,7.54,7.73,2656000,0.0,0.0
2018-11-01,7.75,7.79,7.67,7.78,1341000,0.0,0.0
2018-11-02,7.84,7.85,7.68,7.75,774500,0.0,0.0
2018-11-05,7.66,7.7,7.62,7.65,1067000,0.0,0.0
2018-11-06,7.65,7.73,7.65,7.68,774000,0.0,0.0
2018-11-07,7.86,7.97,7.86,7.96,892000,0.0,0.0
2018-11-08,8.08,8.13,8.05,8.06,443000,0.0,0.0
2018-11-09,7.87,7.94,7.84,7.92,5399000,0.0,0.0
2018-11-12,7.86,7.86,7.68,7.69,1904000,0.0,0.0
2018-11-13,7.64,7.73,7.64,7.65,1045500,0.0,0.0
2018-11-14,7.72,7.72,7.59,7.64,982500,0.0,0.0
2018-11-15,7.56,7.65,7.53,7.61,2120500,0.0,0.0
2018-11-16,6.94,7.17,6.9,7.11,3058000,0.0,0.0
2018-11-19,7.26,7.26,7.11,7.14,1865000,0.0,0.0
2018-11-20,6.76,6.79,6.7,6.71,2822000,0.0,0.0
2018-11-21,6.82,6.92,6.74,6.88,2727500,0.0,0.0
2018-11-23,6.9,6.94,6.83,6.92,924000,0.0,0.0
2018-11-26,7.13,7.18,7.1,7.15,1350500,0.0,0.0
2018-11-27,7.15,7.15,7.07,7.13,912500,0.0,0.0
2018-11-28,7.33,7.41,7.31,7.41,2595000,0.0,0.0
2018-11-29,7.57,7.62,7.56,7.58,1235500,0.0,0.0
2018-11-30,7.5,7.5,7.44,7.48,1539500,0.0,0.0
2018-12-03,7.6,7.6,7.53,7.58,1787000,0.0,0.0
2018-12-04,7.26,7.26,7.05,7.06,5241500,0.0,0.0
2018-12-06,6.97,7.05,6.85,7.03,3329000,0.0,0.0
2018-12-07,7.19,7.21,7.04,7.09,1379000,0.0,0.0
2018-12-10,7.15,7.22,7.08,7.17,2994500,0.0,0.0
2018-12-11,7.25,7.25,7.03,7.08,3923000,0.0,0.0
2018-12-12,7.11,7.16,7.09,7.09,5399000,0.0,0.0
2018-12-13,7.09,7.14,7.07,7.1,1705000,0.0,0.0
2018-12-14,6.92,6.98,6.92,6.94,1779000,0.0,0.0
2018-12-17,6.89,6.94,6.83,6.86,2440000,0.0,0.0
2018-12-18,6.83,6.85,6.78,6.81,1217500,0.0,0.0
2018-12-19,6.61,6.65,6.44,6.47,3368000,0.0,0.0
2018-12-20,6.64,6.73,6.61,6.7,3720500,0.0,0.0
2018-12-21,6.41,6.49,6.3,6.3,2786000,0.0,0.0
2018-12-24,6.33,6.36,6.2,6.23,1226000,0.0,0.0
2018-12-26,6.32,6.47,6.29,6.46,2588500,0.0,0.0
2018-12-27,6.43,6.5,6.35,6.5,1193500,0.0,0.0
2018-12-28,6.55,6.56,6.48,6.51,1310000,0.0,0.0
2018-12-31,6.58,6.58,6.41,6.54,1491000,0.0,0.0
2019-01-02,6.46,6.63,6.41,6.62,1034500,0.0,0.0
2019-01-03,6.59,6.64,6.53,6.57,1054000,0.0,0.0
2019-01-04,6.44,6.67,6.42,6.65,2001500,0.0,0.0
2019-01-07,6.7,6.85,6.7,6.8,1224500,0.0,0.0
2019-01-08,6.9,6.9,6.81,6.86,1207000,0.0,0.0
2019-01-09,6.97,7.02,6.96,7.01,1493500,0.0,0.0
2019-01-10,6.83,6.91,6.78,6.89,1717000,0.0,0.0
2019-01-11,6.88,6.9,6.84,6.88,724500,0.0,0.0
2019-01-14,6.89,7.08,6.89,7.02,3169000,0.0,0.0
2019-01-15,7.15,7.28,7.11,7.25,3480500,0.0,0.0
2019-01-16,7.28,7.31,7.25,7.25,2530500,0.0,0.0
2019-01-17,7.49,7.58,7.45,7.53,1465000,0.0,0.0
2019-01-18,7.68,7.77,7.68,7.75,2098000,0.0,0.0
2019-01-22,7.56,7.63,7.49,7.51,3001500,0.0,0.0
2019-01-23,7.57,7.64,7.51,7.56,1455000,0.0,0.0
2019-01-24,7.66,7.67,7.6,7.65,819000,0.0,0.0
2019-01-25,7.67,7.67,7.63,7.64,1791500,0.0,0.0
2019-01-28,7.37,7.4,7.24,7.31,2349000,0.0,0.0
2019-01-29,7.54,7.58,7.52,7.54,2326500,0.0,0.0
2019-01-30,7.51,7.65,7.51,7.64,2142000,0.0,0.0
2019-01-31,7.42,7.43,7.26,7.36,3848000,0.0,0.0
2019-02-01,6.96,7.05,6.95,7.0,2864000,0.0,0.0
2019-02-04,7.22,7.25,7.06,7.25,1104000,0.0,0.0
2019-02-05,7.07,7.08,7.03,7.08,1112500,0.0,0.0
2019-02-06,6.65,6.69,6.62,6.62,2716500,0.0,0.0
2019-02-07,6.56,6.57,6.5,6.57,1725500,0.0,0.0
2019-02-08,6.41,6.51,6.41,6.49,1380000,0.0,0.0
2019-02-11,6.51,6.51,6.32,6.44,2630000,0.0,0.0
2019-02-12,6.54,6.57,6.53,6.54,2232000,0.0,0.0
2019-02-13,6.69,6.7,6.65,6.68,1317000,0.0,0.0
2019-02-14,6.63,6.68,6.57,6.66,1944500,0.0,0.0
2019-02-15,6.54,6.65,6.54,6.65,932500,0.0,0.0
2019-02-19,6.54,6.6,6.53,6.59,1590000,0.0,0.0
2019-02-20,6.58,6.64,6.57,6.59,2022000,0.0,0.0
2019-02-21,6.65,6.99,6.62,6.9,8966000,0.0,0.0
2019-02-22,6.88,7.12,6.84,7.02,9453000,0.0,0.0
2019-02-25,6.9,6.91,6.79,6.79,8402000,0.0,0.0
2019-02-26,6.79,6.87,6.78,6.87,3368500,0.0,0.0
2019-02-27,7.02,7.08,6.96,7.03,4427000,0.0,0.0
2019-02-28,6.79,6.81,6.73,6.76,4732500,0.0,0.0
2019-03-01,6.84,6.86,6.78,6.85,2462500,0.0,0.0
2019-03-04,6.73,6.74,6.62,6.66,3426500,0.0,0.0
2019-03-05,6.71,6.74,6.67,6.73,1389000,0.0,0.0
2019-03-06,6.82,6.87,6.82,6.84,744500,0.0,0.0
2019-03-07,6.75,6.75,6.66,6.68,1333000,0.0,0.0
2019-03-08,6.57,6.6,6.53,6.6,892500,0.0,0.0
2019-03-11,6.59,6.68,6.55,6.67,1148500,0.0,0.0
2019-03-12,6.78,6.81,6.74,6.77,2057000,0.0,0.0
2019-03-13,6.87,6.9,6.82,6.89,1412000,0.0,0.0
2019-03-14,6.7,6.72,6.7,6.71,1084500,0.0,0.0
2019-03-15,6.87,6.91,6.85,6.9,1634500,0.0,0.0
2019-03-18,7.06,7.1,7.05,7.09,1440000,0.0,0.0
2019-03-19,6.97,6.99,6.87,6.94,2961500,0.0,0.0
2019-03-20,6.72,6.8,6.71,6.74,2228000,0.0,0.0
2019-03-21,6.73,6.82,6.73,6.8,2510000,0.0,0.0
2019-03-22,6.79,6.83,6.72,6.74,1034500,0.0,0.0
2019-03-25,6.88,6.95,6.85,6.9,2370500,0.0,0.0
2019-03-26,7.13,7.18,7.11,7.16,3360000,0.0,0.0
2019-03-27,7.11,7.15,7.07,7.11,2701000,0.0,0.0
2019-03-28,7.13,7.14,7.08,7.14,789000,0.0,0.0
2019-03-29,7.07,7.1,7.03,7.08,1616500,0.0,0.0
2019-04-01,7.13,7.14,7.08,7.13,1241000,0.0,0.0
2019-04-02,7.13,7.14,7.07,7.1,695500,0.0,0.0
2019-04-03,7.19,7.26,7.18,7.22,1474500,0.0,0.0
2019-04-04,7.21,7.21,7.15,7.2,584500,0.0,0.0
2019-04-05,7.31,7.42,7.28,7.38,2277500,0.0,0.0
2019-04-08,7.24,7.25,7.2,7.25,943500,0.0,0.0
2019-04-09,7.3,7.35,7.3,7.32,1356500,0.0,0.0
2019-04-10,7.32,7.33,7.3,7.31,1092000,0.0,0.0
2019-04-11,7.25,7.31,7.24,7.26,634000,0.0,0.0
2019-04-12,7.47,7.51,7.47,7.5,2068500,0.0,0.0
2019-04-15,7.54,7.54,7.5,7.5,2320000,0.0,0.0
2019-04-16,7.61,7.64,7.53,7.56,3234500,0.0,0.0
2019-04-17,7.67,7.7,7.61,7.65,2023500,0.0,0.0
2019-04-18,8.37,8.73,8.22,8.58,15535000,0.0,0.0
2019-04-22,8.51,8.51,8.45,8.48,4700000,0.0,0.0
2019-04-23,8.2,8.2,8.12,8.18,3816500,0.0,0.0
2019-04-24,8.38,8.44,8.29,8.33,2949000,0.0,0.0
2019-04-25,8.11,8.15,7.83,7.95,8888000,0.0,0.0
2019-04-26,8.39,8.51,8.38,8.5,3371500,0.0,0.0
2019-04-29,8.44,8.57,8.44,8.57,1074000,0.0,0.0
2019-04-30,8.46,8.53,8.46,8.51,1084000,0.0,0.0
2019-05-01,8.5,8.56,8.49,8.49,922000,0.0,0.0
2019-05-02,8.47,8.5,8.42,8.48,786500,0.0,0.0
2019-05-03,8.48,8.6,8.47,8.6,1032000,0.0,0.0
2019-05-06,8.39,8.57,8.37,8.56,1489500,0.0,0.0
2019-05-07,8.29,8.31,8.2,8.24,2914000,0.0,0.0
2019-05-08,8.22,8.48,8.22,8.39,3029000,0.0,0.0
2019-05-09,8.27,8.32,8.17,8.3,3071500,0.0,0.0
2019-05-10,8.25,8.44,8.22,8.42,2634500,0.0,0.0
2019-05-13,8.33,8.33,8.11,8.17,4030000,0.0,0.0
2019-05-14,8.31,8.45,8.31,8.42,1480000,0.0,0.0
2019-05-15,8.37,8.52,8.37,8.5,1567500,0.0,0.0
2019-05-16,8.24,8.44,8.24,8.37,2154500,0.0,0.0
2019-05-17,8.4,8.45,8.35,8.37,1822000,0.0,0.0
2019-05-20,8.45,8.53,8.41,8.45,1323000,0.0,0.0
2019-05-21,8.5,8.57,8.5,8.53,1705500,0.0,0.0
2019-05-22,8.49,8.56,8.49,8.54,2470500,0.0,0.0
2019-05-23,8.55,8.58,8.52,8.58,3056500,0.0,0.0
2019-05-24,8.8,8.82,8.77,8.81,2352000,0.0,0.0
2019-05-28,8.77,8.83,8.72,8.72,919000,0.0,0.0
2019-05-29,8.82,8.82,8.66,8.72,1190500,0.0,0.0
2019-05-30,8.65,8.66,8.61,8.65,1000500,0.0,0.0
2019-05-31,8.87,8.87,8.69,8.72,1555000,0.0,0.0
2019-06-03,8.77,8.82,8.74,8.76,1415000,0.0,0.0
2019-06-04,8.69,8.76,8.59,8.76,1102000,0.0,0.0
2019-06-05,8.85,8.85,8.78,8.83,768500,0.0,0.0
2019-06-06,8.83,8.83,8.76,8.82,735000,0.0,0.0
2019-06-07,8.95,9.0,8.91,8.96,3299000,0.0,0.0
2019-06-10,9.02,9.08,8.95,8.97,3192000,0.0,0.0
2019-06-11,8.97,8.98,8.72,8.75,3827000,0.0,0.0
2019-06-12,8.61,8.62,8.5,8.51,2808500,0.0,0.0
2019-06-13,8.5,8.56,8.46,8.5,1771500,0.0,0.0
2019-06-14,8.54,8.54,8.49,8.52,748000,0.0,0.0
2019-06-17,8.56,8.56,8.52,8.53,455500,0.0,0.0
2019-06-18,8.64,8.73,8.64,8.73,1134000,0.0,0.0
2019-06-19,8.57,8.66,8.57,8.65,909500,0.0,0.0
2019-06-20,8.91,8.92,8.82,8.88,990500,0.0,0.0
2019-06-21,8.86,8.86,8.76,8.81,535000,0.0,0.0
2019-06-24,8.79,8.81,8.74,8.79,1217000,0.0,0.0
2019-06-25,8.79,8.81,8.7,8.71,656000,0.0,0.0
2019-06-26,8.8,8.82,8.62,8.69,2394500,0.0,0.0
2019-06-27,8.92,8.99,8.9,8.98,1561500,0.0,0.0
2019-06-28,9.01,9.05,9.0,9.04,1512000,0.0,0.0
2019-07-01,9.18,9.21,9.12,9.14,2940500,0.0,0.0
2019-07-02,9.14,9.16,9.11,9.13,556500,0.0,0.0
2019-07-03,9.24,9.31,9.23,9.31,1624500,0.0,0.0
2019-07-05,9.19,9.28,9.17,9.24,1437000,0.0,0.0
2019-07-08,9.23,9.29,9.2,9.21,562000,0.0,0.0
2019-07-09,9.12,9.17,9.12,9.17,535000,0.0,0.0
2019-07-10,9.29,9.56,9.29,9.48,4690500,0.0,0.0
2019-07-11,9.54,9.61,9.38,9.54,3222500,0.0,0.0
2019-07-12,9.54,9.56,9.51,9.53,1621500,0.0,0.0
2019-07-15,9.53,9.56,9.49,9.5,970000,0.0,0.0
2019-07-16,9.48,9.5,9.39,9.41,2451500,0.0,0.0
2019-07-17,9.44,9.44,9.37,9.37,1061500,0.0,0.0
2019-07-18,9.33,9.48,9.33,9.48,1045500,0.0,0.0
2019-07-19,9.45,9.45,9.38,9.39,658500,0.0,0.0
2019-07-22,9.25,9.28,9.21,9.22,2132500,0.0,0.0
2019-07-23,9.13,9.15,9.1,9.13,1316000,0.0,0.0
2019-07-24,9.13,9.13,9.06,9.11,1030000,0.0,0.0
2019-07-25,9.12,9.2,9.03,9.05,2120500,0.0,0.0
2019-07-26,9.21,9.21,9.1,9.13,1223500,0.0,0.0
2019-07-29,9.19,9.19,9.11,9.19,1146000,0.0,0.0
2019-07-30,8.88,9.12,8.86,9.05,5271500,0.0,0.0
2019-07-31,9.15,9.25,9.12,9.12,3016000,0.0,0.0
2019-08-01,9.36,9.57,9.34,9.35,2743500,0.0,0.0
2019-08-02,9.3,9.34,9.14,9.19,1234000,0.0,0.0
2019-08-05,9.04,9.12,8.91,8.93,2402500,0.0,0.0
2019-08-06,9.0,9.07,8.97,9.06,1045500,0.0,0.0
2019-08-07,9.12,9.2,9.0,9.19,1027500,0.0,0.0
2019-08-08,9.16,9.3,9.13,9.29,1735000,0.0,0.0
2019-08-09,9.23,9.24,9.14,9.16,933000,0.0,0.0
2019-08-12,9.22,9.22,9.06,9.09,763000,0.0,0.0
2019-08-13,8.92,9.13,8.92,9.1,2721000,0.0,0.0
2019-08-14,9.14,9.2,9.09,9.1,1826000,0.0,0.0
2019-08-15,9.25,9.28,9.19,9.22,1405500,0.0,0.0
2019-08-16,9.21,9.3,9.18,9.29,787500,0.0,0.0
2019-08-19,9.27,9.35,9.27,9.31,978000,0.0,0.0
2019-08-20,9.25,9.28,9.21,9.23,564000,0.0,0.0
2019-08-21,9.32,9.41,9.32,9.38,1762000,0.0,0.0
2019-08-22,9.37,9.37,9.23,9.27,579000,0.0,0.0
2019-08-23,9.45,9.47,9.29,9.3,1386000,0.0,0.0
2019-08-26,9.32,9.38,9.32,9.37,505000,0.0,0.0
2019-08-27,9.38,9.44,9.38,9.43,1092500,0.0,0.0
2019-08-28,9.4,9.44,9.35,9.41,639000,0.0,0.0
2019-08-29,9.37,9.44,9.37,9.42,423500,0.0,0.0
2019-08-30,9.31,9.39,9.3,9.33,359500,0.0,0.0
2019-09-03,9.45,9.45,9.38,9.44,880500,0.0,0.0
2019-09-04,9.63,9.64,9.52,9.59,2481000,0.0,0.0
2019-09-05,9.52,9.52,9.48,9.5,1472000,0.0,0.0
2019-09-06,9.58,9.58,9.54,9.56,439000,0.0,0.0
2019-09-09,9.69,9.72,9.65,9.69,2241000,0.0,0.0
2019-09-10,9.65,9.65,9.53,9.56,1206000,0.0,0.0
2019-09-11,9.45,9.49,9.39,9.46,1520500,0.0,0.0
2019-09-12,9.48,9.53,9.47,9.48,995500,0.0,0.0
2019-09-13,9.48,9.51,9.46,9.5,733000,0.0,0.0
2019-09-16,9.49,9.53,9.44,9.46,578500,0.0,0.0
2019-09-17,9.48,9.58,9.48,9.57,534500,0.0,0.0
2019-09-18,9.7,9.7,9.62,9.7,1105500,0.0,0.0
2019-09-19,9.74,9.76,9.72,9.73,1307000,0.0,0.0
2019-09-20,9.75,9.86,9.71,9.73,2631500,0.0,0.0
2019-09-23,9.72,9.77,9.69,9.76,1328000,0.0,0.0
2019-09-24,9.66,9.72,9.34,9.4,3730500,0.0,0.0
2019-09-25,9.33,9.48,9.33,9.4,3198000,0.0,0.0
2019-09-26,9.37,9.37,9.26,9.34,1538000,0.0,0.0
2019-09-27,9.31,9.31,9.2,9.2,1626500,0.0,0.0
2019-09-30,9.18,9.22,9.13,9.2,872500,0.0,0.0
2019-10-01,9.35,9.35,9.21,9.24,1334500,0.0,0.0
2019-10-02,9.38,9.41,9.24,9.29,1387000,0.0,0.0
2019-10-03,9.29,9.37,9.28,9.37,1316500,0.0,0.0
2019-10-04,9.43,9.49,9.4,9.49,1304500,0.0,0.0
2019-10-07,9.3,9.36,9.3,9.32,637500,0.0,0.0
2019-10-08,9.34,9.34,9.22,9.22,2132500,0.0,0.0
2019-10-09,9.43,9.45,9.42,9.43,1781000,0.0,0.0
2019-10-10,9.19,9.27,9.19,9.23,1320000,0.0,0.0
2019-10-11,9.09,9.13,9.09,9.13,556500,0.0,0.0
2019-10-14,9.13,9.22,9.12,9.12,1120500,0.0,0.0
2019-10-15,9.14,9.18,9.13,9.14,2019000,0.0,0.0
2019-10-16,9.13,9.14,9.06,9.07,1571500,0.0,0.0
2019-10-17,8.91,8.91,8.83,8.85,3930500,0.0,0.0
2019-10-18,8.83,8.83,8.75,8.78,897500,0.0,0.0
2019-10-21,8.78,8.79,8.71,8.71,2322000,0.0,0.0
2019-10-22,8.72,8.77,8.71,8.74,628500,0.0,0.0
2019-10-23,8.71,8.72,8.67,8.72,1208000,0.0,0.0
2019-10-24,8.59,8.67,8.57,8.61,1401000,0.0,0.0
2019-10-25,8.35,8.36,8.31,8.35,1193000,0.0,0.0
2019-10-28,8.43,8.43,8.4,8.4,1106500,0.0,0.0
2019-10-29,8.5,8.6,8.48,8.49,2839500,0.0,0.0
2019-10-30,8.71,8.76,8.67,8.7,3318500,0.0,0.0
2019-10-31,9.14,9.23,8.99,9.19,4728000,0.0,0.0
2019-11-01,9.53,9.86,9.53,9.8,11836500,0.0,0.0
2019-11-04,9.81,9.85,9.76,9.76,8913500,0.0,0.0
2019-11-05,9.72,9.78,9.7,9.75,7630000,0.0,0.0
2019-11-06,9.6,9.6,9.51,9.52,2516000,0.0,0.0
2019-11-07,9.53,9.56,9.51,9.51,487000,0.0,0.0
2019-11-08,9.55,9.55,9.45,9.47,316000,0.0,0.0
2019-11-11,9.45,9.5,9.45,9.5,394500,0.0,0.0
2019-11-12,9.54,9.6,9.54,9.56,357000,0.0,0.0
2019-11-13,9.51,9.56,9.5,9.51,499500,0.0,0.0
2019-11-14,9.47,9.51,9.47,9.5,394000,0.0,0.0
2019-11-15,9.42,9.44,9.36,9.37,1608000,0.0,0.0
2019-11-18,9.52,9.57,9.48,9.49,955000,0.0,0.0
2019-11-19,9.59,9.66,9.59,9.63,1546000,0.0,0.0
2019-11-20,9.69,9.79,9.69,9.78,8837000,0.0,0.0
2019-11-21,9.72,9.74,9.56,9.61,6468500,0.0,0.0
2019-11-22,9.37,9.48,9.37,9.48,1432000,0.0,0.0
2019-11-25,9.55,9.65,9.55,9.65,1580000,0.0,0.0
2019-11-26,9.63,9.64,9.61,9.63,776000,0.0,0.0
2019-11-27,9.6,9.64,9.6,9.64,519500,0.0,0.0
2019-11-29,9.58,9.58,9.53,9.56,141500,0.0,0.0
2019-12-02,9.75,10.03,9.75,9.88,1959500,0.0,0.0
2019-12-03,9.98,10.08,9.98,10.06,1672500,0.0,0.0
2019-12-04,10.0,10.08,10.0,10.02,1147000,0.0,0.0
2019-12-05,9.93,9.99,9.87,9.87,1706000,0.0,0.0
2019-12-06,9.94,9.99,9.91,9.98,437500,0.0,0.0
2019-12-09,10.21,10.25,10.2,10.22,641000,0.0,0.0
2019-12-10,10.5,10.52,10.43,10.46,2503000,0.0,0.0
2019-12-11,10.41,10.41,10.34,10.38,1683000,0.0,0.0
2019-12-12,10.15,10.28,10.15,10.25,1183000,0.0,0.0
2019-12-13,10.12,10.12,10.04,10.06,1054500,0.0,0.0
2019-12-16,10.22,10.35,10.22,10.33,2936500,0.0,0.0
2019-12-17,10.31,10.31,10.23,10.26,2804500,0.0,0.0
2019-12-18,10.07,10.07,9.99,10.06,605500,0.0,0.0
2019-12-19,9.92,9.92,9.81,9.81,1412500,0.0,0.0
2019-12-20,9.72,9.78,9.71,9.77,1319500,0.0,0.0
2019-12-23,9.78,9.81,9.76,9.8,601000,0.0,0.0
2019-12-24,9.76,9.81,9.76,9.79,318500,0.0,0.0
2019-12-26,9.77,9.86,9.77,9.86,548500,0.0,0.0
2019-12-27,9.86,9.9,9.86,9.88,1170500,0.0,0.0
2019-12-30,9.86,9.92,9.82,9.82,1170500,0.0,0.0
2019-12-31,9.85,9.86,9.83,9.86,547500,0.0,0.0
2020-01-02,10.01,10.04,9.96,10.01,1180500,0.0,0.0
2020-01-03,9.82,9.97,9.82,9.92,506000,0.0,0.0
2020-01-06,9.76,9.81,9.7,9.79,1162500,0.0,0.0
2020-01-07,9.76,9.78,9.69,9.71,1096500,0.0,0.0
2020-01-08,9.7,9.83,9.66,9.8,2783000,0.0,0.0
2020-01-09,9.82,9.82,9.76,9.78,2596500,0.0,0.0
2020-01-10,9.79,9.79,9.73,9.77,1036000,0.0,0.0
2020-01-13,9.7,9.8,9.7,9.8,639000,0.0,0.0
2020-01-14,9.66,9.71,9.66,9.71,594000,0.0,0.0
2020-01-15,9.69,9.71,9.67,9.68,436000,0.0,0.0
2020-01-16,9.68,9.68,9.63,9.65,1199500,0.0,0.0
2020-01-17,9.64,9.64,9.59,9.61,1492500,0.0,0.0
2020-01-21,9.68,9.73,9.65,9.67,958500,0.0,0.0
2020-01-22,9.73,9.73,9.68,9.69,490000,0.0,0.0
2020-01-23,9.73,9.83,9.73,9.83,526000,0.0,0.0
2020-01-24,9.8,9.87,9.79,9.82,945000,0.0,0.0
2020-01-27,9.5,9.56,9.5,9.52,1284000,0.0,0.0
2020-01-28,9.53,9.68,9.53,9.67,928500,0.0,0.0
2020-01-29,9.66,9.67,9.62,9.64,752000,0.0,0.0
2020-01-30,9.61,9.64,9.25,9.35,2372500,0.0,0.0
2020-01-31,9.22,9.22,9.04,9.07,4826000,0.0,0.0
2020-02-03,9.11,9.11,9.05,9.05,2226000,0.0,0.0
2020-02-04,9.11,9.17,9.09,9.17,2166000,0.0,0.0
2020-02-05,9.11,9.16,9.11,9.16,2425000,0.0,0.0
2020-02-06,9.14,9.18,9.14,9.15,1834000,0.0,0.0
2020-02-07,9.06,9.16,9.06,9.09,2522000,0.0,0.0
2020-02-10,9.09,9.16,9.09,9.16,3653500,0.0,0.0
2020-02-11,9.15,9.25,9.15,9.24,902500,0.0,0.0
2020-02-12,9.11,9.16,9.11,9.16,1258000,0.0,0.0
2020-02-13,9.04,9.09,8.98,9.03,878000,0.0,0.0
2020-02-14,8.92,8.96,8.91,8.93,2728500,0.0,0.0
2020-02-18,8.88,8.93,8.87,8.89,1911000,0.0,0.0
2020-02-19,8.95,9.01,8.95,8.98,1989000,0.0,0.0
2020-02-20,8.79,8.93,8.79,8.85,874500,0.0,0.0
2020-02-21,8.72,8.84,8.72,8.76,835000,0.0,0.0
2020-02-24,8.5,8.62,8.5,8.53,1217500,0.0,0.0
2020-02-25,8.65,8.71,8.55,8.57,2358000,0.0,0.0
2020-02-26,8.61,8.74,8.61,8.66,1204500,0.0,0.0
2020-02-27,8.51,8.53,8.39,8.4,1702500,0.0,0.0
2020-02-28,8.05,8.3,8.05,8.29,3888000,0.0,0.0
2020-03-02,8.3,8.54,8.3,8.54,2259500,0.0,0.0
2020-03-03,8.42,8.52,8.33,8.4,1036500,0.0,0.0
2020-03-04,8.52,8.65,8.52,8.65,1197500,0.0,0.0
2020-03-05,8.52,8.68,8.52,8.64,2066500,0.0,0.0
2020-03-06,8.5,8.67,8.5,8.67,968500,0.0,0.0
2020-03-09,8.33,8.5,8.22,8.37,2255500,0.0,0.0
2020-03-10,8.51,8.61,8.36,8.59,2001500,0.0,0.0
2020-03-11,8.35,8.39,8.14,8.2,1200500,0.0,0.0
2020-03-12,7.8,7.87,7.44,7.69,4167500,0.0,0.0
2020-03-13,7.79,7.94,7.58,7.84,1869500,0.0,0.0
2020-03-16,7.45,7.68,7.07,7.5,2145000,0.0,0.0
2020-03-17,7.89,8.13,7.8,8.1,2632000,0.0,0.0
2020-03-18,7.9,8.18,7.9,8.04,1833000,0.0,0.0
2020-03-19,8.4,8.89,8.33,8.66,1835500,0.0,0.0
2020-03-20,8.72,8.92,8.55,8.59,1443500,0.0,0.0
2020-03-23,8.44,8.65,8.44,8.49,1488500,0.0,0.0
2020-03-24,9.07,9.07,8.47,8.82,2518000,0.0,0.0
2020-03-25,8.81,8.81,8.35,8.65,2179000,0.0,0.0
2020-03-26,8.82,9.07,8.82,9.06,6165500,0.0,0.0
2020-03-27,8.68,9.19,8.68,9.02,2746000,0.0,0.0
2020-03-30,9.43,9.55,9.05,9.51,3060500,0.0,0.0
2020-03-31,9.37,9.63,9.37,9.54,2230000,0.0,0.0
2020-04-01,9.41,9.69,9.4,9.57,3479500,0.0,0.0
2020-04-02,9.55,9.65,9.42,9.58,1677500,0.0,0.0
2020-04-03,9.59,9.59,9.45,9.49,1886500,0.0,0.0
2020-04-06,9.7,9.91,9.7,9.89,2363000,0.0,0.0
2020-04-07,10.02,10.09,9.88,9.89,2669500,0.0,0.0
2020-04-08,9.89,10.0,9.77,9.98,2581000,0.0,0.0
2020-04-09,9.95,10.07,9.89,9.97,2780000,0.0,0.0
2020-04-13,10.0,10.29,10.0,10.23,1892500,0.0,0.0
2020-04-14,10.43,10.59,10.39,10.47,3006000,0.0,0.0
2020-04-15,10.62,10.7,10.53,10.68,2777000,0.0,0.0
2020-04-16,10.69,10.88,10.69,10.88,2189000,0.0,0.0
2020-04-17,10.51,10.82,10.51,10.59,2946000,0.0,0.0
2020-04-20,10.44,10.57,10.44,10.45,1358500,0.0,0.0
2020-04-21,10.43,11.04,10.36,10.89,6653500,0.0,0.0
2020-04-22,10.83,10.91,10.79,10.83,2739500,0.0,0.0
2020-04-23,10.71,10.78,10.69,10.7,2424500,0.0,0.0
2020-04-24,10.74,10.84,10.73,10.83,2137500,0.0,0.0
2020-04-27,10.84,10.84,10.76,10.79,1595000,0.0,0.0
2020-04-28,10.74,10.8,10.61,10.63,1530000,0.0,0.0
2020-04-29,10.69,10.84,10.69,10.71,1915500,0.0,0.0
2020-04-30,10.31,10.31,10.08,10.16,2328500,0.0,0.0
2020-05-01,10.24,10.39,10.24,10.34,1362000,0.0,0.0
2020-05-04,10.2,10.33,10.11,10.32,728500,0.0,0.0
2020-05-05,10.49,10.49,10.35,10.42,713000,0.0,0.0
2020-05-06,10.45,10.58,10.4,10.5,2646000,0.0,0.0
2020-05-07,10.71,10.83,10.62,10.73,2396500,0.0,0.0
2020-05-08,10.17,10.27,10.14,10.23,4781000,0.0,0.0
2020-05-11,10.11,10.12,10.01,10.11,1207000,0.0,0.0
2020-05-12,10.4,10.41,10.23,10.24,1220000,0.0,0.0
2020-05-13,10.37,10.41,10.22,10.29,1931000,0.0,0.0
2020-05-14,10.24,10.33,10.19,10.32,1094500,0.0,0.0
2020-05-15,10.32,10.37,10.29,10.35,651500,0.0,0.0
2020-05-18,10.29,10.4,10.28,10.39,1196000,0.0,0.0
2020-05-19,10.09,10.14,10.04,10.09,1861500,0.0,0.0
2020-05-20,10.14,10.27,10.14,10.2,1361500,0.0,0.0
2020-05-21,10.24,10.35,10.23,10.27,1104500,0.0,0.0
2020-05-22,10.27,10.32,10.26,10.3,1383000,0.0,0.0
2020-05-26,10.23,10.23,10.13,10.14,1339000,0.0,0.0
2020-05-27,10.17,10.17,10.0,10.13,1542500,0.0,0.0
2020-05-28,10.03,10.23,10.02,10.11,1967500,0.0,0.0
2020-05-29,9.97,10.12,9.97,10.04,2201500,0.0,0.0
2020-06-01,10.13,10.24,10.13,10.23,1049500,0.0,0.0
2020-06-02,10.09,10.13,9.96,10.0,5859000,0.0,0.0
2020-06-03,10.14,10.19,10.06,10.16,2258000,0.0,0.0
2020-06-04,10.25,10.33,10.23,10.29,1999000,0.0,0.0
2020-06-05,10.43,10.48,10.34,10.41,1947000,0.0,0.0
2020-06-08,10.16,10.24,10.07,10.22,2117500,0.0,0.0
2020-06-09,10.27,10.34,10.24,10.34,1021500,0.0,0.0
2020-06-10,10.46,10.46,10.36,10.42,1141500,0.0,0.0
2020-06-11,10.76,10.8,10.59,10.64,2150500,0.0,0.0
2020-06-12,10.94,11.0,10.88,10.94,1176500,0.0,0.0
2020-06-15,10.87,10.92,10.78,10.86,1309000,0.0,0.0
2020-06-16,10.96,11.0,10.89,11.0,1328000,0.0,0.0
2020-06-17,11.19,11.44,11.19,11.34,1711000,0.0,0.0
2020-06-18,11.53,11.64,11.53,11.56,1470500,0.0,0.0
2020-06-19,11.62,11.64,11.49,11.57,1883000,0.0,0.0
2020-06-22,11.63,11.63,11.52,11.55,1549500,0.0,0.0
2020-06-23,11.4,11.43,11.21,11.22,3955500,0.0,0.0
2020-06-24,11.32,11.39,11.09,11.15,7525000,0.0,0.0
2020-06-25,11.08,11.21,10.88,11.05,5928000,0.0,0.0
2020-06-26,11.22,11.22,11.06,11.1,1372000,0.0,0.0
2020-06-29,11.14,11.14,11.0,11.06,730000,0.0,0.0
2020-06-30,10.91,11.06,10.91,11.04,541500,0.0,0.0
2020-07-01,10.98,11.08,10.91,11.06,682000,0.0,0.0
2020-07-02,11.13,11.2,11.11,11.13,724000,0.0,0.0
2020-07-06,11.47,11.61,11.47,11.61,1831000,0.0,0.0
2020-07-07,11.77,11.85,11.72,11.78,1149000,0.0,0.0
2020-07-08,11.38,11.52,11.38,11.52,982000,0.0,0.0
2020-07-09,11.35,11.47,11.35,11.44,840000,0.0,0.0
2020-07-10,11.41,11.41,11.26,11.32,868000,0.0,0.0
2020-07-13,11.18,11.32,11.18,11.2,957000,0.0,0.0
2020-07-14,11.08,11.14,11.03,11.14,1590000,0.0,0.0
2020-07-15,11.36,11.36,11.19,11.22,741000,0.0,0.0
2020-07-16,11.05,11.11,11.0,11.05,632500,0.0,0.0
2020-07-17,11.0,11.03,10.97,11.03,650000,0.0,0.0
2020-07-20,10.96,10.96,10.81,10.92,1327500,0.0,0.0
2020-07-21,11.01,11.04,10.95,10.96,748500,0.0,0.0
2020-07-22,10.92,11.02,10.91,10.91,691500,0.0,0.0
2020-07-23,10.97,10.97,10.86,10.86,578000,0.0,0.0
2020-07-24,10.92,10.93,10.86,10.91,922000,0.0,0.0
2020-07-27,10.97,11.24,10.97,11.18,511000,0.0,0.0
2020-07-28,10.96,11.18,10.96,11.07,822500,0.0,0.0
2020-07-29,11.07,11.24,11.07,11.23,1025500,0.0,0.0
2020-07-30,11.11,11.17,11.0,11.13,648500,0.0,0.0
2020-07-31,10.94,10.94,10.82,10.87,742500,0.0,0.0
2020-08-03,10.96,11.07,10.86,11.05,1445000,0.0,0.0
2020-08-04,11.04,11.31,11.04,11.27,3666000,0.0,0.0
2020-08-05,11.51,11.61,11.5,11.6,3224000,0.0,0.0
2020-08-06,12.23,12.29,11.75,12.11,5422000,0.0,0.0
2020-08-07,11.77,11.79,11.67,11.68,2004500,0.0,0.0
2020-08-10,11.89,11.89,11.67,11.7,1783000,0.0,0.0
2020-08-11,11.71,11.71,11.53,11.54,1691000,0.0,0.0
2020-08-12,11.75,11.87,11.66,11.86,2239000,0.0,0.0
2020-08-13,11.66,11.95,11.66,11.84,751000,0.0,0.0
2020-08-14,11.65,11.94,11.65,11.84,527000,0.0,0.0
2020-08-17,11.87,12.06,11.87,12.03,1221500,0.0,0.0
2020-08-18,12.38,12.47,12.38,12.45,2450000,0.0,0.0
2020-08-19,12.48,12.57,12.42,12.48,2066500,0.0,0.0
2020-08-20,12.44,12.54,12.43,12.46,3953000,0.0,0.0
2020-08-21,12.63,12.79,12.63,12.7,4592500,0.0,0.0
2020-08-24,13.35,13.48,13.35,13.45,3133500,0.0,0.0
2020-08-25,13.07,13.13,12.98,13.11,8956500,0.0,0.0
2020-08-26,13.29,13.57,13.29,13.56,5314000,0.0,0.0
2020-08-27,13.39,13.5,13.25,13.34,4732500,0.0,0.0
2020-08-28,13.25,13.3,13.2,13.28,3985000,0.0,0.0
2020-08-31,13.28,13.33,13.22,13.31,3435000,0.0,0.0
2020-09-01,13.67,14.07,13.4,13.92,12259500,0.0,0.0
2020-09-02,13.92,13.94,13.73,13.84,12019500,0.0,0.0
2020-09-03,14.05,14.08,13.68,13.85,19199500,0.0,0.0
2020-09-04,13.85,14.0,13.74,13.96,3591000,0.0,0.0
2020-09-08,13.13,13.3,13.04,13.19,3520000,0.0,0.0
2020-09-09,13.56,13.78,13.06,13.75,5317000,0.0,0.0
2020-09-10,13.76,13.8,13.61,13.61,2032000,0.0,0.0
2020-09-11,13.8,13.83,13.69,13.82,998000,0.0,0.0
2020-09-14,13.86,13.91,13.82,13.89,2050000,0.0,0.0
2020-09-15,14.01,14.12,14.0,14.1,2821500,0.0,0.0
2020-09-16,14.05,14.18,14.05,14.11,2782000,0.0,0.0
2020-09-17,13.96,13.96,13.85,13.93,1083500,0.0,0.0
2020-09-18,14.37,14.38,14.03,14.23,2717000,0.0,0.0
2020-09-21,14.08,14.11,13.89,14.09,967000,0.0,0.0
2020-09-22,14.22,14.22,14.03,14.12,660000,0.0,0.0
2020-09-23,14.14,14.2,13.95,14.02,1632500,0.0,0.0
2020-09-24,13.83,13.9,13.77,13.87,1941500,0.0,0.0
2020-09-25,13.8,13.9,13.69,13.89,956000,0.0,0.0
2020-09-28,13.98,14.06,13.93,13.94,901000,0.0,0.0
2020-09-29,14.13,14.22,14.13,14.15,827500,0.0,0.0
2020-09-30,13.95,14.02,13.94,14.0,1295000,0.0,0.0
2020-10-01,14.05,14.1,13.99,14.08,639000,0.0,0.0
2020-10-02,13.71,13.76,13.57,13.72,2979000,0.0,0.0
2020-10-05,13.24,13.76,13.24,13.39,2339000,0.0,0.0
2020-10-06,13.45,13.59,13.35,13.37,1577500,0.0,0.0
2020-10-07,13.49,13.56,13.48,13.54,1206000,0.0,0.0
2020-10-08,13.58,13.71,13.58,13.6,1112000,0.0,0.0
2020-10-09,13.58,13.6,13.55,13.58,823000,0.0,0.0
2020-10-12,13.98,13.98,13.69,13.88,1083000,0.0,0.0
2020-10-13,14.0,14.0,13.79,13.91,1290000,0.0,0.0
2020-10-14,13.75,14.02,13.75,13.88,1849000,0.0,0.0
2020-10-15,13.63,13.71,13.6,13.66,1449000,0.0,0.0
2020-10-16,13.59,13.67,13.57,13.6,1217000,0.0,0.0
2020-10-19,13.6,13.72,13.57,13.57,957500,0.0,0.0
2020-10-20,13.51,13.51,13.33,13.42,1490500,0.0,0.0
2020-10-21,13.25,13.36,13.23,13.25,1000500,0.0,0.0
2020-10-22,13.29,13.29,13.18,13.23,1106500,0.0,0.0
2020-10-23,12.97,13.04,12.92,12.96,1232000,0.0,0.0
2020-10-26,12.94,12.98,12.84,12.93,1233000,0.0,0.0
2020-10-27,13.64,13.64,13.43,13.5,1828500,0.0,0.0
2020-10-28,13.44,13.54,13.35,13.44,1809500,0.0,0.0
2020-10-29,13.72,13.77,13.5,13.73,1216500,0.0,0.0
2020-10-30,13.65,13.65,13.37,13.38,1607500,0.0,0.0
2020-11-02,13.51,13.76,13.51,13.57,1256500,0.0,0.0
2020-11-03,13.43,13.84,13.43,13.83,1376500,0.0,0.0
2020-11-04,13.64,13.68,13.43,13.53,2342000,0.0,0.0
2020-11-05,14.17,14.57,14.12,14.36,5318500,0.0,0.0
2020-11-06,13.88,13.99,13.82,13.96,4480000,0.0,0.0
2020-11-09,13.33,13.33,12.74,13.09,9566000,0.0,0.0
2020-11-10,12.76,12.82,12.6,12.72,7802000,0.0,0.0
2020-11-11,12.26,12.54,12.17,12.5,5100000,0.0,0.0
2020-11-12,12.68,12.82,12.46,12.71,3596000,0.0,0.0
2020-11-13,12.98,13.0,12.73,12.94,2448500,0.0,0.0
2020-11-16,12.64,12.68,12.54,12.63,4822500,0.0,0.0
2020-11-17,12.44,12.7,12.38,12.67,7738000,0.0,0.0
2020-11-18,12.72,12.76,12.64,12.73,3869500,0.0,0.0
2020-11-19,13.07,13.25,12.84,13.2,7824000,0.0,0.0
2020-11-20,13.21,13.21,12.99,13.1,2686500,0.0,0.0
2020-11-23,13.23,13.25,13.02,13.1,3810500,0.0,0.0
2020-11-24,13.09,13.09,12.96,13.0,2838000,0.0,0.0
2020-11-25,13.13,13.23,13.03,13.15,4233500,0.0,0.0
2020-11-27,13.75,13.92,13.75,13.83,1880000,0.0,0.0
2020-11-30,14.35,14.35,13.97,14.01,3502500,0.0,0.0
2020-12-01,13.55,13.65,13.51,13.6,2735000,0.0,0.0
2020-12-02,13.58,13.58,13.37,13.51,1205500,0.0,0.0
2020-12-03,13.38,13.43,13.25,13.4,1832000,0.0,0.0
2020-12-04,13.5,13.56,13.42,13.51,1725500,0.0,0.0
2020-12-07,13.87,13.87,13.46,13.67,1200500,0.0,0.0
2020-12-08,13.86,13.96,13.83,13.96,1681500,0.0,0.0
2020-12-09,14.18,14.18,13.76,13.85,1371000,0.0,0.0
2020-12-10,13.85,14.1,13.74,14.05,2194000,0.0,0.0
2020-12-11,14.36,14.4,14.21,14.38,1705000,0.0,0.0
2020-12-14,14.95,14.98,14.83,14.86,2588500,0.0,0.0
2020-12-15,14.93,14.93,14.63,14.66,1788500,0.0,0.0
2020-12-16,15.03,15.21,15.0,15.14,1450500,0.0,0.0
2020-12-17,16.11,16.3,16.11,16.23,3686000,0.0,0.0
2020-12-18,16.08,16.08,15.92,15.97,1436500,0.0,0.0
2020-12-21,15.27,15.63,15.23,15.59,2289500,0.0,0.0
2020-12-22,15.35,15.48,15.31,15.34,2147000,0.0,0.0
2020-12-23,15.31,15.48,15.21,15.43,1051500,0.0,0.0
2020-12-24,15.44,15.56,15.33,15.52,824500,0.0,0.0
2020-12-28,15.7,15.95,15.7,15.85,3834500,0.0,0.0
2020-12-29,15.78,15.78,15.57,15.73,2110000,0.0,0.0
2020-12-30,15.8,16.27,15.78,15.94,1695500,0.0,0.0
2020-12-31,16.01,16.01,15.86,15.9,976000,0.0,0.0
2021-01-04,15.76,15.8,15.46,15.54,3369000,0.0,0.0
2021-01-05,15.71,15.97,15.71,15.97,1448500,0.0,0.0
2021-01-06,15.67,15.67,15.43,15.54,1900000,0.0,0.0
2021-01-07,15.61,15.64,15.41,15.61,2363000,0.0,0.0
2021-01-08,15.71,15.89,15.61,15.81,2465000,0.0,0.0
2021-01-11,15.52,15.78,15.52,15.66,1436000,0.0,0.0
2021-01-12,15.9,15.9,15.72,15.86,1507500,0.0,0.0
2021-01-13,15.79,15.79,15.6,15.64,1996500,0.0,0.0
2021-01-14,15.65,15.72,15.6,15.64,1413500,0.0,0.0
2021-01-15,15.7,15.7,15.51,15.55,1855500,0.0,0.0
2021-01-19,15.76,15.76,15.55,15.69,1659000,0.0,0.0
2021-01-20,15.6,15.6,15.42,15.58,1774000,0.0,0.0
2021-01-21,14.97,15.05,14.97,15.05,3631000,0.0,0.0
2021-01-22,15.17,15.31,15.08,15.31,2515500,0.0,0.0
2021-01-25,15.06,15.06,14.92,15.01,5881500,0.0,0.0
2021-01-26,14.85,14.91,14.83,14.87,3349000,0.0,0.0
2021-01-27,14.94,14.98,14.62,14.67,2362500,0.0,0.0
2021-01-28,14.62,14.84,14.57,14.79,1819000,0.0,0.0
2021-01-29,14.66,14.66,14.22,14.27,2473500,0.0,0.0
2021-02-01,15.02,15.44,14.96,15.29,3334500,0.0,0.0
2021-02-02,14.76,14.9,14.67,14.9,8896000,0.0,0.0
2021-02-03,14.8,14.8,14.62,14.62,3886000,0.0,0.0
2021-02-04,14.5,14.52,14.36,14.44,2256000,0.0,0.0
2021-02-05,14.79,14.96,14.79,14.85,1539000,0.0,0.0
2021-02-08,15.01,15.01,14.91,14.91,1826500,0.0,0.0
2021-02-09,14.76,14.76,14.59,14.65,3118000,0.0,0.0
2021-02-10,15.21,15.25,15.02,15.19,2717000,0.0,0.0
2021-02-11,15.23,15.4,15.19,15.27,1646500,0.0,0.0
2021-02-12,15.57,15.74,15.57,15.72,2005500,0.0,0.0
2021-02-16,16.08,16.2,15.8,16.12,3033500,0.0,0.0
2021-02-17,16.09,16.11,15.81,16.05,3536500,0.0,0.0
2021-02-18,16.02,16.04,15.79,15.99,1796500,0.0,0.0
2021-02-19,16.06,16.1,16.0,16.07,1637500,0.0,0.0
2021-02-22,15.91,15.97,15.66,15.7,1550000,0.0,0.0
2021-02-23,15.52,15.7,14.81,15.69,2596500,0.0,0.0
2021-02-24,15.37,15.65,15.37,15.59,1986500,0.0,0.0
2021-02-25,15.75,15.93,15.52,15.57,3932500,0.0,0.0
2021-02-26,15.02,15.39,15.02,15.23,3032000,0.0,0.0
2021-03-01,15.18,15.29,15.16,15.29,2973000,0.0,0.0
2021-03-02,14.99,15.06,14.87,14.89,2972000,0.0,0.0
2021-03-03,14.56,14.62,14.34,14.4,3116500,0.0,0.0
2021-03-04,14.06,14.11,13.69,13.85,3852000,0.0,0.0
2021-03-05,14.32,14.32,13.83,14.19,3909000,0.0,0.0
2021-03-08,13.64,13.71,13.46,13.55,5579500,0.0,0.0
2021-03-09,13.55,13.73,13.47,13.65,3492000,0.0,0.0
2021-03-10,13.63,13.82,13.52,13.53,3653000,0.0,0.0
2021-03-11,13.64,13.96,13.63,13.71,3866000,0.0,0.0
2021-03-12,13.68,13.71,13.59,13.67,2004000,0.0,0.0
2021-03-15,13.96,14.07,13.92,14.06,2547000,0.0,0.0
2021-03-16,14.49,14.6,14.42,14.47,3274000,0.0,0.0
2021-03-17,14.22,14.52,14.11,14.44,2190500,0.0,0.0
2021-03-18,14.26,14.29,14.07,14.12,1827000,0.0,0.0
2021-03-19,14.06,14.24,13.99,14.24,2694500,0.0,0.0
2021-03-22,14.51,14.54,14.23,14.43,1539000,0.0,0.0
2021-03-23,14.67,14.67,14.51,14.56,2207000,0.0,0.0
2021-03-24,14.39,14.49,14.22,14.22,2527000,0.0,0.0
2021-03-25,14.14,14.14,13.94,14.05,2678000,0.0,0.0
2021-03-26,14.49,14.52,14.24,14.44,1737000,0.0,0.0
2021-03-29,14.42,14.44,14.16,14.38,1712000,0.0,0.0
2021-03-30,14.12,14.36,14.1,14.3,1211500,0.0,0.0
2021-03-31,13.96,14.05,13.83,13.98,2850000,0.0,0.0
2021-04-01,14.03,14.28,14.03,14.19,1889000,0.0,0.0
2021-04-05,14.29,14.29,14.05,14.26,1039500,0.0,0.0
2021-04-06,14.43,14.43,14.26,14.39,1469000,0.0,0.0
2021-04-07,14.35,14.42,14.3,14.36,2093000,0.0,0.0
2021-04-08,14.54,14.8,14.54,14.67,755500,0.0,0.0
2021-04-09,14.52,14.68,14.48,14.62,887000,0.0,0.0
2021-04-12,14.32,14.65,14.32,14.64,889000,0.0,0.0
2021-04-13,14.81,15.01,14.67,14.99,1827000,0.0,0.0
2021-04-14,14.87,15.01,14.8,14.83,1107000,0.0,0.0
2021-04-15,14.7,14.86,14.7,14.8,1183500,0.0,0.0
2021-04-16,14.76,14.86,14.64,14.78,1496500,0.0,0.0
2021-04-19,14.47,14.71,14.28,14.42,1951000,0.0,0.0
2021-04-20,14.52,14.52,14.25,14.3,2321500,0.0,0.0
2021-04-21,14.27,14.45,14.26,14.43,989500,0.0,0.0
2021-04-22,14.28,14.37,14.13,14.26,1362000,0.0,0.0
2021-04-23,14.5,14.5,14.26,14.31,2999000,0.0,0.0
2021-04-26,13.95,14.11,13.94,14.04,6111500,0.0,0.0
2021-04-27,13.83,14.03,13.83,13.85,1470500,0.0,0.0
2021-04-28,14.0,14.24,14.0,14.1,942000,0.0,0.0
2021-04-29,14.45,14.45,13.86,14.04,975500,0.0,0.0
2021-04-30,13.97,14.21,13.97,14.2,1515500,0.0,0.0
2021-05-03,14.28,14.41,14.22,14.32,2146000,0.0,0.0
2021-05-04,14.22,14.31,13.97,14.03,2072500,0.0,0.0
2021-05-05,14.12,14.29,14.12,14.28,2181500,0.0,0.0
2021-05-06,13.45,13.88,13.45,13.83,3800000,0.0,0.0
2021-05-07,13.7,13.92,13.58,13.63,6181000,0.0,0.0
2021-05-10,14.03,14.17,13.91,13.95,5612500,0.0,0.0
2021-05-11,14.06,14.17,13.96,14.13,5854500,0.0,0.0
2021-05-12,13.93,13.94,13.71,13.73,1683000,0.0,0.0
2021-05-13,13.69,13.71,13.4,13.55,7994500,0.0,0.0
2021-05-14,13.83,14.07,13.83,13.93,1918500,0.0,0.0
2021-05-17,14.03,14.2,14.0,14.09,1740500,0.0,0.0
2021-05-18,14.0,14.09,13.89,13.9,3242500,0.0,0.0
2021-05-19,13.96,14.18,13.96,14.18,1964500,0.0,0.0
2021-05-20,14.08,14.31,14.08,14.21,5358000,0.0,0.0
2021-05-21,14.59,14.63,14.4,14.49,2528000,0.0,0.0
2021-05-24,14.73,14.85,14.7,14.83,2657500,0.0,0.0
2021-05-25,15.11,15.15,15.02,15.1,1570500,0.0,0.0
2021-05-26,15.4,15.4,15.21,15.28,1087500,0.0,0.0
2021-05-27,15.1,15.16,15.07,15.14,1328500,0.0,0.0
2021-05-28,15.19,15.33,15.19,15.27,1156000,0.0,0.0
2021-06-01,14.99,15.21,14.85,15.01,1492000,0.0,0.0
2021-06-02,15.11,15.19,15.01,15.06,1171000,0.0,0.0
2021-06-03,15.07,15.26,15.02,15.07,1557000,0.0,0.0
2021-06-04,15.27,15.42,15.11,15.36,784000,0.0,0.0
2021-06-07,15.41,15.58,15.41,15.53,863000,0.0,0.0
2021-06-08,15.58,15.58,15.34,15.41,1547000,0.0,0.0
2021-06-09,15.1,15.36,15.1,15.15,912000,0.0,0.0
2021-06-10,15.06,15.24,15.06,15.22,1015500,0.0,0.0
2021-06-11,15.16,15.22,15.11,15.22,1077500,0.0,0.0
2021-06-14,14.76,14.76,14.62,14.67,1448000,0.0,0.0
2021-06-15,14.57,14.62,14.45,14.46,1639500,0.0,0.0
2021-06-16,14.27,14.27,13.95,14.1,1597000,0.0,0.0
2021-06-17,14.38,14.66,14.31,14.53,2400500,0.0,0.0
2021-06-18,14.65,14.65,14.51,14.53,1398000,0.0,0.0
2021-06-21,14.5,14.67,14.48,14.67,1276500,0.0,0.0
2021-06-22,14.42,14.59,14.42,14.56,1059500,0.0,0.0
2021-06-23,14.22,14.36,14.22,14.22,1012500,0.0,0.0
2021-06-24,14.23,14.49,14.23,14.38,1052500,0.0,0.0
2021-06-25,14.27,14.37,14.22,14.3,1278000,0.0,0.0
2021-06-28,14.38,14.6,14.36,14.53,1796000,0.0,0.0
2021-06-29,14.34,14.49,14.32,14.44,2051000,0.0,0.0
2021-06-30,14.32,14.43,14.28,14.33,1016500,0.0,0.0
2021-07-01,14.27,14.39,14.23,14.3,813000,0.0,0.0
2021-07-02,14.51,14.53,14.4,14.51,704500,0.0,0.0
2021-07-06,14.86,14.92,14.82,14.87,1499500,0.0,0.0
2021-07-07,14.85,14.9,14.77,14.78,2171500,0.0,0.0
2021-07-08,14.34,14.39,13.83,14.07,1136000,0.0,0.0
2021-07-09,14.11,14.36,14.11,14.36,1133500,0.0,0.0
2021-07-12,14.17,14.32,14.17,14.24,794500,0.0,0.0
2021-07-13,14.12,14.2,14.04,14.1,919500,0.0,0.0
2021-07-14,14.36,14.36,14.11,14.24,1075000,0.0,0.0
2021-07-15,14.24,14.25,14.0,14.05,3065500,0.0,0.0
2021-07-16,13.92,14.05,13.92,13.93,1159000,0.0,0.0
2021-07-19,13.7,13.82,13.55,13.63,5535500,0.0,0.0
2021-07-20,13.58,13.58,13.45,13.54,13523000,0.0,0.0
2021-07-21,13.47,13.57,13.34,13.57,4378000,0.0,0.0
2021-07-22,13.67,13.67,13.49,13.51,2455000,0.0,0.0
2021-07-23,13.52,13.63,13.49,13.56,3072000,0.0,0.0
2021-07-26,13.43,13.5,13.36,13.43,2867500,0.0,0.0
2021-07-27,13.47,13.61,13.29,13.41,2050500,0.0,0.0
2021-07-28,13.28,13.4,13.24,13.4,2081000,0.0,0.0
2021-07-29,13.28,13.28,13.14,13.15,2437500,0.0,0.0
2021-07-30,12.74,12.76,12.64,12.69,2511500,0.0,0.0
2021-08-02,12.86,12.93,12.82,12.86,1820000,0.0,0.0
2021-08-03,12.73,12.89,12.73,12.81,1878500,0.0,0.0
2021-08-04,12.69,12.72,12.45,12.6,1872000,0.0,0.0
2021-08-05,12.56,12.57,12.18,12.38,3837500,0.0,0.0
2021-08-06,11.79,11.87,11.67,11.68,6412500,0.0,0.0
2021-08-09,11.76,11.76,11.64,11.68,2437000,0.0,0.0
2021-08-10,11.36,11.36,11.2,11.23,5256000,0.0,0.0
2021-08-11,11.67,11.81,11.64,11.69,3232500,0.0,0.0
2021-08-12,11.63,11.75,11.56,11.65,3637000,0.0,0.0
2021-08-13,11.67,11.82,11.67,11.74,2257500,0.0,0.0
2021-08-16,11.7,11.73,11.62,11.72,4859500,0.0,0.0
2021-08-17,11.76,11.76,11.61,11.69,2785500,0.0,0.0
2021-08-18,11.88,11.88,11.66,11.66,2255500,0.0,0.0
2021-08-19,11.42,11.7,11.42,11.66,1858500,0.0,0.0
2021-08-20,11.87,11.93,11.79,11.93,2760500,0.0,0.0
2021-08-23,11.85,11.95,11.81,11.92,2567500,0.0,0.0
2021-08-24,12.03,12.03,11.95,11.95,1831000,0.0,0.0
2021-08-25,11.93,11.93,11.81,11.89,1820500,0.0,0.0
2021-08-26,11.78,11.8,11.7,11.71,1264000,0.0,0.0
2021-08-27,11.77,11.77,11.53,11.64,3375500,0.0,0.0
2021-08-30,11.66,11.84,11.66,11.76,1338500,0.0,0.0
2021-08-31,11.8,11.93,11.8,11.87,2424000,0.0,0.0
2021-09-01,11.96,12.19,11.96,12.07,3558000,0.0,0.0
2021-09-02,12.24,12.4,12.21,12.23,2691000,0.0,0.0
2021-09-03,12.34,12.34,12.09,12.23,3380500,0.0,0.0
2021-09-07,12.53,12.59,12.36,12.44,2288000,0.0,0.0
2021-09-08,12.34,12.34,12.16,12.16,2085000,0.0,0.0
2021-09-09,12.11,12.3,12.11,12.16,3337500,0.0,0.0
2021-09-10,12.44,12.52,12.25,12.28,2462000,0.0,0.0
2021-09-13,12.4,12.42,12.33,12.37,2636000,0.0,0.0
2021-09-14,12.25,12.25,12.1,12.1,3279000,0.0,0.0
2021-09-15,12.33,12.33,12.01,12.09,4769000,0.0,0.0
2021-09-16,12.0,12.0,11.78,11.85,1979000,0.0,0.0
2021-09-17,12.0,12.0,11.85,11.99,3217500,0.0,0.0
2021-09-20,11.82,11.97,11.77,11.84,2430500,0.0,0.0
2021-09-21,12.0,12.0,11.89,11.9,2301000,0.0,0.0
2021-09-22,12.02,12.11,11.97,11.97,3606000,0.0,0.0
2021-09-23,12.17,12.17,11.98,12.13,1792500,0.0,0.0
2021-09-24,12.11,12.11,11.91,12.0,1412000,0.0,0.0
2021-09-27,12.1,12.11,11.93,12.0,967000,0.0,0.0
2021-09-28,11.93,11.93,11.47,11.49,3581000,0.0,0.0
2021-09-29,11.74,11.83,11.65,11.66,3394000,0.0,0.0
2021-09-30,11.9,11.94,11.61,11.7,5248500,0.0,0.0
2021-10-01,10.82,11.23,10.82,11.12,7871000,0.0,0.0
2021-10-04,11.01,11.01,10.76,10.8,3313500,0.0,0.0
2021-10-05,10.83,10.86,10.75,10.78,3419000,0.0,0.0
2021-10-06,10.95,11.04,10.89,11.02,1658000,0.0,0.0
2021-10-07,11.15,11.24,11.12,11.19,1368000,0.0,0.0
2021-10-08,11.21,11.22,11.1,11.13,878000,0.0,0.0
2021-10-11,11.19,11.22,11.05,11.14,1148500,0.0,0.0
2021-10-12,11.21,11.23,11.1,11.17,1250500,0.0,0.0
2021-10-13,11.17,11.17,11.08,11.15,556000,0.0,0.0
2021-10-14,11.35,11.35,11.18,11.25,1112500,0.0,0.0
2021-10-15,11.12,11.17,11.1,11.12,2115000,0.0,0.0
2021-10-18,11.07,11.13,11.05,11.1,3041500,0.0,0.0
2021-10-19,11.17,11.17,11.01,11.07,2145500,0.0,0.0
2021-10-20,10.86,10.86,10.79,10.81,3151000,0.0,0.0
2021-10-21,10.92,10.93,10.75,10.8,5371000,0.0,0.0
2021-10-22,10.81,10.92,10.8,10.84,1028000,0.0,0.0
2021-10-25,10.69,10.72,10.59,10.7,1279000,0.0,0.0
2021-10-26,10.6,10.79,10.58,10.6,1531000,0.0,0.0
2021-10-27,10.64,10.64,10.55,10.55,1017000,0.0,0.0
2021-10-28,10.67,10.81,10.67,10.8,1286000,0.0,0.0
2021-10-29,10.87,10.91,10.85,10.91,1143000,0.0,0.0
2021-11-01,11.01,11.01,10.87,10.97,1227500,0.0,0.0
2021-11-02,10.51,10.72,10.51,10.58,2390500,0.0,0.0
2021-11-03,10.76,10.79,10.46,10.59,1799500,0.0,0.0
2021-11-04,10.61,10.65,10.48,10.59,1909500,0.0,0.0
2021-11-05,10.76,11.0,10.76,10.93,2408000,0.0,0.0
2021-11-08,10.68,10.9,10.67,10.8,1513500,0.0,0.0
2021-11-09,10.81,10.85,10.77,10.78,1236500,0.0,0.0
2021-11-10,10.79,10.93,10.71,10.73,1676500,0.0,0.0
2021-11-11,10.82,10.86,10.8,10.86,1463500,0.0,0.0
2021-11-12,10.85,10.95,10.85,10.93,1275000,0.0,0.0
2021-11-15,10.95,10.96,10.84,10.85,1554500,0.0,0.0
2021-11-16,10.96,11.15,10.96,11.05,3669000,0.0,0.0
2021-11-17,10.9,10.96,10.87,10.92,1602000,0.0,0.0
2021-11-18,11.14,11.2,11.11,11.16,2088000,0.0,0.0
2021-11-19,11.24,11.27,11.16,11.22,1230500,0.0,0.0
2021-11-22,11.19,11.19,10.96,10.97,1884000,0.0,0.0
2021-11-23,11.07,11.18,10.83,10.88,2130500,0.0,0.0
2021-11-24,10.82,10.82,10.75,10.82,1315000,0.0,0.0
2021-11-26,10.78,10.81,10.71,10.72,734500,0.0,0.0
2021-11-29,11.23,11.23,11.08,11.2,2568500,0.0,0.0
2021-11-30,11.05,11.05,10.82,10.88,2316000,0.0,0.0
2021-12-01,11.06,11.18,10.92,10.93,1646500,0.0,0.0
2021-12-02,11.22,11.29,11.22,11.26,1998500,0.0,0.0
2021-12-03,11.08,11.08,10.89,11.02,2193500,0.0,0.0
2021-12-06,11.03,11.15,10.95,11.05,3014500,0.0,0.0
2021-12-07,11.43,11.43,11.04,11.41,3227000,0.0,0.0
2021-12-08,11.48,11.6,11.48,11.57,1786000,0.0,0.0
2021-12-09,11.7,11.8,11.56,11.58,1447500,0.0,0.0
2021-12-10,11.69,11.82,11.67,11.73,1507500,0.0,0.0
2021-12-13,11.66,11.69,11.55,11.55,1864500,0.0,0.0
2021-12-14,11.5,11.65,11.44,11.49,1917500,0.0,0.0
2021-12-15,11.59,11.65,11.46,11.64,1791000,0.0,0.0
2021-12-16,11.82,11.85,11.6,11.66,1740500,0.0,0.0
2021-12-17,11.57,11.58,11.49,11.5,1989500,0.0,0.0
2021-12-20,11.56,11.72,11.56,11.7,2500500,0.0,0.0
2021-12-21,12.0,12.08,11.91,12.04,2595000,0.0,0.0
2021-12-22,11.75,11.91,11.75,11.87,1356500,0.0,0.0
2021-12-23,11.95,12.03,11.95,12.03,1404000,0.0,0.0
2021-12-27,11.85,12.12,11.85,12.11,2470500,0.0,0.0
2021-12-28,11.79,11.9,11.79,11.81,1528000,0.0,0.0
2021-12-29,11.67,11.85,11.67,11.75,798000,0.0,0.0
2021-12-30,11.52,11.6,11.48,11.57,1750000,0.0,0.0
2021-12-31,11.52,11.58,11.51,11.53,1247000,0.0,0.0
2022-01-03,11.65,11.83,11.51,11.55,1986500,0.0,0.0
2022-01-04,11.61,11.61,11.4,11.51,1287000,0.0,0.0
2022-01-05,11.4,11.41,11.22,11.25,1127500,0.0,0.0
2022-01-06,11.19,11.45,11.17,11.35,1696000,0.0,0.0
2022-01-07,11.46,11.49,11.4,11.48,1455000,0.0,0.0
2022-01-10,11.32,11.55,11.3,11.54,2455500,0.0,0.0
2022-01-11,11.36,11.71,11.36,11.65,1047500,0.0,0.0
2022-01-12,11.58,11.58,11.5,11.56,690000,0.0,0.0
2022-01-13,11.44,11.45,11.28,11.3,1445500,0.0,0.0
2022-01-14,11.25,11.34,11.25,11.29,1167000,0.0,0.0
2022-01-18,11.47,11.55,11.43,11.54,3610000,0.0,0.0
2022-01-19,11.64,11.75,11.5,11.58,3523000,0.0,0.0
2022-01-20,11.91,11.98,11.71,11.83,3325500,0.0,0.0
2022-01-21,11.73,11.89,11.72,11.72,3163500,0.0,0.0
2022-01-24,11.63,11.63,11.35,11.6,3923000,0.0,0.0
2022-01-25,11.64,11.85,11.44,11.64,2522000,0.0,0.0
2022-01-26,12.07,12.2,11.96,12.06,3316500,0.0,0.0
2022-01-27,12.07,12.2,12.07,12.09,3588500,0.0,0.0
2022-01-28,11.91,12.08,11.85,12.07,3951000,0.0,0.0
2022-01-31,12.02,12.13,12.0,12.07,2925000,0.0,0.0
2022-02-01,12.13,12.25,12.13,12.24,1189500,0.0,0.0
2022-02-02,12.46,12.48,12.36,12.38,1139000,0.0,0.0
2022-02-03,12.15,12.42,12.07,12.17,3557500,0.0,0.0
2022-02-04,12.3,12.46,12.3,12.45,972000,0.0,0.0
2022-02-07,12.56,12.61,12.51,12.52,792000,0.0,0.0
2022-02-08,12.45,12.45,12.29,12.38,1297000,0.0,0.0
2022-02-09,12.38,12.51,12.29,12.49,1201000,0.0,0.0
2022-02-10,12.19,12.3,12.11,12.16,2592500,0.0,0.0
2022-02-11,12.2,12.34,12.15,12.24,2506000,0.0,0.0
2022-02-14,12.39,12.39,12.22,12.32,1102500,0.0,0.0
2022-02-15,12.29,12.71,12.29,12.67,2971500,0.0,0.0
2022-02-16,12.64,12.64,12.48,12.55,1481500,0.0,0.0
2022-02-17,12.56,12.6,12.46,12.49,830500,0.0,0.0
2022-02-18,12.55,12.74,12.55,12.62,1261500,0.0,0.0
2022-02-22,12.56,12.56,12.38,12.46,1422000,0.0,0.0
2022-02-23,12.54,12.54,12.3,12.37,1111500,0.0,0.0
2022-02-24,12.03,12.32,12.02,12.31,1925500,0.0,0.0
2022-02-25,12.22,12.28,12.17,12.28,1568500,0.0,0.0
2022-02-28,12.42,12.56,12.42,12.56,2182500,0.0,0.0
2022-03-01,12.44,12.48,12.38,12.4,1903000,0.0,0.0
2022-03-02,12.46,12.51,12.44,12.5,1267000,0.0,0.0
2022-03-03,12.59,12.83,12.54,12.56,1131000,0.0,0.0
2022-03-04,12.54,12.76,12.45,12.51,2577000,0.0,0.0
2022-03-07,12.27,12.4,12.1,12.16,1511000,0.0,0.0
2022-03-08,11.92,12.18,11.84,11.99,1649000,0.0,0.0
2022-03-09,12.59,12.59,12.31,12.46,1913000,0.0,0.0
2022-03-10,12.28,12.49,12.28,12.35,647500,0.0,0.0
2022-03-11,12.38,12.49,12.31,12.34,499000,0.0,0.0
2022-03-14,12.13,12.27,12.09,12.1,1090000,0.0,0.0
2022-03-15,12.09,12.13,12.01,12.09,1885500,0.0,0.0
2022-03-16,12.52,12.74,12.47,12.6,1538000,0.0,0.0
2022-03-17,12.8,12.8,12.52,12.7,800500,0.0,0.0
2022-03-18,12.65,12.76,12.6,12.75,1569000,0.0,0.0
2022-03-21,12.54,12.76,12.54,12.7,1331000,0.0,0.0
2022-03-22,12.66,12.76,12.66,12.76,645500,0.0,0.0
2022-03-23,12.84,13.03,12.84,12.98,1453500,0.0,0.0
2022-03-24,13.08,13.11,13.05,13.08,879500,0.0,0.0
2022-03-25,13.26,13.43,13.21,13.25,1957500,0.0,0.0
2022-03-28,13.04,13.27,13.04,13.26,2193500,0.0,0.0
2022-03-29,13.37,13.48,13.14,13.35,6820500,0.0,0.0
2022-03-30,12.65,12.82,12.64,12.68,5020000,0.0,0.0
2022-03-31,12.62,12.62,12.29,12.43,737500,0.0,0.0
2022-04-01,12.72,12.84,12.72,12.81,1420000,0.0,0.0
2022-04-04,12.84,12.97,12.81,12.91,1013000,0.0,0.0
2022-04-05,12.82,12.82,12.5,12.51,1481000,0.0,0.0
2022-04-06,12.54,12.64,12.54,12.62,1187500,0.0,0.0
2022-04-07,12.62,12.75,12.6,12.62,1285000,0.0,0.0
2022-04-08,12.69,12.7,12.5,12.68,1178500,0.0,0.0
2022-04-11,12.58,12.6,12.51,12.51,1044000,0.0,0.0
2022-04-12,12.61,12.68,12.55,12.58,1330000,0.0,0.0
2022-04-13,12.66,12.75,12.62,12.74,1173500,0.0,0.0
2022-04-14,12.78,12.81,12.51,12.53,1844500,0.0,0.0
2022-04-18,12.48,12.48,12.37,12.39,1377500,0.0,0.0
2022-04-19,12.4,12.53,12.35,12.5,1215000,0.0,0.0
2022-04-20,12.57,12.57,12.29,12.33,2325500,0.0,0.0
2022-04-21,12.34,12.49,12.15,12.19,1668500,0.0,0.0
2022-04-22,12.17,12.22,12.1,12.11,1478000,0.0,0.0
2022-04-25,11.78,12.22,11.78,12.22,1125000,0.0,0.0
2022-04-26,12.05,12.05,11.69,11.7,1047000,0.0,0.0
2022-04-27,11.82,11.84,11.67,11.75,969000,0.0,0.0
2022-04-28,11.65,11.65,11.2,11.36,2369000,0.0,0.0
2022-04-29,11.35,11.46,11.25,11.25,1161500,0.0,0.0
2022-05-02,10.98,11.22,10.92,11.0,2965500,0.0,0.0
2022-05-03,10.87,11.11,10.87,11.05,1510000,0.0,0.0
2022-05-04,11.26,11.27,11.01,11.27,1295000,0.0,0.0
2022-05-05,11.28,11.28,10.85,10.94,4298000,0.0,0.0
2022-05-06,10.81,10.95,10.74,10.86,2323500,0.0,0.0
2022-05-09,10.44,10.67,10.44,10.5,2535000,0.0,0.0
2022-05-10,10.94,11.21,10.36,10.71,5844500,0.0,0.0
2022-05-11,10.93,11.12,10.84,10.84,3613000,0.0,0.0
2022-05-12,10.77,11.08,10.77,10.98,1671500,0.0,0.0
2022-05-13,10.92,11.0,10.92,10.98,1243500,0.0,0.0
2022-05-16,10.65,10.87,10.65,10.78,1340000,0.0,0.0
2022-05-17,10.86,11.08,10.86,10.97,1844500,0.0,0.0
2022-05-18,11.36,11.45,11.19,11.24,2150000,0.0,0.0
2022-05-19,11.25,11.49,11.25,11.38,2281500,0.0,0.0
2022-05-20,11.5,11.5,11.28,11.38,1709500,0.0,0.0
2022-05-23,11.43,11.63,11.43,11.53,1604000,0.0,0.0
2022-05-24,11.53,11.63,11.46,11.53,3346000,0.0,0.0
2022-05-25,10.97,11.17,10.97,11.15,1160500,0.0,0.0
2022-05-26,11.1,11.26,11.1,11.22,832500,0.0,0.0
2022-05-27,10.99,11.1,10.99,11.08,901000,0.0,0.0
2022-05-31,11.13,11.13,10.96,10.98,1201000,0.0,0.0
2022-06-01,11.08,11.19,11.0,11.0,1940500,0.0,0.0
2022-06-02,10.87,10.99,10.87,10.97,2180000,0.0,0.0
2022-06-03,10.71,10.89,10.71,10.75,1653000,0.0,0.0
2022-06-06,10.86,11.04,10.82,10.91,1456500,0.0,0.0
2022-06-07,10.73,10.95,10.73,10.89,1702500,0.0,0.0
2022-06-08,10.71,10.92,10.71,10.79,910500,0.0,0.0
2022-06-09,11.04,11.04,10.88,10.91,1226500,0.0,0.0
2022-06-10,10.86,10.87,10.67,10.69,1591000,0.0,0.0
2022-06-13,10.63,10.63,10.46,10.46,1651500,0.0,0.0
2022-06-14,10.52,10.67,10.36,10.45,2952000,0.0,0.0
2022-06-15,10.27,10.47,10.27,10.42,1305000,0.0,0.0
2022-06-16,10.26,10.39,10.26,10.33,1297000,0.0,0.0
2022-06-17,10.37,10.37,10.25,10.3,1195500,0.0,0.0
2022-06-21,10.66,10.66,10.31,10.47,1107000,0.0,0.0
2022-06-22,10.34,10.54,10.34,10.43,1089000,0.0,0.0
2022-06-23,10.32,10.53,10.31,10.51,1358000,0.0,0.0
2022-06-24,10.76,10.76,10.54,10.7,1094500,0.0,0.0
2022-06-27,10.68,10.68,10.61,10.64,1393500,0.0,0.0
2022-06-28,10.72,10.8,10.67,10.7,975500,0.0,0.0
2022-06-29,10.82,10.82,10.51,10.66,701500,0.0,0.0
2022-06-30,10.43,10.68,10.43,10.63,1001500,0.0,0.0
2022-07-01,10.56,10.56,10.31,10.51,1376000,0.0,0.0
2022-07-05,10.55,10.76,10.54,10.68,893000,0.0,0.0
2022-07-06,10.9,10.9,10.65,10.67,1171000,0.0,0.0
2022-07-07,10.56,10.68,10.56,10.68,1843500,0.0,0.0
2022-07-08,10.3,10.66,10.3,10.57,663500,0.0,0.0
2022-07-11,10.59,10.62,10.57,10.58,1150000,0.0,0.0
2022-07-12,10.57,10.81,10.57,10.75,479000,0.0,0.0
2022-07-13,10.57,10.8,10.57,10.8,832500,0.0,0.0
2022-07-14,10.78,10.78,10.59,10.72,509000,0.0,0.0
2022-07-15,10.77,11.11,10.77,11.1,2085000,0.0,0.0
2022-07-18,11.06,11.2,11.04,11.13,1775500,0.0,0.0
2022-07-19,11.06,11.06,10.85,10.92,775500,0.0,0.0
2022-07-20,10.96,11.2,10.96,11.07,1006000,0.0,0.0
2022-07-21,11.1,11.1,10.98,11.06,805000,0.0,0.0
2022-07-22,11.11,11.19,11.07,11.09,719500,0.0,0.0
2022-07-25,11.1,11.1,10.95,11.0,1216500,0.0,0.0
2022-07-26,10.96,10.96,10.75,10.75,1685500,0.0,0.0
2022-07-27,10.67,11.01,10.67,10.92,478000,0.0,0.0
2022-07-28,11.06,11.06,10.93,11.02,548000,0.0,0.0
2022-07-29,10.92,11.12,10.92,11.06,888500,0.0,0.0
2022-08-01,10.87,11.04,10.86,11.03,611000,0.0,0.0
2022-08-02,11.06,11.06,10.75,10.77,858500,0.0,0.0
2022-08-03,10.41,10.41,10.07,10.32,4409000,0.0,0.0
2022-08-04,10.47,10.59,10.39,10.59,974000,0.0,0.0
2022-08-05,10.96,10.96,10.63,10.68,1468000,0.0,0.0
2022-08-08,10.57,10.61,10.43,10.52,797000,0.0,0.0
2022-08-09,10.31,10.51,10.31,10.39,799000,0.0,0.0
2022-08-10,10.34,10.69,10.34,10.64,892500,0.0,0.0
2022-08-11,10.57,10.72,10.57,10.65,829000,0.0,0.0
2022-08-12,10.43,10.72,10.43,10.65,972000,0.0,0.0
2022-08-15,10.86,10.86,10.61,10.7,1330000,0.0,0.0
2022-08-16,10.82,10.82,10.69,10.74,726000,0.0,0.0
2022-08-17,10.93,11.01,10.84,10.87,1939000,0.0,0.0
2022-08-18,11.03,11.11,11.02,11.08,1823000,0.0,0.0
2022-08-19,11.02,11.02,10.72,10.79,1120500,0.0,0.0
2022-08-22,10.78,10.82,10.71,10.72,1069000,0.0,0.0
2022-08-23,10.84,10.84,10.51,10.73,1010000,0.0,0.0
2022-08-24,10.62,10.63,10.42,10.46,728000,0.0,0.0
2022-08-25,10.59,10.59,10.43,10.52,922000,0.0,0.0
2022-08-26,10.27,10.52,10.27,10.31,2527500,0.0,0.0
2022-08-29,10.27,10.29,10.22,10.22,1350500,0.0,0.0
2022-08-30,10.27,10.27,10.12,10.16,1007000,0.0,0.0
2022-08-31,10.25,10.27,10.08,10.09,608000,0.0,0.0
2022-09-01,10.07,10.1,10.01,10.04,872500,0.0,0.0
2022-09-02,10.04,10.07,9.93,9.93,900000,0.0,0.0
2022-09-06,9.94,10.07,9.88,9.91,3780000,0.0,0.0
2022-09-07,9.92,9.93,9.83,9.92,3389500,0.0,0.0
2022-09-08,10.22,10.22,9.92,9.99,1308500,0.0,0.0
2022-09-09,10.27,10.27,10.04,10.09,1663000,0.0,0.0
2022-09-12,10.23,10.33,10.18,10.23,2204000,0.0,0.0
2022-09-13,10.69,10.76,10.48,10.48,2792000,0.0,0.0
2022-09-14,10.53,10.67,10.53,10.67,1847000,0.0,0.0
2022-09-15,10.57,10.76,10.57,10.7,1219500,0.0,0.0
2022-09-16,10.37,10.56,10.37,10.53,769000,0.0,0.0
2022-09-19,10.38,10.56,10.38,10.56,989000,0.0,0.0
2022-09-20,10.75,10.75,10.49,10.54,2031000,0.0,0.0
2022-09-21,10.34,10.54,10.34,10.44,966000,0.0,0.0
2022-09-22,10.67,10.77,10.57,10.61,1455000,0.0,0.0
2022-09-23,10.44,10.53,10.32,10.39,2296000,0.0,0.0
2022-09-26,10.22,10.31,10.15,10.18,1081500,0.0,0.0
2022-09-27,10.19,10.38,10.19,10.26,2430500,0.0,0.0
2022-09-28,10.27,10.32,10.18,10.3,1207000,0.0,0.0
2022-09-29,10.17,10.47,9.88,10.17,2229500,0.0,0.0
2022-09-30,9.88,10.11,9.83,10.07,2238500,0.0,0.0
2022-10-03,9.75,9.98,9.72,9.9,2915500,0.0,0.0
2022-10-04,10.3,10.76,10.19,10.61,1336500,0.0,5.0
2022-10-05,10.26,10.49,10.08,10.26,1939400,0.0,0.0
2022-10-06,10.37,10.46,9.97,10.21,564000,0.0,0.0
2022-10-07,10.24,10.49,10.03,10.14,783000,0.0,0.0
2022-10-10,10.14,10.18,10.04,10.07,548500,0.0,0.0
2022-10-11,10.02,10.37,9.98,10.01,1754000,0.0,0.0
2022-10-12,9.93,10.09,9.89,10.04,915300,0.0,0.0
2022-10-13,9.88,10.21,9.88,10.18,1520300,0.0,0.0
2022-10-14,10.25,10.27,10.01,10.11,1334900,0.0,0.0
2022-10-17,10.12,10.27,10.09,10.12,1150700,0.0,0.0
2022-10-18,10.12,10.17,9.97,10.07,1233800,0.0,0.0
2022-10-19,9.99,10.11,9.84,9.87,601800,0.0,0.0
2022-10-20,9.89,10.27,9.89,9.92,587900,0.0,0.0
2022-10-21,9.92,10.14,9.67,10.05,570000,0.0,0.0
2022-10-24,10.07,10.12,9.87,9.89,880300,0.0,0.0
2022-10-25,9.65,10.01,9.65,9.97,1240600,0.0,0.0
2022-10-26,9.97,10.22,9.97,10.16,610900,0.0,0.0
2022-10-27,10.02,10.12,9.92,9.94,689900,0.0,0.0
2022-10-28,9.79,10.02,9.78,9.94,984500,0.0,0.0
2022-10-31,9.97,10.26,9.97,9.99,891600,0.0,0.0
2022-11-01,10.08,10.21,9.99,10.02,1056200,0.0,0.0
2022-11-02,9.98,10.37,9.89,10.04,638600,0.0,0.0
2022-11-03,9.98,10.22,9.74,9.97,840600,0.0,0.0
2022-11-04,9.98,10.11,9.92,10.05,838000,0.0,0.0
2022-11-07,10.33,10.35,10.26,10.31,1083900,0.0,0.0
2022-11-08,10.17,10.17,9.77,9.87,2754500,0.0,0.0
2022-11-09,9.88,9.88,9.64,9.69,1258900,0.0,0.0
2022-11-10,9.87,10.15,9.87,10.13,3054600,0.0,0.0
2022-11-11,9.95,10.2,9.95,10.19,949000,0.0,0.0
2022-11-14,9.88,10.11,9.88,10.01,3173900,0.0,0.0
2022-11-15,10.21,10.32,10.14,10.14,803000,0.0,0.0
2022-11-16,10.2,10.27,10.14,10.2,400600,0.0,0.0
2022-11-17,10.27,10.31,10.14,10.3,1008900,0.0,0.0
2022-11-18,10.44,10.47,10.34,10.38,821700,0.0,0.0
2022-11-21,10.17,10.39,10.07,10.24,941000,0.0,0.0
2022-11-22,10.24,10.37,10.24,10.37,703900,0.0,0.0
2022-11-23,10.27,10.53,10.27,10.5,869700,0.0,0.0
2022-11-25,10.43,10.55,10.41,10.5,352800,0.0,0.0
2022-11-28,10.56,10.56,10.38,10.41,866000,0.0,0.0
2022-11-29,10.37,10.48,10.37,10.46,830500,0.0,0.0
2022-11-30,10.5,10.71,10.27,10.6,663700,0.0,0.0
2022-12-01,10.43,10.57,10.43,10.45,795200,0.0,0.0
2022-12-02,10.42,10.49,10.37,10.43,788600,0.0,0.0
2022-12-05,10.29,10.42,10.18,10.21,1147200,0.0,0.0
2022-12-06,10.28,10.39,10.26,10.3,868800,0.0,0.0
2022-12-07,10.24,10.39,10.22,10.38,913900,0.0,0.0
2022-12-08,10.31,10.4,10.25,10.31,966600,0.0,0.0
2022-12-09,10.32,10.33,10.22,10.26,668200,0.0,0.0
2022-12-12,10.25,10.31,10.16,10.21,1248900,0.0,0.0
2022-12-13,10.45,10.51,10.26,10.26,789800,0.0,0.0
2022-12-14,10.43,10.46,10.29,10.36,1142100,0.0,0.0
2022-12-15,10.33,10.33,10.05,10.11,962900,0.0,0.0
2022-12-16,10.0,10.06,9.88,10.01,2901100,0.0,0.0
2022-12-19,10.14,10.14,10.0,10.02,1411700,0.0,0.0
2022-12-20,10.19,10.33,10.18,10.29,1084400,0.0,0.0
2022-12-21,10.41,10.44,10.21,10.31,677700,0.0,0.0
2022-12-22,10.55,10.55,10.29,10.36,982900,0.0,0.0
2022-12-23,10.37,10.42,10.32,10.39,801500,0.0,0.0
2022-12-27,10.39,10.47,10.27,10.28,850900,0.0,0.0
2022-12-28,10.35,10.45,10.24,10.24,935600,0.0,0.0
2022-12-29,10.37,10.43,10.37,10.4,684300,0.0,0.0
2022-12-30,10.27,10.32,10.17,10.29,862900,0.0,0.0
2023-01-03,10.29,10.62,10.17,10.37,1061200,0.0,0.0
2023-01-04,10.52,10.52,10.21,10.24,519600,0.0,0.0
2023-01-05,10.27,10.27,10.13,10.17,885900,0.0,0.0
2023-01-06,10.08,10.33,10.07,10.29,1571900,0.0,0.0
2023-01-09,10.37,10.55,10.31,10.33,1464300,0.0,0.0
2023-01-10,10.28,10.28,10.14,10.22,849800,0.0,0.0
2023-01-11,10.13,10.37,10.07,10.11,1072100,0.0,0.0
2023-01-12,10.33,10.33,10.12,10.26,1315700,0.0,0.0
2023-01-13,10.23,10.36,10.2,10.32,1097600,0.0,0.0
2023-01-17,10.5,10.65,10.48,10.63,2213100,0.0,0.0
2023-01-18,10.67,10.78,10.62,10.63,609800,0.0,0.0
2023-01-19,10.62,10.66,10.5,10.61,859900,0.0,0.0
2023-01-20,10.53,10.62,10.43,10.61,900700,0.0,0.0
2023-01-23,10.5,10.57,10.44,10.53,1130200,0.0,0.0
2023-01-24,10.42,10.54,10.42,10.5,660400,0.0,0.0
2023-01-25,10.53,10.61,10.47,10.57,1061300,0.0,0.0
2023-01-26,10.68,10.71,10.62,10.7,676800,0.0,0.0
2023-01-27,10.71,10.73,10.67,10.71,636400,0.0,0.0
2023-01-30,10.67,10.69,10.52,10.6,992200,0.0,0.0
2023-01-31,10.67,10.72,10.61,10.64,629900,0.0,0.0
2023-02-01,10.56,10.7,10.53,10.69,416400,0.0,0.0
2023-02-02,10.74,10.77,10.57,10.66,944100,0.0,0.0
2023-02-03,10.6,10.7,10.55,10.62,713600,0.0,0.0
2023-02-06,10.6,10.6,10.42,10.45,790200,0.0,0.0
2023-02-07,10.0,10.08,9.91,10.05,2821000,0.0,0.0
2023-02-08,9.78,9.84,9.69,9.79,2819300,0.0,0.0
2023-02-09,10.02,10.02,9.85,9.87,1454600,0.0,0.0
2023-02-10,10.05,10.06,9.91,9.94,922500,0.0,0.0
2023-02-13,9.72,9.81,9.7,9.81,1199400,0.0,0.0
2023-02-14,10.01,10.17,9.78,9.84,1716100,0.0,0.0
2023-02-15,9.84,10.02,9.77,9.85,609800,0.0,0.0
2023-02-16,10.0,10.07,9.93,10.03,603100,0.0,0.0
2023-02-17,10.05,10.11,9.92,10.03,454400,0.0,0.0
2023-02-21,9.87,9.89,9.79,9.89,989500,0.0,0.0
2023-02-22,9.78,9.86,9.71,9.73,887000,0.0,0.0
2023-02-23,9.97,9.97,9.7,9.79,1165600,0.0,0.0
2023-02-24,9.52,9.54,9.43,9.47,1028100,0.0,0.0
2023-02-27,9.44,9.48,9.3,9.31,1878900,0.0,0.0
2023-02-28,9.26,9.27,9.18,9.21,1649900,0.0,0.0
2023-03-01,9.25,9.29,9.18,9.19,1700700,0.0,0.0
2023-03-02,9.23,9.27,9.14,9.25,1247800,0.0,0.0
2023-03-03,9.27,9.43,9.27,9.41,864900,0.0,0.0
2023-03-06,9.44,9.46,9.28,9.28,965500,0.0,0.0
2023-03-07,9.34,9.43,9.21,9.23,1080400,0.0,0.0
2023-03-08,9.31,9.36,9.24,9.28,854000,0.0,0.0
2023-03-09,9.42,9.42,9.28,9.29,885500,0.0,0.0
2023-03-10,9.29,9.39,9.26,9.33,1018100,0.0,0.0
2023-03-13,9.32,9.39,9.32,9.34,843100,0.0,0.0
2023-03-14,9.38,9.38,9.26,9.33,812700,0.0,0.0
2023-03-15,9.36,9.36,9.22,9.28,613700,0.0,0.0
2023-03-16,9.35,9.42,9.3,9.4,1375800,0.0,0.0
2023-03-17,9.53,9.57,9.45,9.48,589100,0.0,0.0
2023-03-20,9.49,9.49,9.39,9.43,442600,0.0,0.0
2023-03-21,9.4,9.49,9.3,9.44,498100,0.0,0.0
2023-03-22,9.44,9.5,9.38,9.38,765600,0.0,0.0
2023-03-23,9.54,9.55,9.47,9.52,597300,0.0,0.0
2023-03-24,9.65,9.65,9.45,9.48,676800,0.0,0.0
2023-03-27,9.6,9.62,9.48,9.53,605400,0.0,0.0
2023-03-28,9.58,9.58,9.43,9.49,707800,0.0,0.0
2023-03-29,9.53,9.7,9.53,9.65,1031300,0.0,0.0
2023-03-30,9.56,9.56,9.43,9.51,1276900,0.0,0.0
2023-03-31,9.58,9.6,9.48,9.57,981400,0.0,0.0
2023-04-03,9.53,9.63,9.49,9.62,956300,0.0,0.0
2023-04-04,10.02,10.11,10.0,10.05,1415800,0.0,0.0
2023-04-05,9.87,9.92,9.78,9.82,1244400,0.0,0.0
2023-04-06,9.78,9.92,9.78,9.88,1273700,0.0,0.0
2023-04-10,10.03,10.16,9.98,10.14,2487100,0.0,0.0
2023-04-11,10.04,10.04,9.96,9.97,1607900,0.0,0.0
2023-04-12,10.07,10.13,10.04,10.08,819600,0.0,0.0
2023-04-13,10.08,10.11,9.95,10.07,1522000,0.0,0.0
2023-04-14,10.32,10.32,10.04,10.09,725900,0.0,0.0
2023-04-17,9.97,10.06,9.96,10.04,1505900,0.0,0.0
2023-04-18,10.21,10.26,10.15,10.17,912000,0.0,0.0
2023-04-19,10.17,10.17,10.02,10.05,1572500,0.0,0.0
2023-04-20,10.19,10.2,10.01,10.06,821900,0.0,0.0
2023-04-21,10.09,10.21,10.09,10.21,1174000,0.0,0.0
2023-04-24,10.19,10.33,10.19,10.3,886800,0.0,0.0
2023-04-25,10.3,10.46,10.3,10.34,1281800,0.0,0.0
2023-04-26,10.32,10.46,10.28,10.29,631900,0.0,0.0
2023-04-27,10.37,10.46,10.32,10.45,771600,0.0,0.0
2023-04-28,10.46,10.48,10.36,10.43,975300,0.0,0.0
2023-05-01,10.3,10.32,10.18,10.22,1221900,0.0,0.0
2023-05-02,10.15,10.2,10.12,10.19,713600,0.0,0.0
2023-05-03,10.22,10.34,10.14,10.3,1012000,0.0,0.0
2023-05-04,10.3,10.39,10.3,10.34,986700,0.0,0.0
2023-05-05,10.36,10.47,10.34,10.43,1173000,0.0,0.0
2023-05-08,10.5,10.53,10.43,10.53,937600,0.0,0.0
2023-05-09,10.15,10.71,10.08,10.6,2617900,0.0,0.0
2023-05-10,10.52,10.52,10.33,10.38,1529200,0.0,0.0
2023-05-11,10.17,10.36,10.17,10.34,4934800,0.0,0.0
2023-05-12,10.55,10.62,10.5,10.55,3234200,0.0,0.0
2023-05-15,10.58,10.63,10.51,10.59,6394600,0.0,0.0
2023-05-16,10.59,10.62,10.56,10.58,2298300,0.0,0.0
2023-05-17,10.71,10.82,10.67,10.8,2626700,0.0,0.0
2023-05-18,10.83,10.86,10.8,10.83,1832400,0.0,0.0
2023-05-19,10.7,10.72,10.63,10.71,1733200,0.0,0.0
2023-05-22,10.79,10.83,10.73,10.73,1288700,0.0,0.0
2023-05-23,10.71,10.71,10.54,10.54,853600,0.0,0.0
2023-05-24,10.49,10.49,10.43,10.44,812700,0.0,0.0
2023-05-25,10.37,10.47,10.37,10.39,1258800,0.0,0.0
2023-05-26,10.42,10.59,10.42,10.55,478800,0.0,0.0
2023-05-30,10.55,10.63,10.47,10.5,1164600,0.0,0.0
2023-05-31,10.37,10.48,10.34,10.44,1481900,0.0,0.0
2023-06-01,10.53,10.62,10.52,10.58,1622100,0.0,0.0
2023-06-02,10.74,10.79,10.71,10.71,762600,0.0,0.0
2023-06-05,10.73,10.73,10.62,10.64,857000,0.0,0.0
2023-06-06,10.78,10.8,10.73,10.74,1033900,0.0,0.0
2023-06-07,10.64,10.73,10.59,10.6,609500,0.0,0.0
2023-06-08,10.56,10.68,10.52,10.67,694400,0.0,0.0
2023-06-09,10.83,10.9,10.8,10.81,1431000,0.0,0.0
2023-06-12,10.81,11.84,10.81,10.86,1156400,0.0,0.0
2023-06-13,10.96,11.0,10.94,10.98,1219400,0.0,0.0
2023-06-14,10.95,10.95,10.76,10.83,815600,0.0,0.0
2023-06-15,10.83,10.94,10.79,10.93,543800,0.0,0.0
2023-06-16,10.95,10.97,10.82,10.83,1072800,0.0,0.0
2023-06-20,10.83,10.85,10.74,10.8,651900,0.0,0.0
2023-06-21,10.8,10.8,10.71,10.77,1128200,0.0,0.0
2023-06-22,10.93,10.99,10.86,10.92,1094900,0.0,0.0
2023-06-23,10.7,10.7,10.58,10.61,581100,0.0,0.0
2023-06-26,10.77,10.79,10.73,10.77,829600,0.0,0.0
2023-06-27,10.97,11.05,10.95,11.01,1329600,0.0,0.0
2023-06-28,11.08,11.23,11.06,11.17,1692900,0.0,0.0
2023-06-29,11.17,11.22,11.16,11.19,954400,0.0,0.0
2023-06-30,11.16,11.3,11.16,11.24,2438800,0.0,0.0
2023-07-03,11.16,11.24,11.14,11.19,398000,0.0,0.0
2023-07-05,11.11,11.19,10.98,11.0,491700,0.0,0.0
2023-07-06,10.86,10.87,10.77,10.83,824300,0.0,0.0
2023-07-07,10.85,11.08,10.85,10.99,513700,0.0,0.0
2023-07-10,11.01,11.02,10.9,10.98,301100,0.0,0.0
2023-07-11,10.96,11.09,10.9,11.08,3482900,0.0,0.0
2023-07-12,11.13,11.32,11.13,11.2,557900,0.0,0.0
2023-07-13,11.41,11.51,11.41,11.46,686400,0.0,0.0
2023-07-14,11.49,11.49,11.21,11.24,809000,0.0,0.0
2023-07-17,11.24,11.28,11.12,11.26,956700,0.0,0.0
2023-07-18,11.26,11.41,11.22,11.39,2382100,0.0,0.0
2023-07-19,11.31,11.41,11.31,11.31,755800,0.0,0.0
2023-07-20,11.4,11.4,11.23,11.26,464500,0.0,0.0
2023-07-21,11.24,11.31,11.21,11.24,372800,0.0,0.0
2023-07-24,11.33,11.37,11.32,11.33,761900,0.0,0.0
2023-07-25,11.11,11.15,11.06,11.08,1135900,0.0,0.0
2023-07-26,10.93,11.03,10.89,10.99,642600,0.0,0.0
2023-07-27,11.09,11.27,11.06,11.07,1005700,0.0,0.0
2023-07-28,11.15,11.31,11.14,11.16,700000,0.0,0.0
2023-07-31,11.21,11.31,11.07,11.14,1278300,0.0,0.0
2023-08-01,10.99,11.05,10.96,10.98,747900,0.0,0.0
2023-08-02,10.86,10.89,10.77,10.77,984300,0.0,0.0
2023-08-03,11.31,11.37,11.0,11.02,2568600,0.0,0.0
2023-08-04,10.69,10.74,10.63,10.64,1736100,0.0,0.0
2023-08-07,10.76,10.78,10.71,10.74,1504200,0.0,0.0
2023-08-08,10.6,10.62,10.51,10.59,2487300,0.0,0.0
2023-08-09,10.57,10.62,10.44,10.47,1404600,0.0,0.0
2023-08-10,10.68,10.72,10.58,10.6,669300,0.0,0.0
2023-08-11,10.6,10.71,10.56,10.57,273300,0.0,0.0
2023-08-14,10.56,10.71,10.56,10.6,751100,0.0,0.0
2023-08-15,10.57,10.74,10.52,10.52,454600,0.0,0.0
2023-08-16,10.61,10.71,10.58,10.59,539200,0.0,0.0
2023-08-17,10.41,10.53,10.33,10.34,912700,0.0,0.0
2023-08-18,10.39,10.4,10.28,10.34,660300,0.0,0.0
2023-08-21,10.3,10.37,10.3,10.37,498800,0.0,0.0
2023-08-22,10.38,10.44,10.3,10.3,454500,0.0,0.0
2023-08-23,10.38,10.51,10.38,10.48,633100,0.0,0.0
2023-08-24,10.32,10.39,10.23,10.23,449800,0.0,0.0
2023-08-25,10.22,10.29,10.17,10.27,268300,0.0,0.0
2023-08-28,10.42,10.5,10.34,10.37,545400,0.0,0.0
2023-08-29,10.38,10.46,10.32,10.45,478600,0.0,0.0
2023-08-30,10.37,10.54,10.37,10.47,528500,0.0,0.0
2023-08-31,10.63,10.71,10.49,10.54,480500,0.0,0.0
2023-09-01,10.63,10.63,10.49,10.55,488100,0.0,0.0
2023-09-05,10.55,10.67,10.44,10.5,552500,0.0,0.0
2023-09-06,10.47,10.58,10.47,10.52,771100,0.0,0.0
2023-09-07,10.57,10.67,10.57,10.6,1441300,0.0,0.0
2023-09-08,10.6,10.71,10.49,10.67,1763000,0.0,0.0
2023-09-11,10.74,10.8,10.63,10.78,867800,0.0,0.0
2023-09-12,10.59,10.75,10.59,10.69,1320400,0.0,0.0
2023-09-13,10.44,10.59,10.44,10.54,439900,0.0,0.0
2023-09-14,10.65,10.72,10.58,10.69,601400,0.0,0.0
2023-09-15,10.57,10.59,10.48,10.49,1022100,0.0,0.0
2023-09-18,10.37,10.51,10.37,10.51,502400,0.0,0.0
2023-09-19,10.71,10.79,10.71,10.71,1452700,0.0,0.0
2023-09-20,10.49,10.5,10.37,10.37,2137700,0.0,0.0
2023-09-21,10.27,10.35,10.18,10.2,1075500,0.0,0.0
2023-09-22,10.22,10.27,10.22,10.24,558600,0.0,0.0
2023-09-25,10.19,10.29,10.19,10.28,726500,0.0,0.0
2023-09-26,10.25,10.31,10.22,10.27,894300,0.0,0.0
2023-09-27,10.22,10.29,10.18,10.23,811300,0.0,0.0
2023-09-28,10.15,10.27,10.07,10.14,1094200,0.0,0.0
2023-09-29,10.34,10.35,10.21,10.22,483500,0.0,0.0
2023-10-02,10.07,10.17,9.96,9.99,750900,0.0,0.0
2023-10-03,10.01,10.11,10.01,10.05,564200,0.0,0.0
2023-10-04,10.06,10.12,10.03,10.09,670600,0.0,0.0
2023-10-05,10.21,10.3,10.19,10.26,865600,0.0,0.0
2023-10-06,10.26,10.37,10.23,10.34,963000,0.0,0.0
2023-10-09,10.25,10.39,10.25,10.37,453200,0.0,0.0
2023-10-10,10.37,10.49,10.37,10.42,737400,0.0,0.0
2023-10-11,10.39,10.51,10.35,10.38,368300,0.0,0.0
2023-10-12,10.37,10.44,10.34,10.35,608600,0.0,0.0
2023-10-13,10.14,10.18,10.07,10.09,398400,0.0,0.0
2023-10-16,10.13,10.24,10.13,10.23,1113900,0.0,0.0
2023-10-17,10.14,10.14,9.98,10.04,887800,0.0,0.0
2023-10-18,9.98,10.05,9.91,9.92,451900,0.0,0.0
2023-10-19,10.04,10.05,9.93,9.96,761300,0.0,0.0
2023-10-20,10.06,10.06,9.91,9.94,839300,0.0,0.0
2023-10-23,9.92,9.99,9.91,9.96,848500,0.0,0.0
2023-10-24,10.0,10.02,9.95,9.98,620900,0.0,0.0
2023-10-25,10.02,10.12,10.02,10.04,475600,0.0,0.0
2023-10-26,9.97,10.05,9.93,9.99,763200,0.0,0.0
2023-10-27,10.12,10.19,10.06,10.1,686000,0.0,0.0
2023-10-30,10.11,10.12,10.02,10.07,822400,0.0,0.0
2023-10-31,10.1,10.23,10.1,10.19,1282400,0.0,0.0
2023-11-01,10.22,10.35,10.22,10.35,691100,0.0,0.0
2023-11-02,10.44,10.48,10.4,10.48,1109500,0.0,0.0
2023-11-03,10.58,10.67,10.56,10.67,511700,0.0,0.0
2023-11-06,10.5,10.56,10.43,10.55,750400,0.0,0.0
2023-11-07,10.56,10.86,10.54,10.84,1605700,0.0,0.0
2023-11-08,11.22,11.4,11.16,11.22,1909500,0.0,0.0
2023-11-09,11.68,11.72,11.52,11.53,1744400,0.0,0.0
2023-11-10,11.23,11.31,11.13,11.26,784900,0.0,0.0
2023-11-13,11.37,11.5,11.37,11.5,4914900,0.0,0.0
2023-11-14,11.62,11.65,11.5,11.61,1021700,0.0,0.0
2023-11-15,11.43,11.55,11.37,11.38,959500,0.0,0.0
2023-11-16,11.38,11.54,11.38,11.52,544800,0.0,0.0
2023-11-17,11.4,11.56,11.37,11.39,612600,0.0,0.0
2023-11-20,11.33,11.33,11.24,11.3,1229200,0.0,0.0
2023-11-21,11.31,11.42,11.31,11.35,917400,0.0,0.0
2023-11-22,11.32,11.57,11.32,11.47,452500,0.0,0.0
2023-11-24,11.23,11.45,11.21,11.34,357300,0.0,0.0
2023-11-27,11.37,11.41,11.34,11.4,685100,0.0,0.0
2023-11-28,11.39,11.41,11.32,11.4,672300,0.0,0.0
2023-11-29,11.37,11.42,11.36,11.39,602600,0.0,0.0
2023-11-30,11.46,11.51,11.41,11.49,495600,0.0,0.0
2023-12-01,11.51,11.63,11.46,11.58,519100,0.0,0.0
2023-12-04,11.44,11.51,11.35,11.41,562400,0.0,0.0
2023-12-05,11.36,11.46,11.36,11.41,469000,0.0,0.0
2023-12-06,11.48,11.56,11.43,11.43,1082200,0.0,0.0
2023-12-07,11.54,11.65,11.54,11.58,856200,0.0,0.0
2023-12-08,11.58,11.65,11.58,11.64,804800,0.0,0.0
2023-12-11,11.6,11.67,11.6,11.64,481000,0.0,0.0
2023-12-12,11.73,11.8,11.65,11.73,689000,0.0,0.0
2023-12-13,11.71,11.91,11.7,11.87,598100,0.0,0.0
2023-12-14,11.81,11.93,11.8,11.93,468000,0.0,0.0
2023-12-15,11.81,11.81,11.64,11.64,1068700,0.0,0.0
2023-12-18,11.82,11.85,11.65,11.75,528700,0.0,0.0
2023-12-19,11.83,11.94,11.82,11.92,829300,0.0,0.0
2023-12-20,11.85,11.94,11.77,11.81,891800,0.0,0.0
2023-12-21,11.85,12.04,11.85,12.04,536200,0.0,0.0
2023-12-22,12.04,12.1,11.95,12.02,500200,0.0,0.0
2023-12-26,12.02,12.14,12.02,12.13,462300,0.0,0.0
2023-12-27,12.16,12.34,12.16,12.32,465000,0.0,0.0
2023-12-28,12.34,12.54,12.32,12.35,564100,0.0,0.0
2023-12-29,12.74,12.83,12.72,12.83,789600,0.0,0.0
2024-01-02,12.81,12.81,12.64,12.64,622200,0.0,0.0
2024-01-03,12.64,12.73,12.44,12.54,439200,0.0,0.0
2024-01-04,12.36,12.36,12.2,12.27,515000,0.0,0.0
2024-01-05,12.27,12.44,12.27,12.33,421300,0.0,0.0
2024-01-08,12.39,12.64,12.3,12.63,1120000,0.0,0.0
2024-01-09,12.84,12.93,12.74,12.9,626500,0.0,0.0
2024-01-10,13.37,13.45,13.26,13.26,1040700,0.0,0.0
2024-01-11,13.3,13.51,13.3,13.44,492600,0.0,0.0
2024-01-12,13.75,13.85,13.75,13.76,954200,0.0,0.0
2024-01-16,13.61,13.66,13.46,13.48,770600,0.0,0.0
2024-01-17,13.18,13.27,13.1,13.17,714700,0.0,0.0
2024-01-18,13.48,13.57,13.39,13.48,911700,0.0,0.0
2024-01-19,13.52,13.6,13.46,13.57,647100,0.0,0.0
2024-01-22,13.46,13.52,13.36,13.43,965500,0.0,0.0
2024-01-23,13.43,13.43,13.31,13.35,474500,0.0,0.0
2024-01-24,13.23,13.31,13.19,13.19,585300,0.0,0.0
2024-01-25,13.26,13.33,13.2,13.28,629800,0.0,0.0
2024-01-26,13.13,13.23,13.13,13.23,456800,0.0,0.0
2024-01-29,13.45,13.53,13.43,13.53,523700,0.0,0.0
2024-01-30,13.66,13.83,13.66,13.75,639300,0.0,0.0
2024-01-31,13.76,13.92,13.72,13.72,420100,0.0,0.0
2024-02-01,13.83,14.04,13.82,14.04,943800,0.0,0.0
2024-02-02,13.92,14.11,13.85,14.11,2172400,0.0,0.0
2024-02-05,13.98,14.04,13.75,13.82,2588400,0.0,0.0
2024-02-06,14.02,14.47,14.02,14.37,2628200,0.0,0.0
2024-02-07,13.98,14.12,13.93,13.99,956200,0.0,0.0
2024-02-08,14.19,14.28,14.11,14.28,862100,0.0,0.0
2024-02-09,14.32,14.42,14.28,14.4,558700,0.0,0.0
2024-02-12,14.42,14.57,14.26,14.29,4037400,0.0,0.0
2024-02-13,14.22,14.23,14.07,14.15,1335800,0.0,0.0
2024-02-14,14.54,14.59,14.44,14.51,2112100,0.0,0.0
2024-02-15,14.67,14.82,14.62,14.75,1112600,0.0,0.0
2024-02-16,14.23,14.41,14.1,14.12,1219200,0.0,0.0
2024-02-20,13.54,13.57,13.35,13.45,1342200,0.0,0.0
2024-02-21,13.68,13.82,13.63,13.82,1099800,0.0,0.0
2024-02-22,13.87,13.9,13.7,13.77,935600,0.0,0.0
2024-02-23,13.83,13.86,13.75,13.79,589500,0.0,0.0
2024-02-26,14.14,14.27,14.06,14.06,1128300,0.0,0.0
2024-02-27,14.0,14.0,13.85,13.87,887600,0.0,0.0
2024-02-28,13.61,13.66,13.56,13.6,880400,0.0,0.0
2024-02-29,13.74,13.83,13.72,13.74,1060600,0.0,0.0
2024-03-01,13.79,13.89,13.79,13.87,1208600,0.0,0.0
2024-03-04,13.66,13.69,13.59,13.62,1421500,0.0,0.0
2024-03-05,13.69,13.78,13.64,13.67,498500,0.0,0.0
2024-03-06,13.73,13.83,13.68,13.73,383700,0.0,0.0
2024-03-07,13.81,13.89,13.79,13.85,369200,0.0,0.0
2024-03-08,13.83,13.83,13.58,13.6,508800,0.0,0.0
2024-03-11,13.72,13.83,13.72,13.78,477000,0.0,0.0
2024-03-12,13.83,13.87,13.65,13.74,328200,0.0,0.0
2024-03-13,13.83,13.83,13.65,13.65,390200,0.0,0.0
2024-03-14,13.63,13.81,13.56,13.61,335000,0.0,0.0
2024-03-15,13.65,13.68,13.53,13.6,370700,0.0,0.0
2024-03-18,13.6,13.7,13.59,13.61,371400,0.0,0.0
2024-03-19,13.55,13.75,13.55,13.74,515800,0.0,0.0
2024-03-20,13.64,13.77,13.64,13.75,353100,0.0,0.0
2024-03-21,13.78,13.78,13.59,13.67,480600,0.0,0.0
2024-03-22,13.59,13.72,13.59,13.67,994600,0.0,0.0
2024-03-25,13.51,13.55,13.4,13.5,410200,0.0,0.0
2024-03-26,13.5,13.58,13.48,13.51,376700,0.0,0.0
2024-03-27,13.69,13.73,13.46,13.51,302500,0.0,0.0
2024-03-28,13.33,13.47,13.33,13.42,698700,0.0,0.0
2024-04-01,13.33,13.38,13.19,13.29,555600,0.0,0.0
2024-04-02,13.16,13.21,13.1,13.16,993600,0.0,0.0
2024-04-03,12.68,12.75,12.64,12.74,676900,0.0,0.0
2024-04-04,12.76,12.84,12.64,12.67,660700,0.0,0.0
2024-04-05,12.59,12.63,12.56,12.61,512900,0.0,0.0
2024-04-08,12.74,12.86,12.72,12.79,479000,0.0,0.0
2024-04-09,12.74,12.79,12.7,12.75,356200,0.0,0.0
2024-04-10,12.59,12.59,12.42,12.47,406600,0.0,0.0
2024-04-11,12.39,12.44,12.32,12.42,771900,0.0,0.0
2024-04-12,12.3,12.44,12.26,12.26,474500,0.0,0.0
2024-04-15,12.26,12.3,12.03,12.04,1031900,0.0,0.0
2024-04-16,11.91,11.99,11.88,11.99,738700,0.0,0.0
2024-04-17,12.12,12.25,12.03,12.07,489400,0.0,0.0
2024-04-18,12.04,12.12,11.97,11.97,672600,0.0,0.0
2024-04-19,11.93,12.04,11.8,11.83,1230400,0.0,0.0
2024-04-22,12.07,12.12,11.91,11.98,434900,0.0,0.0
2024-04-23,11.95,11.97,11.87,11.93,628500,0.0,0.0
2024-04-24,11.93,11.96,11.85,11.89,298800,0.0,0.0
2024-04-25,11.69,11.76,11.62,11.74,1290600,0.0,0.0
2024-04-26,12.01,12.1,11.95,12.1,1511900,0.0,0.0
2024-04-29,12.15,12.2,12.1,12.2,749100,0.0,0.0
2024-04-30,12.18,12.18,12.01,12.03,1854000,0.0,0.0
2024-05-01,11.95,12.05,11.86,11.9,751300,0.0,0.0
2024-05-02,11.9,12.1,11.9,12.1,562600,0.0,0.0
2024-05-03,12.28,12.28,12.13,12.23,293500,0.0,0.0
2024-05-06,12.2,12.32,12.1,12.26,851200,0.0,0.0
2024-05-07,12.04,12.39,12.02,12.25,1457200,0.0,0.0
2024-05-08,11.73,11.78,11.6,11.61,2176700,0.0,0.0
2024-05-09,12.05,12.2,11.96,12.18,3748500,0.0,0.0
2024-05-10,12.43,12.53,12.34,12.46,2236700,0.0,0.0
2024-05-13,12.59,12.78,12.59,12.69,2125700,0.0,0.0
2024-05-14,13.25,13.41,13.2,13.32,2912700,0.0,0.0
2024-05-15,13.21,13.31,13.04,13.24,1624900,0.0,0.0
2024-05-16,13.59,13.65,13.5,13.51,6516100,0.0,0.0
2024-05-17,13.35,13.53,13.35,13.47,1768500,0.0,0.0
2024-05-20,13.38,13.38,13.14,13.21,1590000,0.0,0.0
2024-05-21,13.17,13.43,13.16,13.27,774300,0.0,0.0
2024-05-22,13.09,13.21,13.09,13.16,3964500,0.0,0.0
2024-05-23,13.13,13.17,12.85,12.88,1209300,0.0,0.0
2024-05-24,12.86,13.04,12.86,13.0,837500,0.0,0.0
2024-05-28,12.85,12.96,12.82,12.84,655500,0.0,0.0
2024-05-29,12.84,12.94,12.84,12.85,349700,0.0,0.0
2024-05-30,13.18,13.18,13.04,13.12,335100,0.0,0.0
2024-05-31,13.38,13.5,13.31,13.41,724600,0.0,0.0
2024-06-03,13.48,13.63,13.48,13.56,454000,0.0,0.0
2024-06-04,13.88,14.04,13.88,14.02,1203700,0.0,0.0
2024-06-05,13.85,13.98,13.82,13.91,350100,0.0,0.0
2024-06-06,13.92,14.01,13.86,13.91,330300,0.0,0.0
2024-06-07,13.83,13.83,13.72,13.73,340600,0.0,0.0
2024-06-10,13.62,13.79,13.61,13.78,581900,0.0,0.0
2024-06-11,13.64,13.73,13.5,13.55,511300,0.0,0.0
2024-06-12,13.49,13.63,13.44,13.48,701800,0.0,0.0
2024-06-13,13.11,13.19,13.03,13.08,598800,0.0,0.0
2024-06-14,13.18,13.27,13.17,13.22,513600,0.0,0.0
2024-06-17,13.04,13.28,13.04,13.2,469000,0.0,0.0
2024-06-18,13.62,13.71,13.49,13.62,818800,0.0,0.0
2024-06-20,13.25,13.33,13.09,13.13,654800,0.0,0.0
2024-06-21,13.09,13.12,13.06,13.09,320600,0.0,0.0
2024-06-24,13.13,13.22,13.09,13.1,272400,0.0,0.0
2024-06-25,13.32,13.33,13.24,13.3,404500,0.0,0.0
2024-06-26,13.36,13.38,13.19,13.22,296400,0.0,0.0
2024-06-27,13.18,13.23,13.16,13.21,283600,0.0,0.0
2024-06-28,13.15,13.18,13.08,13.13,494800,0.0,0.0
2024-07-01,13.43,13.43,13.29,13.31,287600,0.0,0.0
2024-07-02,13.63,13.65,13.45,13.62,1502300,0.0,0.0
2024-07-03,13.46,13.6,13.46,13.57,1159700,0.0,0.0
2024-07-05,13.65,13.7,13.49,13.61,318700,0.0,0.0
2024-07-08,13.5,13.53,13.43,13.46,281400,0.0,0.0
2024-07-09,13.58,13.78,13.58,13.59,276400,0.0,0.0
2024-07-10,13.64,13.83,13.64,13.83,930700,0.0,0.0
2024-07-11,13.96,14.09,13.92,13.92,406100,0.0,0.0
2024-07-12,13.8,13.96,13.8,13.92,392800,0.0,0.0
2024-07-15,13.97,13.97,13.83,13.85,335900,0.0,0.0
2024-07-16,13.66,13.76,13.58,13.72,563500,0.0,0.0
2024-07-17,13.61,13.66,13.55,13.59,836200,0.0,0.0
2024-07-18,13.48,13.59,13.41,13.46,1640500,0.0,0.0
2024-07-19,13.45,13.47,13.27,13.27,1035900,0.0,0.0
2024-07-22,13.38,13.47,13.37,13.44,1087800,0.0,0.0
2024-07-23,13.31,13.44,13.29,13.35,386100,0.0,0.0
2024-07-24,13.39,13.58,13.29,13.3,462600,0.0,0.0
2024-07-25,13.3,13.36,13.15,13.17,728200,0.0,0.0
2024-07-26,13.21,13.38,13.21,13.37,485700,0.0,0.0
2024-07-29,13.31,13.55,13.23,13.3,404600,0.0,0.0
2024-07-30,13.36,13.37,13.23,13.35,471200,0.0,0.0
2024-07-31,13.59,13.65,13.42,13.55,1221800,0.0,0.0
2024-08-01,13.27,13.33,12.91,13.05,964500,0.0,0.0
2024-08-02,12.23,12.23,11.7,11.74,2603300,0.0,0.0
2024-08-05,11.22,11.82,11.22,11.73,5740300,0.0,0.0
2024-08-06,12.67,12.67,12.29,12.43,2223700,0.0,0.0
2024-08-07,12.76,13.11,12.72,12.74,796900,0.0,0.0
2024-08-08,12.51,12.85,12.51,12.83,816000,0.0,0.0
2024-08-09,12.89,13.23,12.89,13.07,929200,0.0,0.0
2024-08-12,12.96,13.19,12.96,13.09,602500,0.0,0.0
2024-08-13,12.91,13.13,12.91,13.05,573000,0.0,0.0
2024-08-14,13.23,13.29,13.19,13.21,1037300,0.0,0.0
2024-08-15,13.21,13.26,13.07,13.26,394600,0.0,0.0
2024-08-16,13.28,13.51,13.28,13.41,417500,0.0,0.0
2024-08-19,13.46,13.71,13.46,13.6,328500,0.0,0.0
2024-08-20,13.71,13.71,13.53,13.68,230400,0.0,0.0
2024-08-21,13.78,14.04,13.77,14.04,602000,0.0,0.0
2024-08-22,13.89,14.07,13.84,13.84,359700,0.0,0.0
2024-08-23,13.77,14.04,13.77,14.04,387900,0.0,0.0
2024-08-26,13.78,13.91,13.78,13.83,264800,0.0,0.0
2024-08-27,13.78,13.83,13.59,13.74,240000,0.0,0.0
2024-08-28,13.7,13.7,13.45,13.47,284600,0.0,0.0
2024-08-29,13.41,13.56,13.33,13.36,330400,0.0,0.0
2024-08-30,13.38,13.54,13.35,13.43,310400,0.0,0.0
2024-09-03,13.49,13.5,13.09,13.13,517400,0.0,0.0
2024-09-04,12.94,13.19,12.94,13.19,495400,0.0,0.0
2024-09-05,13.28,13.35,13.26,13.31,582600,0.0,0.0
2024-09-06,13.33,13.38,13.11,13.13,403700,0.0,0.0
2024-09-09,13.13,13.41,13.13,13.35,501600,0.0,0.0
2024-09-10,13.13,13.29,13.13,13.28,421700,0.0,0.0
2024-09-11,13.11,13.26,13.04,13.26,353700,0.0,0.0
2024-09-12,13.25,13.33,13.15,13.32,214700,0.0,0.0
2024-09-13,13.31,13.31,13.18,13.19,248900,0.0,0.0
2024-09-16,13.27,13.38,13.21,13.3,300200,0.0,0.0
2024-09-17,13.34,13.38,13.14,13.16,346800,0.0,0.0
2024-09-18,13.13,13.32,13.05,13.11,431600,0.0,0.0
2024-09-19,13.38,13.49,13.27,13.31,516000,0.0,0.0
2024-09-20,13.36,13.36,13.16,13.2,857000,0.0,0.0
2024-09-23,13.13,13.28,13.09,13.22,573100,0.0,0.0
2024-09-24,13.33,13.33,13.17,13.23,381900,0.0,0.0
2024-09-25,13.22,13.22,12.99,13.04,454600,0.0,0.0
2024-09-26,13.6,13.73,13.52,13.72,377100,0.0,0.0
2024-09-27,13.53,13.6,13.31,13.36,461900,0.0,0.0
2024-09-30,13.33,13.33,13.17,13.21,376200,0.058,0.0
2024-10-01,13.21,13.38,13.04,13.26,578800,0.0,0.0
2024-10-02,13.19,13.19,13.03,13.08,850300,0.0,0.0
2024-10-03,13.02,13.1,12.99,13.02,1380400,0.0,0.0
2024-10-04,13.1,13.13,13.02,13.08,413600,0.0,0.0
2024-10-07,13.54,13.68,13.41,13.47,665400,0.0,0.0
2024-10-08,13.28,13.38,13.26,13.35,949900,0.0,0.0
2024-10-09,13.09,13.19,11.9,13.18,3499900,0.0,0.0
2024-10-10,13.29,13.29,13.09,13.21,942500,0.0,0.0
2024-10-11,13.08,13.28,13.08,13.13,641700,0.0,0.0
2024-10-14,13.04,13.19,13.04,13.07,464400,0.0,0.0
2024-10-15,13.06,13.15,12.99,13.01,773300,0.0,0.0
2024-10-16,13.09,13.27,13.09,13.22,1324600,0.0,0.0
2024-10-17,13.32,13.34,13.1,13.29,1841500,0.0,0.0
2024-10-18,13.11,13.39,13.11,13.37,605600,0.0,0.0
2024-10-21,13.31,13.37,13.19,13.23,583100,0.0,0.0
2024-10-22,13.03,13.31,13.01,13.12,346000,0.0,0.0
2024-10-23,13.01,13.29,12.98,13.03,395800,0.0,0.0
2024-10-24,13.04,13.24,13.04,13.12,265200,0.0,0.0
2024-10-25,12.96,13.18,12.91,13.0,390300,0.0,0.0
2024-10-28,13.14,13.19,13.03,13.19,417300,0.0,0.0
2024-10-29,13.28,13.29,13.1,13.13,423400,0.0,0.0
2024-10-30,13.15,13.15,13.03,13.07,540300,0.0,0.0
2024-10-31,13.15,13.15,13.04,13.11,405800,0.0,0.0
2024-11-01,13.09,13.09,12.91,12.96,413000,0.0,0.0
2024-11-04,13.02,13.13,12.91,12.99,492900,0.0,0.0
2024-11-05,12.47,12.94,12.4,12.76,1419100,0.0,0.0
2024-11-06,13.01,13.23,12.9,13.23,2218800,0.0,0.0
2024-11-07,13.22,13.45,13.08,13.39,2303100,0.0,0.0
2024-11-08,13.39,13.39,13.12,13.26,835700,0.0,0.0
2024-11-11,13.31,13.39,13.26,13.29,855700,0.0,0.0
2024-11-12,13.39,13.39,13.25,13.37,616000,0.0,0.0
2024-11-13,13.0,13.05,12.84,12.89,830000,0.0,0.0
2024-11-14,12.89,13.02,12.89,12.92,1447100,0.0,0.0
2024-11-15,13.02,13.29,13.02,13.13,1801400,0.0,0.0
2024-11-18,13.11,13.21,13.0,13.2,703800,0.0,0.0
2024-11-19,13.0,13.24,13.0,13.1,744100,0.0,0.0
2024-11-20,13.05,13.11,13.02,13.1,504400,0.0,0.0
2024-11-21,13.14,13.22,13.11,13.15,651600,0.0,0.0
2024-11-22,13.12,13.12,12.97,13.06,827600,0.0,0.0
2024-11-25,13.08,13.26,13.08,13.26,678500,0.0,0.0
2024-11-26,13.34,13.4,13.21,13.37,504400,0.0,0.0
2024-11-27,13.79,13.93,13.79,13.85,718200,0.0,0.0
2024-11-29,14.33,14.54,14.33,14.53,806800,0.0,0.0
2024-12-02,14.53,14.65,14.53,14.62,1302200,0.0,0.0
2024-12-03,14.7,14.83,14.7,14.8,754600,0.0,0.0
2024-12-04,14.93,15.25,14.92,15.22,2467100,0.0,0.0
2024-12-05,15.26,15.46,15.23,15.44,1869000,0.0,0.0
2024-12-06,14.96,15.12,14.9,15.08,2113100,0.0,0.0
2024-12-09,15.13,15.22,15.13,15.16,1300800,0.0,0.0
2024-12-10,14.88,14.88,14.73,14.83,2363300,0.0,0.0
2024-12-11,14.89,15.06,14.88,14.97,2223300,0.0,0.0
2024-12-12,14.88,15.03,14.79,14.86,1696100,0.0,0.0
2024-12-13,14.7,14.93,14.69,14.69,717700,0.0,0.0
2024-12-16,14.76,14.82,14.72,14.81,1053200,0.0,0.0
2024-12-17,15.33,15.36,15.23,15.23,782900,0.0,0.0
2024-12-18,15.08,15.08,14.66,14.66,510300,0.0,0.0
2024-12-19,14.84,15.01,14.84,14.93,598000,0.0,0.0
2024-12-20,14.46,14.63,14.34,14.58,1375900,0.0,0.0
2024-12-23,14.63,14.68,14.4,14.53,1707600,0.0,0.0
2024-12-24,14.42,14.62,14.41,14.53,366700,0.0,0.0
2024-12-26,14.52,14.66,14.51,14.52,413200,0.0,0.0
2024-12-27,14.56,14.85,14.54,14.56,427100,0.0,0.0
2024-12-30,14.53,14.56,14.43,14.5,421100,0.0,0.0
2024-12-31,14.55,14.56,14.28,14.51,257500,0.0,0.0
2025-01-02,14.51,14.68,14.37,14.56,892400,0.0,0.0
2025-01-03,14.48,14.75,14.39,14.57,957400,0.0,0.0
2025-01-06,14.57,14.61,14.33,14.42,1600600,0.0,0.0
2025-01-07,14.38,14.57,14.24,14.25,1020400,0.0,0.0
2025-01-08,13.98,14.02,13.83,13.92,1381800,0.0,0.0
2025-01-10,14.39,14.48,14.29,14.3,1040900,0.0,0.0
2025-01-13,14.29,14.48,14.24,14.34,914300,0.0,0.0
2025-01-14,14.72,14.72,14.55,14.66,1812000,0.0,0.0
2025-01-15,15.15,15.24,15.07,15.11,2432300,0.0,0.0
2025-01-16,15.37,15.64,15.22,15.51,3340200,0.0,0.0
2025-01-17,14.68,14.76,14.55,14.69,2221200,0.0,0.0
2025-01-21,14.49,14.57,14.38,14.56,2187400,0.0,0.0
2025-01-22,14.84,15.1,14.84,14.89,1538800,0.0,0.0
2025-01-23,15.03,15.31,15.03,15.22,731700,0.0,0.0
2025-01-24,15.62,15.87,15.58,15.72,3150500,0.0,0.0
2025-01-27,15.47,15.66,15.41,15.49,3152400,0.0,0.0
2025-01-28,16.37,16.45,16.26,16.33,4562000,0.0,0.0
2025-01-29,16.17,16.38,16.04,16.12,3323400,0.0,0.0
2025-01-30,16.75,16.76,16.52,16.56,3664400,0.0,0.0
2025-01-31,16.18,16.42,15.81,16.22,2436700,0.0,0.0
2025-02-03,16.12,16.44,16.12,16.36,2287700,0.0,0.0
2025-02-04,16.12,16.44,15.87,16.31,1478000,0.0,0.0
2025-02-05,17.19,17.31,17.02,17.11,2868800,0.0,0.0
2025-02-06,17.67,17.91,17.67,17.83,2703500,0.0,0.0
2025-02-07,17.64,17.75,17.35,17.41,1836100,0.0,0.0
2025-02-10,17.85,18.03,17.75,17.83,1714800,0.0,0.0
2025-02-11,17.85,17.85,17.66,17.71,2426500,0.0,0.0
2025-02-12,17.72,17.83,17.35,17.58,3142700,0.0,0.0
2025-02-13,17.94,18.27,17.94,18.23,1404100,0.0,0.0
2025-02-14,18.25,18.35,18.14,18.3,3202100,0.0,0.0
2025-02-18,18.59,18.77,18.59,18.75,4315700,0.0,0.0
2025-02-19,19.02,19.31,19.02,19.25,9828100,0.0,0.0
2025-02-20,19.08,19.17,18.91,19.12,7482500,0.0,0.0
2025-02-21,18.87,19.09,18.86,18.97,5377900,0.0,0.0
2025-02-24,18.76,18.96,18.76,18.84,2003100,0.0,0.0
2025-02-25,18.75,19.0,18.75,18.86,4338500,0.0,0.0
2025-02-26,18.46,18.62,18.38,18.52,2870700,0.0,0.0
2025-02-27,18.89,18.89,18.59,18.64,699000,0.0,0.0
2025-02-28,18.21,18.44,18.21,18.43,1516000,0.0,0.0
2025-03-03,18.1,18.43,18.08,18.24,1238300,0.0,0.0
2025-03-04,18.12,18.48,18.1,18.25,1901200,0.0,0.0
2025-03-05,18.49,18.69,18.41,18.67,898600,0.0,0.0
2025-03-06,18.84,18.92,18.58,18.58,2157800,0.0,0.0
2025-03-07,17.36,17.53,17.17,17.5,1339700,0.0,0.0
2025-03-10,16.66,16.75,16.42,16.53,1939900,0.0,0.0
2025-03-11,16.96,17.0,16.72,16.88,1428700,0.0,0.0
2025-03-12,16.9,17.2,16.9,17.01,1644500,0.0,0.0
2025-03-13,16.91,17.08,16.91,17.01,1075700,0.0,0.0
2025-03-14,17.1,17.39,17.03,17.39,892300,0.0,0.0
2025-03-17,17.29,17.35,17.13,17.24,892500,0.0,0.0
2025-03-18,17.18,17.18,16.9,17.11,1521500,0.0,0.0
2025-03-19,17.5,17.85,17.36,17.68,1190100,0.0,0.0
2025-03-20,17.81,17.81,17.55,17.62,545600,0.0,0.0
2025-03-21,18.06,18.09,17.89,18.03,393000,0.0,0.0
2025-03-24,17.8,17.81,17.61,17.71,865400,0.0,0.0
2025-03-25,17.83,18.0,17.81,17.87,621100,0.0,0.0
2025-03-26,18.62,18.76,18.35,18.42,908200,0.0,0.0
2025-03-27,18.04,18.36,17.98,18.1,1251000,0.0,0.0
2025-03-28,17.95,17.96,17.76,17.79,1434200,0.0,0.0
2025-03-31,17.05,17.19,16.8,17.17,3069900,0.147,0.0
2025-04-01,17.17,17.33,16.95,17.14,8021400,0.0,0.0
2025-04-02,17.58,17.79,17.29,17.36,5357900,0.0,0.0
2025-04-03,17.06,17.1,16.59,16.71,9977000,0.0,0.0
2025-04-04,16.65,16.71,15.25,15.89,3303400,0.0,0.0
2025-04-07,15.52,16.5,15.3,16.12,2434800,0.0,0.0
2025-04-08,17.0,17.36,16.27,16.43,1836300,0.0,0.0
2025-04-09,15.87,17.65,15.75,17.48,5201100,0.0,0.0
2025-04-10,17.4,17.67,16.95,17.14,3867700,0.0,0.0
2025-04-11,17.66,17.66,17.16,17.45,1373700,0.0,0.0
2025-04-14,18.02,18.28,17.91,18.22,1274700,0.0,0.0
2025-04-15,18.1,18.19,17.77,17.91,1180900,0.0,0.0
2025-04-16,17.8,17.81,17.34,17.5,1206200,0.0,0.0
2025-04-17,18.24,18.24,17.98,18.06,1217700,0.0,0.0
2025-04-21,18.14,18.21,17.95,17.97,948900,0.0,0.0
2025-04-22,18.16,18.35,18.08,18.19,1178300,0.0,0.0
2025-04-23,18.4,18.73,18.4,18.52,1196700,0.0,0.0
2025-04-24,19.55,19.86,19.55,19.82,3617700,0.0,0.0
2025-04-25,19.76,19.9,19.7,19.88,967200,0.0,0.0
2025-04-28,20.0,20.27,19.93,20.27,1134100,0.0,0.0
2025-04-29,20.2,20.33,20.2,20.23,754700,0.0,0.0
2025-04-30,20.5,20.88,20.31,20.84,1408200,0.0,0.0
2025-05-01,21.02,21.12,20.9,20.9,912500,0.0,0.0
2025-05-02,21.47,21.73,21.12,21.69,1739100,0.0,0.0
2025-05-05,21.49,21.9,21.49,21.9,846500,0.0,0.0
2025-05-06,22.08,22.08,21.55,21.7,1212900,0.0,0.0
2025-05-07,21.49,21.64,21.35,21.52,1007700,0.0,0.0
2025-05-08,20.5,21.55,19.15,20.9,4106600,0.0,0.0
2025-05-09,20.47,20.47,20.1,20.12,1823500,0.0,0.0
2025-05-12,20.25,20.28,19.83,20.09,1108300,0.0,0.0
2025-05-13,20.61,20.69,20.27,20.56,880100,0.0,0.0
2025-05-14,20.0,20.1,19.67,19.74,800700,0.0,0.0
2025-05-15,19.52,19.75,19.41,19.64,467600,0.0,0.0
2025-05-16,19.8,20.17,19.8,20.07,992200,0.0,0.0
2025-05-19,19.9,20.01,19.85,19.95,2370800,0.0,0.0
2025-05-20,19.99,19.99,19.77,19.9,572300,0.0,0.0
2025-05-21,19.69,19.75,19.36,19.4,606300,0.0,0.0
2025-05-22,19.48,19.65,19.35,19.5,442800,0.0,0.0
2025-05-23,20.08,20.55,20.08,20.5,903000,0.0,0.0
2025-05-27,21.05,21.45,20.9,21.01,5127200,0.0,0.0
2025-05-28,21.01,21.27,20.87,20.89,1237800,0.0,0.0
2025-05-29,21.0,21.48,20.93,21.02,1638200,0.0,0.0
2025-05-30,20.44,20.67,20.23,20.44,1070100,0.0,0.0
2025-06-02,20.46,20.63,20.3,20.44,3109300,0.0,0.0
2025-06-03,20.5,20.54,20.3,20.44,1102400,0.0,0.0
2025-06-04,20.75,21.33,20.75,20.98,1483500,0.0,0.0
2025-06-05,20.56,20.86,20.5,20.68,2314900,0.0,0.0
2025-06-06,20.69,20.8,20.64,20.73,1341600,0.0,0.0
2025-06-09,20.87,20.99,20.8,20.95,1109000,0.0,0.0
2025-06-10,20.94,20.94,20.72,20.89,590400,0.0,0.0
2025-06-11,20.2,20.26,20.11,20.17,964800,0.0,0.0
2025-06-12,20.6,20.6,20.33,20.49,722000,0.0,0.0
2025-06-13,20.4,20.93,20.4,20.72,4188200,0.0,0.0
2025-06-16,20.76,20.85,20.61,20.72,1151900,0.0,0.0
2025-06-17,21.34,21.7,21.25,21.57,2613000,0.0,0.0
2025-06-18,22.58,22.97,22.5,22.89,3578400,0.0,0.0
2025-06-20,22.19,22.22,21.75,21.96,3739000,0.0,0.0
2025-06-23,21.65,21.75,21.54,21.75,1414500,0.0,0.0
2025-06-24,22.03,22.27,22.03,22.25,1219000,0.0,0.0
2025-06-25,22.8,22.98,22.56,22.74,3369500,0.0,0.0
2025-06-26,23.01,23.37,23.01,23.23,2448400,0.0,0.0
2025-06-27,23.63,23.69,23.41,23.64,2325100,0.0,0.0
2025-06-30,23.93,24.09,23.86,24.02,1706100,0.0,0.0
2025-07-01,23.5,23.5,23.06,23.11,1654100,0.0,0.0
2025-07-02,22.5,22.82,22.32,22.82,3639000,0.0,0.0
2025-07-03,22.71,22.87,22.55,22.75,387200,0.0,0.0
2025-07-07,22.57,22.81,22.36,22.54,1034900,0.0,0.0
2025-07-08,22.2,22.48,22.15,22.35,1183800,0.0,0.0
2025-07-09,22.15,22.32,22.05,22.13,955300,0.0,0.0
2025-07-10,21.45,21.76,21.41,21.73,709500,0.0,0.0
2025-07-11,21.46,21.51,21.36,21.4,1002800,0.0,0.0
2025-07-14,21.03,21.34,21.03,21.14,1198100,0.0,0.0
2025-07-15,21.32,21.34,20.99,20.99,866200,0.0,0.0
2025-07-16,21.15,21.7,21.08,21.69,2332100,0.0,0.0
2025-07-17,21.8,22.05,21.69,22.01,1525300,0.0,0.0
2025-07-18,21.81,21.98,21.71,21.95,4567500,0.0,0.0
2025-07-21,21.96,22.35,21.96,22.21,1757700,0.0,0.0
2025-07-22,21.88,21.88,21.64,21.65,5260200,0.0,0.0
2025-07-23,21.84,22.24,21.81,22.16,1134600,0.0,0.0
2025-07-24,22.36,22.45,22.25,22.27,1397500,0.0,0.0
2025-07-25,22.04,22.08,21.65,21.82,484100,0.0,0.0
2025-07-28,21.58,21.66,21.38,21.4,583100,0.0,0.0
2025-07-29,21.56,21.72,21.43,21.57,611700,0.0,0.0
2025-07-30,21.42,21.56,21.32,21.46,1341500,0.0,0.0
2025-07-31,21.18,21.27,20.97,21.0,1787200,0.0,0.0
2025-08-01,21.18,21.33,20.31,21.01,1752700,0.0,0.0
2025-08-04,22.31,22.69,22.28,22.63,1296300,0.0,0.0
2025-08-05,22.51,22.77,22.51,22.7,2369400,0.0,0.0
2025-08-06,22.74,22.96,22.62,22.95,954000,0.0,0.0
2025-08-07,23.23,23.47,23.23,23.47,2268700,0.0,0.0
2025-08-08,24.12,24.5,24.09,24.49,1565800,0.0,0.0
2025-08-11,24.49,24.52,24.21,24.28,912000,0.0,0.0
2025-08-12,23.82,24.08,23.82,23.84,2675900,0.0,0.0
2025-08-13,23.91,24.14,23.91,24.07,1498000,0.0,0.0
2025-08-14,24.02,24.22,23.94,24.15,664900,0.0,0.0
2025-08-15,24.22,24.46,24.22,24.43,1558900,0.0,0.0
2025-08-18,24.78,24.92,24.74,24.89,1010400,0.0,0.0
2025-08-19,24.28,24.28,23.99,24.14,769200,0.0,0.0
2025-08-20,23.27,23.49,23.22,23.29,992800,0.0,0.0
2025-08-21,23.11,23.19,23.0,23.12,467800,0.0,0.0
2025-08-22,23.01,23.7,23.01,23.59,1077300,0.0,0.0
2025-08-25,23.47,23.48,23.14,23.19,1036400,0.0,0.0
2025-08-26,23.07,23.07,22.83,22.92,495800,0.0,0.0
2025-08-27,22.5,22.61,22.39,22.56,638600,0.0,0.0
2025-08-28,22.57,22.94,22.57,22.84,1146500,0.0,0.0
2025-08-29,22.79,22.79,22.33,22.34,528000,0.0,0.0
2025-09-02,22.0,22.07,21.83,22.0,669600,0.0,0.0
2025-09-03,22.02,22.23,22.02,22.12,614500,0.0,0.0
2025-09-04,22.23,22.55,22.23,22.52,483200,0.0,0.0
2025-09-05,22.55,22.55,22.27,22.46,1350900,0.0,0.0
2025-09-08,23.31,23.5,23.16,23.49,653400,0.0,0.0
2025-09-09,23.41,23.42,23.1,23.4,1223500,0.0,0.0
2025-09-10,23.23,23.59,23.23,23.27,1489400,0.0,0.0
2025-09-11,23.74,24.29,23.74,24.25,2156400,0.0,0.0
2025-09-12,24.0,24.22,23.69,23.69,5253000,0.0,0.0
2025-09-15,24.06,24.11,23.51,23.85,5111900,0.0,0.0
2025-09-16,23.39,23.66,23.23,23.55,2850500,0.0,0.0
2025-09-17,23.2,23.2,22.45,22.72,1382600,0.0,0.0
2025-09-18,22.2,22.42,22.09,22.09,1294200,0.0,0.0
2025-09-19,21.57,21.86,21.55,21.84,1358600,0.0,0.0
2025-09-22,21.61,21.65,21.42,21.61,1216600,0.0,0.0
2025-09-23,21.5,21.67,21.5,21.55,576000,0.0,0.0
2025-09-24,21.92,22.07,21.82,21.88,677600,0.0,0.0
2025-09-25,21.48,21.6,21.3,21.31,825700,0.0,0.0
2025-09-26,21.47,21.74,21.47,21.66,722300,0.0,0.0
2025-09-29,21.55,21.66,21.4,21.57,687800,0.0,0.0
2025-09-30,21.49,21.59,21.3,21.34,1303800,0.0,0.0
2025-10-01,21.98,22.16,21.89,21.96,910800,0.0,0.0
2025-10-02,21.51,21.8,21.44,21.48,933700,0.0,0.0
2025-10-03,21.52,21.56,21.41,21.46,692200,0.0,0.0
2025-10-06,21.49,21.54,21.39,21.39,694500,0.0,0.0
2025-10-07,21.41,21.47,21.2,21.2,680700,0.0,0.0
2025-10-08,21.17,21.17,21.01,21.14,866700,0.0,0.0
2025-10-09,20.77,20.77,20.44,20.48,833200,0.0,0.0
2025-10-10,20.25,20.25,19.55,19.6,1688800,0.0,0.0
2025-10-13,20.0,20.09,19.76,19.84,960600,0.0,0.0
2025-10-14,20.46,20.58,20.2,20.45,1011400,0.0,0.0
2025-10-15,20.53,20.74,20.53,20.61,654300,0.0,0.0
2025-10-16,19.93,20.19,19.91,20.1,958800,0.0,0.0
2025-10-17,20.8,21.07,20.75,20.94,1151100,0.0,0.0
2025-10-20,21.41,21.46,21.26,21.3,887000,0.0,0.0
2025-10-21,21.89,21.89,21.65,21.71,1114300,0.0,0.0
2025-10-22,21.59,21.65,21.29,21.34,1092200,0.0,0.0
2025-10-23,21.35,21.47,21.23,21.34,713500,0.0,0.0
2025-10-24,21.08,21.08,20.85,20.9,1044300,0.0,0.0
2025-10-27,21.3,21.3,21.14,21.2,685800,0.0,0.0
2025-10-28,21.31,21.72,21.27,21.65,3446000,0.0,0.0
2025-10-29,21.46,21.46,21.04,21.15,1907900,0.0,0.0
2025-10-30,21.04,21.04,20.78,20.83,1279100,0.0,0.0
2025-10-31,21.0,21.57,21.0,21.44,1202600,0.0,0.0
2025-11-03,21.42,21.69,21.31,21.63,2043500,0.0,0.0
2025-11-04,22.25,22.75,22.04,22.14,2457800,0.0,0.0
2025-11-05,22.4,22.48,21.83,22.0,1952700,0.0,0.0
2025-11-06,22.78,22.89,22.47,22.61,1545100,0.0,0.0
2025-11-07,22.33,22.52,22.0,22.4,1290900,0.0,0.0
2025-11-10,21.85,21.95,21.58,21.93,577300,0.0,0.0
2025-11-11,21.86,22.18,21.86,22.12,1292000,0.0,0.0
2025-11-12,22.25,22.54,22.25,22.48,766400,0.0,0.0
2025-11-13,21.96,22.12,21.64,21.65,1139900,0.0,0.0
2025-11-14,21.24,22.6,21.23,21.86,1378500,0.0,0.0
2025-11-17,21.6,21.84,21.22,21.34,787200,0.0,0.0
2025-11-18,21.33,21.48,21.05,21.22,837700,0.0,0.0
2025-11-19,20.9,21.14,20.8,20.93,649700,0.0,0.0
2025-11-20,20.95,21.26,20.68,20.73,823500,0.0,0.0
2025-11-21,21.17,21.27,20.97,21.17,984700,0.0,0.0
2025-11-24,21.32,21.44,20.92,21.35,650200,0.0,0.0
2025-11-25,21.17,21.17,20.87,21.11,785200,0.0,0.0
2025-11-26,20.86,21.32,20.86,21.22,912400,0.0,0.0
2025-11-28,21.42,21.42,21.03,21.16,755600,0.0,0.0
2025-12-01,20.94,21.11,20.88,20.96,1005900,0.0,0.0
2025-12-02,20.72,20.75,20.49,20.59,952400,0.0,0.0
2025-12-03,20.1,20.51,20.1,20.28,1101300,0.0,0.0
2025-12-04,20.59,20.9,20.5,20.58,1003400,0.0,0.0
2025-12-05,20.07,20.29,19.83,19.94,3056600,0.0,0.0
2025-12-08,19.71,19.92,19.6,19.61,2218800,0.0,0.0
2025-12-09,18.89,19.07,18.84,18.9,2695200,0.0,0.0
2025-12-10,18.39,18.58,18.35,18.53,1799900,0.0,0.0
2025-12-11,18.43,18.68,18.42,18.6,1874500,0.0,0.0
2025-12-12,18.95,18.95,18.38,18.56,2040700,0.0,0.0
2025-12-15,18.5,18.68,18.29,18.32,1478500,0.0,0.0
2025-12-16,18.4,18.4,18.16,18.16,1966500,0.0,0.0
2025-12-17,18.0,18.02,17.62,17.65,2219300,0.0,0.0
2025-12-18,17.58,17.71,17.53,17.55,1660900,0.0,0.0
2025-12-19,17.1,17.19,16.95,17.01,2592900,0.0,0.0
2025-12-22,16.42,16.83,16.35,16.7,2862000,0.0,0.0
2025-12-23,16.72,16.87,16.66,16.7,3321900,0.0,0.0
2025-12-24,16.62,16.78,16.57,16.7,1571600,0.0,0.0
2025-12-26,17.16,17.27,17.12,17.15,1439400,0.0,0.0
2025-12-29,17.08,17.25,17.01,17.11,2228800,0.0,0.0
2025-12-30,16.92,16.97,16.83,16.85,1026200,0.0,0.0
2025-12-31,16.75,17.07,16.64,16.86,904100,0.0,0.0
2026-01-02,16.86,17.15,16.75,16.85,1866500,0.0,0.0
